operator_name,kernel_name,variant_index,mapping_status,input_shapes,input_dtypes,candidate_operators,kernel_event_count,kernel_time_us
null,fused_moe_kernel,1,missing_external_id,null,null,null,20480,1178503.439
vllm::moe_forward_shared,fused_moe_kernel,2,operator_shape_matched,"[[8192,2048],[8192,2048],[8192,2048],[],[],[]]","[""c10::BFloat16"",""c10::BFloat16"",""c10::BFloat16"","""","""",""Scalar""]",null,2480,767770.081
vllm::moe_forward_shared,fused_moe_kernel,3,operator_shape_matched,"[[5089,2048],[5089,2048],[5089,2048],[],[],[]]","[""c10::BFloat16"",""c10::BFloat16"",""c10::BFloat16"","""","""",""Scalar""]",null,80,18096.657
vllm::moe_forward_shared,fused_moe_kernel,4,operator_shape_matched,"[[4096,2048],[4096,2048],[4096,2048],[],[],[]]","[""c10::BFloat16"",""c10::BFloat16"",""c10::BFloat16"","""","""",""Scalar""]",null,80,15624.839
vllm::unified_attention_with_output,kernel_unified_attention,1,operator_shape_matched,"[[8192,8,256],[8192,1,256],[8192,1,256],[8192,8,256],[],[],[],[0]]","[""c10::BFloat16"",""c10::BFloat16"",""c10::BFloat16"",""c10::BFloat16"","""","""","""",""c10::BFloat16""]",null,310,561275.4
null,kernel_unified_attention,2,missing_external_id,null,null,null,2560,253793.457
vllm::unified_attention_with_output,kernel_unified_attention,3,operator_shape_matched,"[[5089,8,256],[5089,1,256],[5089,1,256],[5089,8,256],[],[],[],[0]]","[""c10::BFloat16"",""c10::BFloat16"",""c10::BFloat16"",""c10::BFloat16"","""","""","""",""c10::BFloat16""]",null,10,13406.867
vllm::unified_attention_with_output,kernel_unified_attention,4,operator_shape_matched,"[[4096,8,256],[4096,1,256],[4096,1,256],[4096,8,256],[],[],[],[0]]","[""c10::BFloat16"",""c10::BFloat16"",""c10::BFloat16"",""c10::BFloat16"","""","""","""",""c10::BFloat16""]",null,10,9331.806
aten::mm,mm_kernel_general_host_tma,1,operator_shape_matched,"[[8192,2048],[2048,6144],[8192,6144]]","[""c10::BFloat16"",""c10::BFloat16"",""c10::BFloat16""]",null,930,294820.362
null,mm_kernel_general_host_tma,2,missing_external_id,null,null,null,28160,258671.554
aten::mm,mm_kernel_general_host_tma,3,operator_shape_matched,"[[8192,2048],[2048,2048],[8192,2048]]","[""c10::BFloat16"",""c10::BFloat16"",""c10::BFloat16""]",null,1240,139631.202
aten::mm,mm_kernel_general_host_tma,4,operator_shape_matched,"[[8192,2048],[2048,4608],[8192,4608]]","[""c10::BFloat16"",""c10::BFloat16"",""c10::BFloat16""]",null,310,75677.909
aten::mm,mm_kernel_general_host_tma,5,operator_shape_matched,"[[8192,2048],[2048,32],[8192,32]]","[""c10::BFloat16"",""c10::BFloat16"",""c10::BFloat16""]",null,930,16966.754
aten::mm,mm_kernel_general_host_tma,6,operator_shape_matched,"[[5089,2048],[2048,6144],[5089,6144]]","[""c10::BFloat16"",""c10::BFloat16"",""c10::BFloat16""]",null,30,6220.349
aten::mm,mm_kernel_general_host_tma,7,operator_shape_matched,"[[4096,2048],[2048,6144],[4096,6144]]","[""c10::BFloat16"",""c10::BFloat16"",""c10::BFloat16""]",null,30,4899.814
aten::mm,mm_kernel_general_host_tma,8,operator_shape_matched,"[[5089,2048],[2048,2048],[5089,2048]]","[""c10::BFloat16"",""c10::BFloat16"",""c10::BFloat16""]",null,40,3065.018
aten::mm,mm_kernel_general_host_tma,9,operator_shape_matched,"[[4096,2048],[2048,2048],[4096,2048]]","[""c10::BFloat16"",""c10::BFloat16"",""c10::BFloat16""]",null,40,2146.95
aten::mm,mm_kernel_general_host_tma,10,operator_shape_matched,"[[5089,2048],[2048,4608],[5089,4608]]","[""c10::BFloat16"",""c10::BFloat16"",""c10::BFloat16""]",null,10,1487.328
aten::mm,mm_kernel_general_host_tma,11,operator_shape_matched,"[[4096,2048],[2048,4608],[4096,4608]]","[""c10::BFloat16"",""c10::BFloat16"",""c10::BFloat16""]",null,10,1243.48
aten::mm,mm_kernel_general_host_tma,12,operator_shape_matched,"[[5089,2048],[2048,32],[5089,32]]","[""c10::BFloat16"",""c10::BFloat16"",""c10::BFloat16""]",null,30,316.521
aten::mm,mm_kernel_general_host_tma,13,operator_shape_matched,"[[4096,2048],[2048,32],[4096,32]]","[""c10::BFloat16"",""c10::BFloat16"",""c10::BFloat16""]",null,30,292.133
vllm::flashinfer_trtllm_fused_allreduce_norm,"void flashinfer::trtllm_allreduce_fusion::allreduce_fusion_kernel_oneshot_lamport<(flashinfer::trtllm_allreduce_fusion::AllReduceFusionPattern)1, __nv_bfloat16, 2, true, true>(flashinfer::trtllm_allreduce_fusion::AllReduceFusionParams<__nv_bfloat16>)",1,operator_shape_matched,"[[8192,2048],[8192,2048],[2048],[],[],[],[],[],[],[],[],[],[],[]]","[""c10::BFloat16"",""c10::BFloat16"",""c10::BFloat16"",""Scalar"",""Scalar"",""Scalar"",""Scalar"",""Scalar"",""Scalar"","""","""","""","""",""Scalar""]",null,1240,257114.651
null,"void flashinfer::trtllm_allreduce_fusion::allreduce_fusion_kernel_oneshot_lamport<(flashinfer::trtllm_allreduce_fusion::AllReduceFusionPattern)1, __nv_bfloat16, 2, true, true>(flashinfer::trtllm_allreduce_fusion::AllReduceFusionParams<__nv_bfloat16>)",2,missing_external_id,null,null,null,10240,75194.427
vllm::flashinfer_trtllm_fused_allreduce_norm,"void flashinfer::trtllm_allreduce_fusion::allreduce_fusion_kernel_oneshot_lamport<(flashinfer::trtllm_allreduce_fusion::AllReduceFusionPattern)1, __nv_bfloat16, 2, true, true>(flashinfer::trtllm_allreduce_fusion::AllReduceFusionParams<__nv_bfloat16>)",3,operator_shape_matched,"[[5089,2048],[5089,2048],[2048],[],[],[],[],[],[],[],[],[],[],[]]","[""c10::BFloat16"",""c10::BFloat16"",""c10::BFloat16"",""Scalar"",""Scalar"",""Scalar"",""Scalar"",""Scalar"",""Scalar"","""","""","""","""",""Scalar""]",null,40,5197.737
vllm::flashinfer_trtllm_fused_allreduce_norm,"void flashinfer::trtllm_allreduce_fusion::allreduce_fusion_kernel_oneshot_lamport<(flashinfer::trtllm_allreduce_fusion::AllReduceFusionPattern)1, __nv_bfloat16, 2, true, true>(flashinfer::trtllm_allreduce_fusion::AllReduceFusionParams<__nv_bfloat16>)",4,operator_shape_matched,"[[4096,2048],[4096,2048],[2048],[],[],[],[],[],[],[],[],[],[],[]]","[""c10::BFloat16"",""c10::BFloat16"",""c10::BFloat16"",""Scalar"",""Scalar"",""Scalar"",""Scalar"",""Scalar"",""Scalar"","""","""","""","""",""Scalar""]",null,40,4187.994
null,_fused_recurrent_gated_delta_rule_packed_decode_kernel_fp32_beta,1,missing_external_id,null,null,null,7680,327245.242
vllm::qwen_gdn_attention_core,"void cutlass::device_kernel<flat::kernel::FlatKernelTmaWarpSpecializedDeltaRule<flat::collective::FlatMainloopTmaWarpSpecializedDeltaRule<cutlass::bfloat16_t, float, float, cute::tuple<cute::C<64>, cute::C<64>, cute::C<128> >, cute::tuple<long, cute::C<1>, int>, cute::tuple<long, cute::C<1>, int>, cute::tuple<long, cute::C<1>, int>, cute::tuple<long, cute::C<1>, int>, std::tuple<flat::kernel::Option<(flat::kernel::Tag)1, cute::C<true> >, flat::kernel::Option<(flat::kernel::Tag)11, cute::C<true> >, flat::kernel::Option<(flat::kernel::Tag)10, cute::C<true> >, flat::kernel::Option<(flat::kernel::Tag)9, cute::C<true> >, flat::kernel::Option<(flat::kernel::Tag)12, cute::C<true> >, flat::kernel::Option<(flat::kernel::Tag)13, cute::C<false> > > >, flat::kernel::IndividualTileScheduler<flat::kernel::GVATag>, std::tuple<flat::kernel::Option<(flat::kernel::Tag)1, cute::C<true> >, flat::kernel::Option<(flat::kernel::Tag)11, cute::C<true> >, flat::kernel::Option<(flat::kernel::Tag)10, cute::C<true> >, flat::kernel::Option<(flat::kernel::Tag)9, cute::C<true> >, flat::kernel::Option<(flat::kernel::Tag)12, cute::C<true> >, flat::kernel::Option<(flat::kernel::Tag)13, cute::C<false> > > > >(flat::kernel::FlatKernelTmaWarpSpecializedDeltaRule<flat::collective::FlatMainloopTmaWarpSpecializedDeltaRule<cutlass::bfloat16_t, float, float, cute::tuple<cute::C<64>, cute::C<64>, cute::C<128> >, cute::tuple<long, cute::C<1>, int>, cute::tuple<long, cute::C<1>, int>, cute::tuple<long, cute::C<1>, int>, cute::tuple<long, cute::C<1>, int>, std::tuple<flat::kernel::Option<(flat::kernel::Tag)1, cute::C<true> >, flat::kernel::Option<(flat::kernel::Tag)11, cute::C<true> >, flat::kernel::Option<(flat::kernel::Tag)10, cute::C<true> >, flat::kernel::Option<(flat::kernel::Tag)9, cute::C<true> >, flat::kernel::Option<(flat::kernel::Tag)12, cute::C<true> >, flat::kernel::Option<(flat::kernel::Tag)13, cute::C<false> > > >, flat::kernel::IndividualTileScheduler<flat::kernel::GVATag>, std::tuple<flat::kernel::Option<(flat::kernel::Tag)1, cute::C<true> >, flat::kernel::Option<(flat::kernel::Tag)11, cute::C<true> >, flat::kernel::Option<(flat::kernel::Tag)10, cute::C<true> >, flat::kernel::Option<(flat::kernel::Tag)9, cute::C<true> >, flat::kernel::Option<(flat::kernel::Tag)12, cute::C<true> >, flat::kernel::Option<(flat::kernel::Tag)13, cute::C<false> > > >::Params)",1,operator_shape_matched,"[[8192,4096],[8192,16],[8192,16],[8192,16,128],[],[]]","[""c10::BFloat16"",""c10::BFloat16"",""c10::BFloat16"",""c10::BFloat16"","""",""Scalar""]",null,930,183883.988
vllm::qwen_gdn_attention_core,"void cutlass::device_kernel<flat::kernel::FlatKernelTmaWarpSpecializedDeltaRule<flat::collective::FlatMainloopTmaWarpSpecializedDeltaRule<cutlass::bfloat16_t, float, float, cute::tuple<cute::C<64>, cute::C<64>, cute::C<128> >, cute::tuple<long, cute::C<1>, int>, cute::tuple<long, cute::C<1>, int>, cute::tuple<long, cute::C<1>, int>, cute::tuple<long, cute::C<1>, int>, std::tuple<flat::kernel::Option<(flat::kernel::Tag)1, cute::C<true> >, flat::kernel::Option<(flat::kernel::Tag)11, cute::C<true> >, flat::kernel::Option<(flat::kernel::Tag)10, cute::C<true> >, flat::kernel::Option<(flat::kernel::Tag)9, cute::C<true> >, flat::kernel::Option<(flat::kernel::Tag)12, cute::C<true> >, flat::kernel::Option<(flat::kernel::Tag)13, cute::C<false> > > >, flat::kernel::IndividualTileScheduler<flat::kernel::GVATag>, std::tuple<flat::kernel::Option<(flat::kernel::Tag)1, cute::C<true> >, flat::kernel::Option<(flat::kernel::Tag)11, cute::C<true> >, flat::kernel::Option<(flat::kernel::Tag)10, cute::C<true> >, flat::kernel::Option<(flat::kernel::Tag)9, cute::C<true> >, flat::kernel::Option<(flat::kernel::Tag)12, cute::C<true> >, flat::kernel::Option<(flat::kernel::Tag)13, cute::C<false> > > > >(flat::kernel::FlatKernelTmaWarpSpecializedDeltaRule<flat::collective::FlatMainloopTmaWarpSpecializedDeltaRule<cutlass::bfloat16_t, float, float, cute::tuple<cute::C<64>, cute::C<64>, cute::C<128> >, cute::tuple<long, cute::C<1>, int>, cute::tuple<long, cute::C<1>, int>, cute::tuple<long, cute::C<1>, int>, cute::tuple<long, cute::C<1>, int>, std::tuple<flat::kernel::Option<(flat::kernel::Tag)1, cute::C<true> >, flat::kernel::Option<(flat::kernel::Tag)11, cute::C<true> >, flat::kernel::Option<(flat::kernel::Tag)10, cute::C<true> >, flat::kernel::Option<(flat::kernel::Tag)9, cute::C<true> >, flat::kernel::Option<(flat::kernel::Tag)12, cute::C<true> >, flat::kernel::Option<(flat::kernel::Tag)13, cute::C<false> > > >, flat::kernel::IndividualTileScheduler<flat::kernel::GVATag>, std::tuple<flat::kernel::Option<(flat::kernel::Tag)1, cute::C<true> >, flat::kernel::Option<(flat::kernel::Tag)11, cute::C<true> >, flat::kernel::Option<(flat::kernel::Tag)10, cute::C<true> >, flat::kernel::Option<(flat::kernel::Tag)9, cute::C<true> >, flat::kernel::Option<(flat::kernel::Tag)12, cute::C<true> >, flat::kernel::Option<(flat::kernel::Tag)13, cute::C<false> > > >::Params)",2,operator_shape_matched,"[[4096,4096],[4096,16],[4096,16],[4096,16,128],[],[]]","[""c10::BFloat16"",""c10::BFloat16"",""c10::BFloat16"",""c10::BFloat16"","""",""Scalar""]",null,30,6235.233
vllm::qwen_gdn_attention_core,"void cutlass::device_kernel<flat::kernel::FlatKernelTmaWarpSpecializedDeltaRule<flat::collective::FlatMainloopTmaWarpSpecializedDeltaRule<cutlass::bfloat16_t, float, float, cute::tuple<cute::C<64>, cute::C<64>, cute::C<128> >, cute::tuple<long, cute::C<1>, int>, cute::tuple<long, cute::C<1>, int>, cute::tuple<long, cute::C<1>, int>, cute::tuple<long, cute::C<1>, int>, std::tuple<flat::kernel::Option<(flat::kernel::Tag)1, cute::C<true> >, flat::kernel::Option<(flat::kernel::Tag)11, cute::C<true> >, flat::kernel::Option<(flat::kernel::Tag)10, cute::C<true> >, flat::kernel::Option<(flat::kernel::Tag)9, cute::C<true> >, flat::kernel::Option<(flat::kernel::Tag)12, cute::C<true> >, flat::kernel::Option<(flat::kernel::Tag)13, cute::C<false> > > >, flat::kernel::IndividualTileScheduler<flat::kernel::GVATag>, std::tuple<flat::kernel::Option<(flat::kernel::Tag)1, cute::C<true> >, flat::kernel::Option<(flat::kernel::Tag)11, cute::C<true> >, flat::kernel::Option<(flat::kernel::Tag)10, cute::C<true> >, flat::kernel::Option<(flat::kernel::Tag)9, cute::C<true> >, flat::kernel::Option<(flat::kernel::Tag)12, cute::C<true> >, flat::kernel::Option<(flat::kernel::Tag)13, cute::C<false> > > > >(flat::kernel::FlatKernelTmaWarpSpecializedDeltaRule<flat::collective::FlatMainloopTmaWarpSpecializedDeltaRule<cutlass::bfloat16_t, float, float, cute::tuple<cute::C<64>, cute::C<64>, cute::C<128> >, cute::tuple<long, cute::C<1>, int>, cute::tuple<long, cute::C<1>, int>, cute::tuple<long, cute::C<1>, int>, cute::tuple<long, cute::C<1>, int>, std::tuple<flat::kernel::Option<(flat::kernel::Tag)1, cute::C<true> >, flat::kernel::Option<(flat::kernel::Tag)11, cute::C<true> >, flat::kernel::Option<(flat::kernel::Tag)10, cute::C<true> >, flat::kernel::Option<(flat::kernel::Tag)9, cute::C<true> >, flat::kernel::Option<(flat::kernel::Tag)12, cute::C<true> >, flat::kernel::Option<(flat::kernel::Tag)13, cute::C<false> > > >, flat::kernel::IndividualTileScheduler<flat::kernel::GVATag>, std::tuple<flat::kernel::Option<(flat::kernel::Tag)1, cute::C<true> >, flat::kernel::Option<(flat::kernel::Tag)11, cute::C<true> >, flat::kernel::Option<(flat::kernel::Tag)10, cute::C<true> >, flat::kernel::Option<(flat::kernel::Tag)9, cute::C<true> >, flat::kernel::Option<(flat::kernel::Tag)12, cute::C<true> >, flat::kernel::Option<(flat::kernel::Tag)13, cute::C<false> > > >::Params)",3,operator_shape_matched,"[[5089,4096],[5089,16],[5089,16],[5089,16,128],[],[]]","[""c10::BFloat16"",""c10::BFloat16"",""c10::BFloat16"",""c10::BFloat16"","""",""Scalar""]",null,30,6062.942
symm_mem::two_shot_all_reduce_,"void (anonymous namespace)::two_shot_all_reduce_kernel_inplace<c10::BFloat16, 16, 2>(c10::BFloat16**, unsigned long, unsigned long, unsigned int**, unsigned long, unsigned long)",1,operator_shape_matched,"[[16777216],[],[]]","[""c10::BFloat16"","""",""""]",null,1271,143476.035
symm_mem::two_shot_all_reduce_,"void (anonymous namespace)::two_shot_all_reduce_kernel_inplace<c10::BFloat16, 16, 2>(c10::BFloat16**, unsigned long, unsigned long, unsigned int**, unsigned long, unsigned long)",2,operator_shape_matched,"[[10422272],[],[]]","[""c10::BFloat16"","""",""""]",null,41,2976.507
symm_mem::two_shot_all_reduce_,"void (anonymous namespace)::two_shot_all_reduce_kernel_inplace<c10::BFloat16, 16, 2>(c10::BFloat16**, unsigned long, unsigned long, unsigned int**, unsigned long, unsigned long)",3,operator_shape_matched,"[[8388608],[],[]]","[""c10::BFloat16"","""",""""]",null,41,2611.068
null,nvjet_tst_64x8_64x16_2x4_h_bz_TNT,1,missing_external_id,null,null,null,19760,119398.343
triton_red_fused__to_copy_add_copy__fused_add_rms_norm_moe_forward_shared_3,triton_red_fused__to_copy_add_copy__fused_add_rms_norm_moe_forward_shared_3,1,operator_shape_matched,"[[8192,2048],[8192,2048],[2048],[8192,2048],[8192,2048],[8192,2048],[8192,2048],[8192,2048],[],[]]","[""c10::BFloat16"",""c10::BFloat16"",""c10::BFloat16"",""c10::BFloat16"",""c10::BFloat16"",""c10::BFloat16"",""c10::BFloat16"",""c10::BFloat16"",""Scalar"",""Scalar""]",null,930,77577.839
null,triton_red_fused__to_copy_add_copy__fused_add_rms_norm_moe_forward_shared_3,2,missing_external_id,null,null,null,7680,19833.141
triton_red_fused__to_copy_add_copy__fused_add_rms_norm_moe_forward_shared_3,triton_red_fused__to_copy_add_copy__fused_add_rms_norm_moe_forward_shared_3,3,operator_shape_matched,"[[5089,2048],[5089,2048],[2048],[5089,2048],[5089,2048],[5089,2048],[5089,2048],[5089,2048],[],[]]","[""c10::BFloat16"",""c10::BFloat16"",""c10::BFloat16"",""c10::BFloat16"",""c10::BFloat16"",""c10::BFloat16"",""c10::BFloat16"",""c10::BFloat16"",""Scalar"",""Scalar""]",null,30,1580.93
triton_red_fused__to_copy_add_copy__fused_add_rms_norm_moe_forward_shared_3,triton_red_fused__to_copy_add_copy__fused_add_rms_norm_moe_forward_shared_3,4,operator_shape_matched,"[[4096,2048],[4096,2048],[2048],[4096,2048],[4096,2048],[4096,2048],[4096,2048],[4096,2048],[],[]]","[""c10::BFloat16"",""c10::BFloat16"",""c10::BFloat16"",""c10::BFloat16"",""c10::BFloat16"",""c10::BFloat16"",""c10::BFloat16"",""c10::BFloat16"",""Scalar"",""Scalar""]",null,30,1284.921
null,nvjet_tst_64x8_64x16_1x1_h_bz_TNT,1,missing_external_id,null,null,null,10120,70681.362
null,topk_gating_softmax_kernel,1,missing_external_id,null,null,null,10240,42817.933
vllm::moe_forward_shared,topk_gating_softmax_kernel,2,operator_shape_matched,"[[8192,2048],[8192,2048],[8192,2048],[],[],[]]","[""c10::BFloat16"",""c10::BFloat16"",""c10::BFloat16"","""","""",""Scalar""]",null,1240,20357.003
vllm::moe_forward_shared,topk_gating_softmax_kernel,3,operator_shape_matched,"[[5089,2048],[5089,2048],[5089,2048],[],[],[]]","[""c10::BFloat16"",""c10::BFloat16"",""c10::BFloat16"","""","""",""Scalar""]",null,40,471.719
vllm::moe_forward_shared,topk_gating_softmax_kernel,4,operator_shape_matched,"[[4096,2048],[4096,2048],[4096,2048],[],[],[]]","[""c10::BFloat16"",""c10::BFloat16"",""c10::BFloat16"","""","""",""Scalar""]",null,40,382.122
vllm::qwen_gdn_attention_core,_causal_conv1d_fwd_kernel,1,operator_shape_matched,"[[8192,4096],[8192,16],[8192,16],[8192,16,128],[],[]]","[""c10::BFloat16"",""c10::BFloat16"",""c10::BFloat16"",""c10::BFloat16"","""",""Scalar""]",null,930,58571.636
vllm::qwen_gdn_attention_core,_causal_conv1d_fwd_kernel,2,operator_shape_matched,"[[5089,4096],[5089,16],[5089,16],[5089,16,128],[],[]]","[""c10::BFloat16"",""c10::BFloat16"",""c10::BFloat16"",""c10::BFloat16"","""",""Scalar""]",null,30,1262.01
vllm::qwen_gdn_attention_core,_causal_conv1d_fwd_kernel,3,operator_shape_matched,"[[4096,4096],[4096,16],[4096,16],[4096,16,128],[],[]]","[""c10::BFloat16"",""c10::BFloat16"",""c10::BFloat16"",""c10::BFloat16"","""",""Scalar""]",null,30,999.412
aten::mm,nvjet_tst_256x128_64x4_1x2_h_bz_coopA_TNT,1,operator_shape_matched,"[[8192,2048],[2048,512]]","[""c10::BFloat16"",""c10::BFloat16""]",null,1240,31826.656
aten::mm,nvjet_tst_256x128_64x4_1x2_h_bz_coopA_TNT,2,operator_shape_matched,"[[8192,256],[256,2048]]","[""c10::BFloat16"",""c10::BFloat16""]",null,1240,23985.078
aten::mm,nvjet_tst_256x128_64x4_1x2_h_bz_coopA_TNT,3,operator_shape_matched,"[[4096,256],[256,2048]]","[""c10::BFloat16"",""c10::BFloat16""]",null,40,464.557
null,"void vllm::cross_device_reduce_1stage<__nv_bfloat16, 2>(vllm::RankData*, vllm::RankSignals, vllm::Signal*, __nv_bfloat16*, int, int)",1,missing_external_id,null,null,null,10240,53295.961
_C_custom_ar::all_reduce,"void vllm::cross_device_reduce_1stage<__nv_bfloat16, 2>(vllm::RankData*, vllm::RankSignals, vllm::Signal*, __nv_bfloat16*, int, int)",2,operator_shape_matched,"[[],[64,2048],[64,2048],[],[]]","[""Scalar"",""c10::BFloat16"",""c10::BFloat16"",""Scalar"",""Scalar""]",null,222,1310.901
_C_custom_ar::all_reduce,"void vllm::cross_device_reduce_1stage<__nv_bfloat16, 2>(vllm::RankData*, vllm::RankSignals, vllm::Signal*, __nv_bfloat16*, int, int)",3,operator_shape_matched,"[[],[6,2048],[6,2048],[],[]]","[""Scalar"",""c10::BFloat16"",""c10::BFloat16"",""Scalar"",""Scalar""]",null,1,17.344
_C_custom_ar::all_reduce,"void vllm::cross_device_reduce_1stage<__nv_bfloat16, 2>(vllm::RankData*, vllm::RankSignals, vllm::Signal*, __nv_bfloat16*, int, int)",4,operator_shape_matched,"[[],[36,2048],[36,2048],[],[]]","[""Scalar"",""c10::BFloat16"",""c10::BFloat16"",""Scalar"",""Scalar""]",null,1,15.457
_C_custom_ar::all_reduce,"void vllm::cross_device_reduce_1stage<__nv_bfloat16, 2>(vllm::RankData*, vllm::RankSignals, vllm::Signal*, __nv_bfloat16*, int, int)",5,operator_shape_matched,"[[],[44,2048],[44,2048],[],[]]","[""Scalar"",""c10::BFloat16"",""c10::BFloat16"",""Scalar"",""Scalar""]",null,1,11.905
_C_custom_ar::all_reduce,"void vllm::cross_device_reduce_1stage<__nv_bfloat16, 2>(vllm::RankData*, vllm::RankSignals, vllm::Signal*, __nv_bfloat16*, int, int)",6,operator_shape_matched,"[[],[22,2048],[22,2048],[],[]]","[""Scalar"",""c10::BFloat16"",""c10::BFloat16"",""Scalar"",""Scalar""]",null,1,11.777
_C_custom_ar::all_reduce,"void vllm::cross_device_reduce_1stage<__nv_bfloat16, 2>(vllm::RankData*, vllm::RankSignals, vllm::Signal*, __nv_bfloat16*, int, int)",7,operator_shape_matched,"[[],[32,2048],[32,2048],[],[]]","[""Scalar"",""c10::BFloat16"",""c10::BFloat16"",""Scalar"",""Scalar""]",null,1,11.776
_C_custom_ar::all_reduce,"void vllm::cross_device_reduce_1stage<__nv_bfloat16, 2>(vllm::RankData*, vllm::RankSignals, vllm::Signal*, __nv_bfloat16*, int, int)",8,operator_shape_matched,"[[],[40,2048],[40,2048],[],[]]","[""Scalar"",""c10::BFloat16"",""c10::BFloat16"",""Scalar"",""Scalar""]",null,1,11.425
_C_custom_ar::all_reduce,"void vllm::cross_device_reduce_1stage<__nv_bfloat16, 2>(vllm::RankData*, vllm::RankSignals, vllm::Signal*, __nv_bfloat16*, int, int)",9,operator_shape_matched,"[[],[14,2048],[14,2048],[],[]]","[""Scalar"",""c10::BFloat16"",""c10::BFloat16"",""Scalar"",""Scalar""]",null,1,11.2
_C_custom_ar::all_reduce,"void vllm::cross_device_reduce_1stage<__nv_bfloat16, 2>(vllm::RankData*, vllm::RankSignals, vllm::Signal*, __nv_bfloat16*, int, int)",10,operator_shape_matched,"[[],[20,2048],[20,2048],[],[]]","[""Scalar"",""c10::BFloat16"",""c10::BFloat16"",""Scalar"",""Scalar""]",null,1,10.88
_C_custom_ar::all_reduce,"void vllm::cross_device_reduce_1stage<__nv_bfloat16, 2>(vllm::RankData*, vllm::RankSignals, vllm::Signal*, __nv_bfloat16*, int, int)",11,operator_shape_matched,"[[],[63,2048],[63,2048],[],[]]","[""Scalar"",""c10::BFloat16"",""c10::BFloat16"",""Scalar"",""Scalar""]",null,2,9.92
_C_custom_ar::all_reduce,"void vllm::cross_device_reduce_1stage<__nv_bfloat16, 2>(vllm::RankData*, vllm::RankSignals, vllm::Signal*, __nv_bfloat16*, int, int)",12,operator_shape_matched,"[[],[10,2048],[10,2048],[],[]]","[""Scalar"",""c10::BFloat16"",""c10::BFloat16"",""Scalar"",""Scalar""]",null,1,9.537
_C_custom_ar::all_reduce,"void vllm::cross_device_reduce_1stage<__nv_bfloat16, 2>(vllm::RankData*, vllm::RankSignals, vllm::Signal*, __nv_bfloat16*, int, int)",13,operator_shape_matched,"[[],[12,2048],[12,2048],[],[]]","[""Scalar"",""c10::BFloat16"",""c10::BFloat16"",""Scalar"",""Scalar""]",null,1,9.536
_C_custom_ar::all_reduce,"void vllm::cross_device_reduce_1stage<__nv_bfloat16, 2>(vllm::RankData*, vllm::RankSignals, vllm::Signal*, __nv_bfloat16*, int, int)",14,operator_shape_matched,"[[],[38,2048],[38,2048],[],[]]","[""Scalar"",""c10::BFloat16"",""c10::BFloat16"",""Scalar"",""Scalar""]",null,1,9.312
_C_custom_ar::all_reduce,"void vllm::cross_device_reduce_1stage<__nv_bfloat16, 2>(vllm::RankData*, vllm::RankSignals, vllm::Signal*, __nv_bfloat16*, int, int)",15,operator_shape_matched,"[[],[48,2048],[48,2048],[],[]]","[""Scalar"",""c10::BFloat16"",""c10::BFloat16"",""Scalar"",""Scalar""]",null,1,7.36
_C_custom_ar::all_reduce,"void vllm::cross_device_reduce_1stage<__nv_bfloat16, 2>(vllm::RankData*, vllm::RankSignals, vllm::Signal*, __nv_bfloat16*, int, int)",16,operator_shape_matched,"[[],[30,2048],[30,2048],[],[]]","[""Scalar"",""c10::BFloat16"",""c10::BFloat16"",""Scalar"",""Scalar""]",null,1,5.76
_C_custom_ar::all_reduce,"void vllm::cross_device_reduce_1stage<__nv_bfloat16, 2>(vllm::RankData*, vllm::RankSignals, vllm::Signal*, __nv_bfloat16*, int, int)",17,operator_shape_matched,"[[],[54,2048],[54,2048],[],[]]","[""Scalar"",""c10::BFloat16"",""c10::BFloat16"",""Scalar"",""Scalar""]",null,1,5.216
_C_custom_ar::all_reduce,"void vllm::cross_device_reduce_1stage<__nv_bfloat16, 2>(vllm::RankData*, vllm::RankSignals, vllm::Signal*, __nv_bfloat16*, int, int)",18,operator_shape_matched,"[[],[58,2048],[58,2048],[],[]]","[""Scalar"",""c10::BFloat16"",""c10::BFloat16"",""Scalar"",""Scalar""]",null,1,5.056
_C_custom_ar::all_reduce,"void vllm::cross_device_reduce_1stage<__nv_bfloat16, 2>(vllm::RankData*, vllm::RankSignals, vllm::Signal*, __nv_bfloat16*, int, int)",19,operator_shape_matched,"[[],[60,2048],[60,2048],[],[]]","[""Scalar"",""c10::BFloat16"",""c10::BFloat16"",""Scalar"",""Scalar""]",null,1,4.928
_C_custom_ar::all_reduce,"void vllm::cross_device_reduce_1stage<__nv_bfloat16, 2>(vllm::RankData*, vllm::RankSignals, vllm::Signal*, __nv_bfloat16*, int, int)",20,operator_shape_matched,"[[],[62,2048],[62,2048],[],[]]","[""Scalar"",""c10::BFloat16"",""c10::BFloat16"",""Scalar"",""Scalar""]",null,1,4.928
_C_custom_ar::all_reduce,"void vllm::cross_device_reduce_1stage<__nv_bfloat16, 2>(vllm::RankData*, vllm::RankSignals, vllm::Signal*, __nv_bfloat16*, int, int)",21,operator_shape_matched,"[[],[56,2048],[56,2048],[],[]]","[""Scalar"",""c10::BFloat16"",""c10::BFloat16"",""Scalar"",""Scalar""]",null,1,4.864
_C_custom_ar::all_reduce,"void vllm::cross_device_reduce_1stage<__nv_bfloat16, 2>(vllm::RankData*, vllm::RankSignals, vllm::Signal*, __nv_bfloat16*, int, int)",22,operator_shape_matched,"[[],[52,2048],[52,2048],[],[]]","[""Scalar"",""c10::BFloat16"",""c10::BFloat16"",""Scalar"",""Scalar""]",null,1,4.832
_C_custom_ar::all_reduce,"void vllm::cross_device_reduce_1stage<__nv_bfloat16, 2>(vllm::RankData*, vllm::RankSignals, vllm::Signal*, __nv_bfloat16*, int, int)",23,operator_shape_matched,"[[],[46,2048],[46,2048],[],[]]","[""Scalar"",""c10::BFloat16"",""c10::BFloat16"",""Scalar"",""Scalar""]",null,1,4.8
_C_custom_ar::all_reduce,"void vllm::cross_device_reduce_1stage<__nv_bfloat16, 2>(vllm::RankData*, vllm::RankSignals, vllm::Signal*, __nv_bfloat16*, int, int)",24,operator_shape_matched,"[[],[24,2048],[24,2048],[],[]]","[""Scalar"",""c10::BFloat16"",""c10::BFloat16"",""Scalar"",""Scalar""]",null,1,4.768
_C_custom_ar::all_reduce,"void vllm::cross_device_reduce_1stage<__nv_bfloat16, 2>(vllm::RankData*, vllm::RankSignals, vllm::Signal*, __nv_bfloat16*, int, int)",25,operator_shape_matched,"[[],[50,2048],[50,2048],[],[]]","[""Scalar"",""c10::BFloat16"",""c10::BFloat16"",""Scalar"",""Scalar""]",null,1,4.768
_C_custom_ar::all_reduce,"void vllm::cross_device_reduce_1stage<__nv_bfloat16, 2>(vllm::RankData*, vllm::RankSignals, vllm::Signal*, __nv_bfloat16*, int, int)",26,operator_shape_matched,"[[],[42,2048],[42,2048],[],[]]","[""Scalar"",""c10::BFloat16"",""c10::BFloat16"",""Scalar"",""Scalar""]",null,1,4.673
_C_custom_ar::all_reduce,"void vllm::cross_device_reduce_1stage<__nv_bfloat16, 2>(vllm::RankData*, vllm::RankSignals, vllm::Signal*, __nv_bfloat16*, int, int)",27,operator_shape_matched,"[[],[26,2048],[26,2048],[],[]]","[""Scalar"",""c10::BFloat16"",""c10::BFloat16"",""Scalar"",""Scalar""]",null,1,4.544
_C_custom_ar::all_reduce,"void vllm::cross_device_reduce_1stage<__nv_bfloat16, 2>(vllm::RankData*, vllm::RankSignals, vllm::Signal*, __nv_bfloat16*, int, int)",28,operator_shape_matched,"[[],[34,2048],[34,2048],[],[]]","[""Scalar"",""c10::BFloat16"",""c10::BFloat16"",""Scalar"",""Scalar""]",null,1,4.544
_C_custom_ar::all_reduce,"void vllm::cross_device_reduce_1stage<__nv_bfloat16, 2>(vllm::RankData*, vllm::RankSignals, vllm::Signal*, __nv_bfloat16*, int, int)",29,operator_shape_matched,"[[],[18,2048],[18,2048],[],[]]","[""Scalar"",""c10::BFloat16"",""c10::BFloat16"",""Scalar"",""Scalar""]",null,1,4.48
_C_custom_ar::all_reduce,"void vllm::cross_device_reduce_1stage<__nv_bfloat16, 2>(vllm::RankData*, vllm::RankSignals, vllm::Signal*, __nv_bfloat16*, int, int)",30,operator_shape_matched,"[[],[28,2048],[28,2048],[],[]]","[""Scalar"",""c10::BFloat16"",""c10::BFloat16"",""Scalar"",""Scalar""]",null,1,4.448
_C_custom_ar::all_reduce,"void vllm::cross_device_reduce_1stage<__nv_bfloat16, 2>(vllm::RankData*, vllm::RankSignals, vllm::Signal*, __nv_bfloat16*, int, int)",31,operator_shape_matched,"[[],[8,2048],[8,2048],[],[]]","[""Scalar"",""c10::BFloat16"",""c10::BFloat16"",""Scalar"",""Scalar""]",null,1,4.385
_C_custom_ar::all_reduce,"void vllm::cross_device_reduce_1stage<__nv_bfloat16, 2>(vllm::RankData*, vllm::RankSignals, vllm::Signal*, __nv_bfloat16*, int, int)",32,operator_shape_matched,"[[],[16,2048],[16,2048],[],[]]","[""Scalar"",""c10::BFloat16"",""c10::BFloat16"",""Scalar"",""Scalar""]",null,1,4.288
_C_custom_ar::all_reduce,"void vllm::cross_device_reduce_1stage<__nv_bfloat16, 2>(vllm::RankData*, vllm::RankSignals, vllm::Signal*, __nv_bfloat16*, int, int)",33,operator_shape_matched,"[[],[2,2048],[2,2048],[],[]]","[""Scalar"",""c10::BFloat16"",""c10::BFloat16"",""Scalar"",""Scalar""]",null,1,4.096
_C_custom_ar::all_reduce,"void vllm::cross_device_reduce_1stage<__nv_bfloat16, 2>(vllm::RankData*, vllm::RankSignals, vllm::Signal*, __nv_bfloat16*, int, int)",34,operator_shape_matched,"[[],[4,2048],[4,2048],[],[]]","[""Scalar"",""c10::BFloat16"",""c10::BFloat16"",""Scalar"",""Scalar""]",null,1,4.064
_C_custom_ar::all_reduce,"void vllm::cross_device_reduce_1stage<__nv_bfloat16, 2>(vllm::RankData*, vllm::RankSignals, vllm::Signal*, __nv_bfloat16*, int, int)",35,operator_shape_matched,"[[],[1,2048],[1,2048],[],[]]","[""Scalar"",""c10::BFloat16"",""c10::BFloat16"",""Scalar"",""Scalar""]",null,1,3.935
triton_per_fused_1,triton_per_fused_1,1,operator_shape_matched,"[[8192,16,128],[128],[8192,16,128],[131072,128],[],[]]","[""c10::BFloat16"",""c10::BFloat16"",""c10::BFloat16"",""c10::BFloat16"",""Scalar"",""Scalar""]",null,930,34116.144
null,triton_per_fused_1,2,missing_external_id,null,null,null,7680,19360.065
triton_per_fused_1,triton_per_fused_1,3,operator_shape_matched,"[[5089,16,128],[128],[5089,16,128],[81424,128],[],[]]","[""c10::BFloat16"",""c10::BFloat16"",""c10::BFloat16"",""c10::BFloat16"",""Scalar"",""Scalar""]",null,30,698.125
triton_per_fused_1,triton_per_fused_1,4,operator_shape_matched,"[[4096,16,128],[128],[4096,16,128],[65536,128],[],[]]","[""c10::BFloat16"",""c10::BFloat16"",""c10::BFloat16"",""c10::BFloat16"",""Scalar"",""Scalar""]",null,30,565.641
aten::mul,mul_broadcast_2d_kernel,1,operator_shape_matched,"[[8192,1],[8192,2048]]","[""c10::BFloat16"",""c10::BFloat16""]",null,1240,27166.052
null,mul_broadcast_2d_kernel,2,missing_external_id,null,null,null,10240,20272.759
aten::mul,mul_broadcast_2d_kernel,3,operator_shape_matched,"[[5089,1],[5089,2048]]","[""c10::BFloat16"",""c10::BFloat16""]",null,40,577.836
aten::mul,mul_broadcast_2d_kernel,4,operator_shape_matched,"[[4096,1],[4096,2048]]","[""c10::BFloat16"",""c10::BFloat16""]",null,40,429.644
vllm::qwen_gdn_attention_core,_fused_post_conv_kernel,1,operator_shape_matched,"[[8192,4096],[8192,16],[8192,16],[8192,16,128],[],[]]","[""c10::BFloat16"",""c10::BFloat16"",""c10::BFloat16"",""c10::BFloat16"","""",""Scalar""]",null,930,44462.2
vllm::qwen_gdn_attention_core,_fused_post_conv_kernel,2,operator_shape_matched,"[[5089,4096],[5089,16],[5089,16],[5089,16,128],[],[]]","[""c10::BFloat16"",""c10::BFloat16"",""c10::BFloat16"",""c10::BFloat16"","""",""Scalar""]",null,30,893.523
vllm::qwen_gdn_attention_core,_fused_post_conv_kernel,3,operator_shape_matched,"[[4096,4096],[4096,16],[4096,16],[4096,16,128],[],[]]","[""c10::BFloat16"",""c10::BFloat16"",""c10::BFloat16"",""c10::BFloat16"","""",""Scalar""]",null,30,700.972
triton_poi_fused_add_4,triton_poi_fused_add_4,1,operator_shape_matched,"[[8192,2048],[8192,2048],[]]","[""c10::BFloat16"",""c10::BFloat16"",""Scalar""]",null,930,31326.008
null,triton_poi_fused_add_4,2,missing_external_id,null,null,null,7680,12258.899
triton_poi_fused_add_4,triton_poi_fused_add_4,3,operator_shape_matched,"[[5089,2048],[5089,2048],[]]","[""c10::BFloat16"",""c10::BFloat16"",""Scalar""]",null,30,527.563
triton_poi_fused_add_4,triton_poi_fused_add_4,4,operator_shape_matched,"[[4096,2048],[4096,2048],[]]","[""c10::BFloat16"",""c10::BFloat16"",""Scalar""]",null,30,399.34
null,zeros_kernel,1,missing_external_id,null,null,null,20080,27757.977
aten::zero_,zeros_kernel,2,operator_shape_matched,"[[8192,1,2048]]","[""c10::BFloat16""]",null,1240,13465.296
aten::zeros,zeros_kernel,3,operator_shape_matched,"[[],[],[],[],[]]","[""ScalarList"",""Scalar"","""","""",""Scalar""]",null,2640,2569.041
aten::zero_,zeros_kernel,4,operator_shape_matched,"[[5089,1,2048]]","[""c10::BFloat16""]",null,40,284.422
aten::zero_,zeros_kernel,5,operator_shape_matched,"[[4096,1,2048]]","[""c10::BFloat16""]",null,40,237.028
aten::mm,nvjet_tst_320x64_64x4_2x1_v_bz_TNT,1,operator_shape_matched,"[[64,2048],[2048,124160]]","[""c10::BFloat16"",""c10::BFloat16""]",null,223,40665.391
aten::mm,nvjet_tst_320x64_64x4_2x1_v_bz_TNT,2,operator_shape_matched,"[[63,2048],[2048,124160]]","[""c10::BFloat16"",""c10::BFloat16""]",null,3,551.051
aten::mm,nvjet_tst_320x64_64x4_2x1_v_bz_TNT,3,operator_shape_matched,"[[61,2048],[2048,124160]]","[""c10::BFloat16"",""c10::BFloat16""]",null,1,190.628
aten::mm,nvjet_tst_320x64_64x4_2x1_v_bz_TNT,4,operator_shape_matched,"[[59,2048],[2048,124160]]","[""c10::BFloat16"",""c10::BFloat16""]",null,1,184.164
aten::mm,nvjet_tst_320x64_64x4_2x1_v_bz_TNT,5,operator_shape_matched,"[[57,2048],[2048,124160]]","[""c10::BFloat16"",""c10::BFloat16""]",null,1,183.523
aten::mm,nvjet_tst_320x64_64x4_2x1_v_bz_TNT,6,operator_shape_matched,"[[62,2048],[2048,124160]]","[""c10::BFloat16"",""c10::BFloat16""]",null,1,183.427
aten::mm,nvjet_tst_320x64_64x4_2x1_v_bz_TNT,7,operator_shape_matched,"[[58,2048],[2048,124160]]","[""c10::BFloat16"",""c10::BFloat16""]",null,1,181.988
aten::mm,nvjet_tst_320x64_64x4_2x1_v_bz_TNT,8,operator_shape_matched,"[[60,2048],[2048,124160]]","[""c10::BFloat16"",""c10::BFloat16""]",null,1,180.324
null,moe_align_block_size_stage2_vec,1,missing_external_id,null,null,null,10040,33846.983
vllm::moe_forward_shared,moe_align_block_size_stage2_vec,2,operator_shape_matched,"[[8192,2048],[8192,2048],[8192,2048],[],[],[]]","[""c10::BFloat16"",""c10::BFloat16"",""c10::BFloat16"","""","""",""Scalar""]",null,1240,3965.928
vllm::moe_forward_shared,moe_align_block_size_stage2_vec,3,operator_shape_matched,"[[4096,2048],[4096,2048],[4096,2048],[],[],[]]","[""c10::BFloat16"",""c10::BFloat16"",""c10::BFloat16"","""","""",""Scalar""]",null,40,128.45
vllm::moe_forward_shared,moe_align_block_size_stage2_vec,4,operator_shape_matched,"[[5089,2048],[5089,2048],[5089,2048],[],[],[]]","[""c10::BFloat16"",""c10::BFloat16"",""c10::BFloat16"","""","""",""Scalar""]",null,40,124.515
null,triton_poi_fused_mul_silu_slice_0,1,missing_external_id,null,null,null,10240,25157.674
triton_poi_fused_mul_silu_slice_0,triton_poi_fused_mul_silu_slice_0,2,operator_shape_matched,"[[8192,512],[8192,256],[],[],[]]","[""c10::BFloat16"",""c10::BFloat16"",""Scalar"",""Scalar"",""Scalar""]",null,1240,12047.41
triton_poi_fused_mul_silu_slice_0,triton_poi_fused_mul_silu_slice_0,3,operator_shape_matched,"[[5089,512],[5089,256],[],[],[]]","[""c10::BFloat16"",""c10::BFloat16"",""Scalar"",""Scalar"",""Scalar""]",null,40,267.621
triton_poi_fused_mul_silu_slice_0,triton_poi_fused_mul_silu_slice_0,4,operator_shape_matched,"[[4096,512],[4096,256],[],[],[]]","[""c10::BFloat16"",""c10::BFloat16"",""Scalar"",""Scalar"",""Scalar""]",null,40,229.127
null,triton_poi_fused_0,1,missing_external_id,null,null,null,10240,17286.958
triton_poi_fused_0,triton_poi_fused_0,2,operator_shape_matched,"[[8192,8,256],[8192,2048],[8192,2048],[8192,16,128],[],[]]","[""c10::BFloat16"",""c10::BFloat16"",""c10::BFloat16"",""c10::BFloat16"",""Scalar"",""Scalar""]",null,279,11097.488
triton_poi_fused_0,triton_poi_fused_0,3,operator_shape_matched,"[[8192,16,128],[]]","[""c10::BFloat16"",""Scalar""]",null,651,7121.232
triton_poi_fused_0,triton_poi_fused_0,4,operator_shape_matched,"[[3,8192],[1048576,64],[8192,32],[8192,32],[],[]]","[""long int"",""c10::BFloat16"",""c10::BFloat16"",""c10::BFloat16"",""Scalar"",""Scalar""]",null,310,1272.375
triton_poi_fused_0,triton_poi_fused_0,5,operator_shape_matched,"[[5089,8,256],[5089,2048],[5089,2048],[5089,16,128],[],[]]","[""c10::BFloat16"",""c10::BFloat16"",""c10::BFloat16"",""c10::BFloat16"",""Scalar"",""Scalar""]",null,9,206.63
triton_poi_fused_0,triton_poi_fused_0,6,operator_shape_matched,"[[4096,8,256],[4096,2048],[4096,2048],[4096,16,128],[],[]]","[""c10::BFloat16"",""c10::BFloat16"",""c10::BFloat16"",""c10::BFloat16"",""Scalar"",""Scalar""]",null,9,161.537
triton_poi_fused_0,triton_poi_fused_0,7,operator_shape_matched,"[[5089,16,128],[]]","[""c10::BFloat16"",""Scalar""]",null,21,150.531
triton_poi_fused_0,triton_poi_fused_0,8,operator_shape_matched,"[[4096,16,128],[]]","[""c10::BFloat16"",""Scalar""]",null,21,125.318
triton_poi_fused_0,triton_poi_fused_0,9,operator_shape_matched,"[[3,5089],[1048576,64],[5089,32],[5089,32],[],[]]","[""long int"",""c10::BFloat16"",""c10::BFloat16"",""c10::BFloat16"",""Scalar"",""Scalar""]",null,10,39.97
triton_poi_fused_0,triton_poi_fused_0,10,operator_shape_matched,"[[3,4096],[1048576,64],[4096,32],[4096,32],[],[]]","[""long int"",""c10::BFloat16"",""c10::BFloat16"",""c10::BFloat16"",""Scalar"",""Scalar""]",null,10,37.759
null,moe_align_block_size_stage4,1,missing_external_id,null,null,null,10040,29667.81
vllm::moe_forward_shared,moe_align_block_size_stage4,2,operator_shape_matched,"[[8192,2048],[8192,2048],[8192,2048],[],[],[]]","[""c10::BFloat16"",""c10::BFloat16"",""c10::BFloat16"","""","""",""Scalar""]",null,1240,5775.946
vllm::moe_forward_shared,moe_align_block_size_stage4,3,operator_shape_matched,"[[5089,2048],[5089,2048],[5089,2048],[],[],[]]","[""c10::BFloat16"",""c10::BFloat16"",""c10::BFloat16"","""","""",""Scalar""]",null,40,166.177
vllm::moe_forward_shared,moe_align_block_size_stage4,4,operator_shape_matched,"[[4096,2048],[4096,2048],[4096,2048],[],[],[]]","[""c10::BFloat16"",""c10::BFloat16"",""c10::BFloat16"","""","""",""Scalar""]",null,40,139.398
null,nvjet_tst_64x32_64x16_4x2_h_bz_TNT,1,missing_external_id,null,null,null,9560,35307.349
triton_red_fused__to_copy_add_copy__fused_add_rms_norm_moe_forward_shared_1,triton_red_fused__to_copy_add_copy__fused_add_rms_norm_moe_forward_shared_1,1,operator_shape_matched,"[[8192,2048],[8192,2048],[2048],[8192,2048],[8192,2048],[8192,2048],[8192,2048],[8192,2048],[],[]]","[""c10::BFloat16"",""c10::BFloat16"",""c10::BFloat16"",""c10::BFloat16"",""c10::BFloat16"",""c10::BFloat16"",""c10::BFloat16"",""c10::BFloat16"",""Scalar"",""Scalar""]",null,310,24985.617
null,triton_red_fused__to_copy_add_copy__fused_add_rms_norm_moe_forward_shared_1,2,missing_external_id,null,null,null,2560,6462.13
triton_red_fused__to_copy_add_copy__fused_add_rms_norm_moe_forward_shared_1,triton_red_fused__to_copy_add_copy__fused_add_rms_norm_moe_forward_shared_1,3,operator_shape_matched,"[[5089,2048],[5089,2048],[2048],[5089,2048],[5089,2048],[5089,2048],[5089,2048],[5089,2048],[],[]]","[""c10::BFloat16"",""c10::BFloat16"",""c10::BFloat16"",""c10::BFloat16"",""c10::BFloat16"",""c10::BFloat16"",""c10::BFloat16"",""c10::BFloat16"",""Scalar"",""Scalar""]",null,10,499.306
triton_red_fused__to_copy_add_copy__fused_add_rms_norm_moe_forward_shared_1,triton_red_fused__to_copy_add_copy__fused_add_rms_norm_moe_forward_shared_1,4,operator_shape_matched,"[[4096,2048],[4096,2048],[2048],[4096,2048],[4096,2048],[4096,2048],[4096,2048],[4096,2048],[],[]]","[""c10::BFloat16"",""c10::BFloat16"",""c10::BFloat16"",""c10::BFloat16"",""c10::BFloat16"",""c10::BFloat16"",""c10::BFloat16"",""c10::BFloat16"",""Scalar"",""Scalar""]",null,10,407.593
triton_poi_fused__to_copy__unsafe_view_add_clone_linear_mean_mul_pow_rsqrt_silu_view_2,triton_poi_fused__to_copy__unsafe_view_add_clone_linear_mean_mul_pow_rsqrt_silu_view_2,1,operator_shape_matched,"[[131072,128],[8192,2048],[],[]]","[""c10::BFloat16"",""c10::BFloat16"",""Scalar"",""Scalar""]",null,930,19942.126
null,triton_poi_fused__to_copy__unsafe_view_add_clone_linear_mean_mul_pow_rsqrt_silu_view_2,2,missing_external_id,null,null,null,7680,10407.35
triton_poi_fused__to_copy__unsafe_view_add_clone_linear_mean_mul_pow_rsqrt_silu_view_2,triton_poi_fused__to_copy__unsafe_view_add_clone_linear_mean_mul_pow_rsqrt_silu_view_2,3,operator_shape_matched,"[[81424,128],[5089,2048],[],[]]","[""c10::BFloat16"",""c10::BFloat16"",""Scalar"",""Scalar""]",null,30,350.084
triton_poi_fused__to_copy__unsafe_view_add_clone_linear_mean_mul_pow_rsqrt_silu_view_2,triton_poi_fused__to_copy__unsafe_view_add_clone_linear_mean_mul_pow_rsqrt_silu_view_2,4,operator_shape_matched,"[[65536,128],[4096,2048],[],[]]","[""c10::BFloat16"",""c10::BFloat16"",""Scalar"",""Scalar""]",null,30,263.084
null,moe_align_block_size_stage1,1,missing_external_id,null,null,null,10040,23223.378
vllm::moe_forward_shared,moe_align_block_size_stage1,2,operator_shape_matched,"[[8192,2048],[8192,2048],[8192,2048],[],[],[]]","[""c10::BFloat16"",""c10::BFloat16"",""c10::BFloat16"","""","""",""Scalar""]",null,1240,4628.808
vllm::moe_forward_shared,moe_align_block_size_stage1,3,operator_shape_matched,"[[5089,2048],[5089,2048],[5089,2048],[],[],[]]","[""c10::BFloat16"",""c10::BFloat16"",""c10::BFloat16"","""","""",""Scalar""]",null,40,133.378
vllm::moe_forward_shared,moe_align_block_size_stage1,4,operator_shape_matched,"[[4096,2048],[4096,2048],[4096,2048],[],[],[]]","[""c10::BFloat16"",""c10::BFloat16"",""c10::BFloat16"","""","""",""Scalar""]",null,40,99.268
vllm::qwen_gdn_attention_core,fused_sigmoid_gating_delta_rule_update_kernel,1,operator_shape_matched,"[[8192,4096],[8192,16],[8192,16],[8192,16,128],[],[]]","[""c10::BFloat16"",""c10::BFloat16"",""c10::BFloat16"",""c10::BFloat16"","""",""Scalar""]",null,930,24718.401
vllm::qwen_gdn_attention_core,fused_sigmoid_gating_delta_rule_update_kernel,2,operator_shape_matched,"[[5089,4096],[5089,16],[5089,16],[5089,16,128],[],[]]","[""c10::BFloat16"",""c10::BFloat16"",""c10::BFloat16"",""c10::BFloat16"","""",""Scalar""]",null,30,1514.044
aten::mm,nvjet_tst_128x128_64x6_2x1_v_bz_TNT,1,operator_shape_matched,"[[8192,2048],[2048,256]]","[""c10::BFloat16"",""c10::BFloat16""]",null,1240,25098.838
aten::mm,nvjet_tst_128x128_64x6_2x1_v_bz_TNT,2,operator_shape_matched,"[[4096,2048],[2048,512]]","[""c10::BFloat16"",""c10::BFloat16""]",null,40,689.866
null,_causal_conv1d_update_kernel,1,missing_external_id,null,null,null,7680,25225.329
null,memcpy32_post,1,missing_external_id,null,null,null,20480,25078.491
null,moe_sum_kernel,1,missing_external_id,null,null,null,10240,24123.99
record_param_comms,ncclDevKernel_AllGather_RING_LL(ncclDevKernelArgsStorage<4096ul>),1,operator_shape_matched,"[[64,124160],[],[],[],[],[],[],[],[],[]]","[""c10::BFloat16"","""","""",""Scalar"","""",""ScalarList"",""ScalarList"",""Scalar"",""Scalar"",""Scalar""]",null,223,19355.089
record_param_comms,ncclDevKernel_AllGather_RING_LL(ncclDevKernelArgsStorage<4096ul>),2,operator_shape_matched,"[[63,124160],[],[],[],[],[],[],[],[],[]]","[""c10::BFloat16"","""","""",""Scalar"","""",""ScalarList"",""ScalarList"",""Scalar"",""Scalar"",""Scalar""]",null,3,253.637
record_param_comms,ncclDevKernel_AllGather_RING_LL(ncclDevKernelArgsStorage<4096ul>),3,operator_shape_matched,"[[62,124160],[],[],[],[],[],[],[],[],[]]","[""c10::BFloat16"","""","""",""Scalar"","""",""ScalarList"",""ScalarList"",""Scalar"",""Scalar"",""Scalar""]",null,1,84.513
record_param_comms,ncclDevKernel_AllGather_RING_LL(ncclDevKernelArgsStorage<4096ul>),4,operator_shape_matched,"[[60,124160],[],[],[],[],[],[],[],[],[]]","[""c10::BFloat16"","""","""",""Scalar"","""",""ScalarList"",""ScalarList"",""Scalar"",""Scalar"",""Scalar""]",null,1,81.474
record_param_comms,ncclDevKernel_AllGather_RING_LL(ncclDevKernelArgsStorage<4096ul>),5,operator_shape_matched,"[[59,124160],[],[],[],[],[],[],[],[],[]]","[""c10::BFloat16"","""","""",""Scalar"","""",""ScalarList"",""ScalarList"",""Scalar"",""Scalar"",""Scalar""]",null,1,81.473
record_param_comms,ncclDevKernel_AllGather_RING_LL(ncclDevKernelArgsStorage<4096ul>),6,operator_shape_matched,"[[61,124160],[],[],[],[],[],[],[],[],[]]","[""c10::BFloat16"","""","""",""Scalar"","""",""ScalarList"",""ScalarList"",""Scalar"",""Scalar"",""Scalar""]",null,1,81.185
record_param_comms,ncclDevKernel_AllGather_RING_LL(ncclDevKernelArgsStorage<4096ul>),7,operator_shape_matched,"[[58,124160],[],[],[],[],[],[],[],[],[]]","[""c10::BFloat16"","""","""",""Scalar"","""",""ScalarList"",""ScalarList"",""Scalar"",""Scalar"",""Scalar""]",null,1,80.77
record_param_comms,ncclDevKernel_AllGather_RING_LL(ncclDevKernelArgsStorage<4096ul>),8,operator_shape_matched,"[[57,124160],[],[],[],[],[],[],[],[],[]]","[""c10::BFloat16"","""","""",""Scalar"","""",""ScalarList"",""ScalarList"",""Scalar"",""Scalar"",""Scalar""]",null,1,80.033
record_param_comms,ncclDevKernel_AllGather_RING_LL(ncclDevKernelArgsStorage<4096ul>),9,operator_shape_matched,"[[56,124160],[],[],[],[],[],[],[],[],[]]","[""c10::BFloat16"","""","""",""Scalar"","""",""ScalarList"",""ScalarList"",""Scalar"",""Scalar"",""Scalar""]",null,1,77.986
record_param_comms,ncclDevKernel_AllGather_RING_LL(ncclDevKernelArgsStorage<4096ul>),10,operator_shape_matched,"[[55,124160],[],[],[],[],[],[],[],[],[]]","[""c10::BFloat16"","""","""",""Scalar"","""",""ScalarList"",""ScalarList"",""Scalar"",""Scalar"",""Scalar""]",null,1,77.794
record_param_comms,ncclDevKernel_AllGather_RING_LL(ncclDevKernelArgsStorage<4096ul>),11,operator_shape_matched,"[[54,124160],[],[],[],[],[],[],[],[],[]]","[""c10::BFloat16"","""","""",""Scalar"","""",""ScalarList"",""ScalarList"",""Scalar"",""Scalar"",""Scalar""]",null,1,76.578
record_param_comms,ncclDevKernel_AllGather_RING_LL(ncclDevKernelArgsStorage<4096ul>),12,operator_shape_matched,"[[53,124160],[],[],[],[],[],[],[],[],[]]","[""c10::BFloat16"","""","""",""Scalar"","""",""ScalarList"",""ScalarList"",""Scalar"",""Scalar"",""Scalar""]",null,1,76.322
record_param_comms,ncclDevKernel_AllGather_RING_LL(ncclDevKernelArgsStorage<4096ul>),13,operator_shape_matched,"[[52,124160],[],[],[],[],[],[],[],[],[]]","[""c10::BFloat16"","""","""",""Scalar"","""",""ScalarList"",""ScalarList"",""Scalar"",""Scalar"",""Scalar""]",null,1,74.466
record_param_comms,ncclDevKernel_AllGather_RING_LL(ncclDevKernelArgsStorage<4096ul>),14,operator_shape_matched,"[[51,124160],[],[],[],[],[],[],[],[],[]]","[""c10::BFloat16"","""","""",""Scalar"","""",""ScalarList"",""ScalarList"",""Scalar"",""Scalar"",""Scalar""]",null,1,72.577
record_param_comms,ncclDevKernel_AllGather_RING_LL(ncclDevKernelArgsStorage<4096ul>),15,operator_shape_matched,"[[50,124160],[],[],[],[],[],[],[],[],[]]","[""c10::BFloat16"","""","""",""Scalar"","""",""ScalarList"",""ScalarList"",""Scalar"",""Scalar"",""Scalar""]",null,1,72.065
record_param_comms,ncclDevKernel_AllGather_RING_LL(ncclDevKernelArgsStorage<4096ul>),16,operator_shape_matched,"[[49,124160],[],[],[],[],[],[],[],[],[]]","[""c10::BFloat16"","""","""",""Scalar"","""",""ScalarList"",""ScalarList"",""Scalar"",""Scalar"",""Scalar""]",null,1,70.337
record_param_comms,ncclDevKernel_AllGather_RING_LL(ncclDevKernelArgsStorage<4096ul>),17,operator_shape_matched,"[[48,124160],[],[],[],[],[],[],[],[],[]]","[""c10::BFloat16"","""","""",""Scalar"","""",""ScalarList"",""ScalarList"",""Scalar"",""Scalar"",""Scalar""]",null,1,69.697
record_param_comms,ncclDevKernel_AllGather_RING_LL(ncclDevKernelArgsStorage<4096ul>),18,operator_shape_matched,"[[47,124160],[],[],[],[],[],[],[],[],[]]","[""c10::BFloat16"","""","""",""Scalar"","""",""ScalarList"",""ScalarList"",""Scalar"",""Scalar"",""Scalar""]",null,1,68.481
record_param_comms,ncclDevKernel_AllGather_RING_LL(ncclDevKernelArgsStorage<4096ul>),19,operator_shape_matched,"[[45,124160],[],[],[],[],[],[],[],[],[]]","[""c10::BFloat16"","""","""",""Scalar"","""",""ScalarList"",""ScalarList"",""Scalar"",""Scalar"",""Scalar""]",null,1,67.97
record_param_comms,ncclDevKernel_AllGather_RING_LL(ncclDevKernelArgsStorage<4096ul>),20,operator_shape_matched,"[[46,124160],[],[],[],[],[],[],[],[],[]]","[""c10::BFloat16"","""","""",""Scalar"","""",""ScalarList"",""ScalarList"",""Scalar"",""Scalar"",""Scalar""]",null,1,67.073
record_param_comms,ncclDevKernel_AllGather_RING_LL(ncclDevKernelArgsStorage<4096ul>),21,operator_shape_matched,"[[44,124160],[],[],[],[],[],[],[],[],[]]","[""c10::BFloat16"","""","""",""Scalar"","""",""ScalarList"",""ScalarList"",""Scalar"",""Scalar"",""Scalar""]",null,1,66.498
record_param_comms,ncclDevKernel_AllGather_RING_LL(ncclDevKernelArgsStorage<4096ul>),22,operator_shape_matched,"[[43,124160],[],[],[],[],[],[],[],[],[]]","[""c10::BFloat16"","""","""",""Scalar"","""",""ScalarList"",""ScalarList"",""Scalar"",""Scalar"",""Scalar""]",null,1,64.322
record_param_comms,ncclDevKernel_AllGather_RING_LL(ncclDevKernelArgsStorage<4096ul>),23,operator_shape_matched,"[[42,124160],[],[],[],[],[],[],[],[],[]]","[""c10::BFloat16"","""","""",""Scalar"","""",""ScalarList"",""ScalarList"",""Scalar"",""Scalar"",""Scalar""]",null,1,63.298
record_param_comms,ncclDevKernel_AllGather_RING_LL(ncclDevKernelArgsStorage<4096ul>),24,operator_shape_matched,"[[41,124160],[],[],[],[],[],[],[],[],[]]","[""c10::BFloat16"","""","""",""Scalar"","""",""ScalarList"",""ScalarList"",""Scalar"",""Scalar"",""Scalar""]",null,1,62.689
record_param_comms,ncclDevKernel_AllGather_RING_LL(ncclDevKernelArgsStorage<4096ul>),25,operator_shape_matched,"[[40,124160],[],[],[],[],[],[],[],[],[]]","[""c10::BFloat16"","""","""",""Scalar"","""",""ScalarList"",""ScalarList"",""Scalar"",""Scalar"",""Scalar""]",null,1,60.93
record_param_comms,ncclDevKernel_AllGather_RING_LL(ncclDevKernelArgsStorage<4096ul>),26,operator_shape_matched,"[[39,124160],[],[],[],[],[],[],[],[],[]]","[""c10::BFloat16"","""","""",""Scalar"","""",""ScalarList"",""ScalarList"",""Scalar"",""Scalar"",""Scalar""]",null,1,59.938
record_param_comms,ncclDevKernel_AllGather_RING_LL(ncclDevKernelArgsStorage<4096ul>),27,operator_shape_matched,"[[38,124160],[],[],[],[],[],[],[],[],[]]","[""c10::BFloat16"","""","""",""Scalar"","""",""ScalarList"",""ScalarList"",""Scalar"",""Scalar"",""Scalar""]",null,1,58.242
record_param_comms,ncclDevKernel_AllGather_RING_LL(ncclDevKernelArgsStorage<4096ul>),28,operator_shape_matched,"[[37,124160],[],[],[],[],[],[],[],[],[]]","[""c10::BFloat16"","""","""",""Scalar"","""",""ScalarList"",""ScalarList"",""Scalar"",""Scalar"",""Scalar""]",null,1,57.729
record_param_comms,ncclDevKernel_AllGather_RING_LL(ncclDevKernelArgsStorage<4096ul>),29,operator_shape_matched,"[[36,124160],[],[],[],[],[],[],[],[],[]]","[""c10::BFloat16"","""","""",""Scalar"","""",""ScalarList"",""ScalarList"",""Scalar"",""Scalar"",""Scalar""]",null,1,56.705
record_param_comms,ncclDevKernel_AllGather_RING_LL(ncclDevKernelArgsStorage<4096ul>),30,operator_shape_matched,"[[35,124160],[],[],[],[],[],[],[],[],[]]","[""c10::BFloat16"","""","""",""Scalar"","""",""ScalarList"",""ScalarList"",""Scalar"",""Scalar"",""Scalar""]",null,1,55.33
record_param_comms,ncclDevKernel_AllGather_RING_LL(ncclDevKernelArgsStorage<4096ul>),31,operator_shape_matched,"[[34,124160],[],[],[],[],[],[],[],[],[]]","[""c10::BFloat16"","""","""",""Scalar"","""",""ScalarList"",""ScalarList"",""Scalar"",""Scalar"",""Scalar""]",null,1,54.978
record_param_comms,ncclDevKernel_AllGather_RING_LL(ncclDevKernelArgsStorage<4096ul>),32,operator_shape_matched,"[[33,124160],[],[],[],[],[],[],[],[],[]]","[""c10::BFloat16"","""","""",""Scalar"","""",""ScalarList"",""ScalarList"",""Scalar"",""Scalar"",""Scalar""]",null,1,53.857
record_param_comms,ncclDevKernel_AllGather_RING_LL(ncclDevKernelArgsStorage<4096ul>),33,operator_shape_matched,"[[32,124160],[],[],[],[],[],[],[],[],[]]","[""c10::BFloat16"","""","""",""Scalar"","""",""ScalarList"",""ScalarList"",""Scalar"",""Scalar"",""Scalar""]",null,1,53.633
record_param_comms,ncclDevKernel_AllGather_RING_LL(ncclDevKernelArgsStorage<4096ul>),34,operator_shape_matched,"[[31,124160],[],[],[],[],[],[],[],[],[]]","[""c10::BFloat16"","""","""",""Scalar"","""",""ScalarList"",""ScalarList"",""Scalar"",""Scalar"",""Scalar""]",null,1,51.393
record_param_comms,ncclDevKernel_AllGather_RING_LL(ncclDevKernelArgsStorage<4096ul>),35,operator_shape_matched,"[[30,124160],[],[],[],[],[],[],[],[],[]]","[""c10::BFloat16"","""","""",""Scalar"","""",""ScalarList"",""ScalarList"",""Scalar"",""Scalar"",""Scalar""]",null,1,50.593
record_param_comms,ncclDevKernel_AllGather_RING_LL(ncclDevKernelArgsStorage<4096ul>),36,operator_shape_matched,"[[29,124160],[],[],[],[],[],[],[],[],[]]","[""c10::BFloat16"","""","""",""Scalar"","""",""ScalarList"",""ScalarList"",""Scalar"",""Scalar"",""Scalar""]",null,1,50.209
record_param_comms,ncclDevKernel_AllGather_RING_LL(ncclDevKernelArgsStorage<4096ul>),37,operator_shape_matched,"[[27,124160],[],[],[],[],[],[],[],[],[]]","[""c10::BFloat16"","""","""",""Scalar"","""",""ScalarList"",""ScalarList"",""Scalar"",""Scalar"",""Scalar""]",null,1,48.577
record_param_comms,ncclDevKernel_AllGather_RING_LL(ncclDevKernelArgsStorage<4096ul>),38,operator_shape_matched,"[[28,124160],[],[],[],[],[],[],[],[],[]]","[""c10::BFloat16"","""","""",""Scalar"","""",""ScalarList"",""ScalarList"",""Scalar"",""Scalar"",""Scalar""]",null,1,48.513
record_param_comms,ncclDevKernel_AllGather_RING_LL(ncclDevKernelArgsStorage<4096ul>),39,operator_shape_matched,"[[26,124160],[],[],[],[],[],[],[],[],[]]","[""c10::BFloat16"","""","""",""Scalar"","""",""ScalarList"",""ScalarList"",""Scalar"",""Scalar"",""Scalar""]",null,1,46.978
record_param_comms,ncclDevKernel_AllGather_RING_LL(ncclDevKernelArgsStorage<4096ul>),40,operator_shape_matched,"[[25,124160],[],[],[],[],[],[],[],[],[]]","[""c10::BFloat16"","""","""",""Scalar"","""",""ScalarList"",""ScalarList"",""Scalar"",""Scalar"",""Scalar""]",null,1,45.761
record_param_comms,ncclDevKernel_AllGather_RING_LL(ncclDevKernelArgsStorage<4096ul>),41,operator_shape_matched,"[[24,124160],[],[],[],[],[],[],[],[],[]]","[""c10::BFloat16"","""","""",""Scalar"","""",""ScalarList"",""ScalarList"",""Scalar"",""Scalar"",""Scalar""]",null,1,44.898
record_param_comms,ncclDevKernel_AllGather_RING_LL(ncclDevKernelArgsStorage<4096ul>),42,operator_shape_matched,"[[23,124160],[],[],[],[],[],[],[],[],[]]","[""c10::BFloat16"","""","""",""Scalar"","""",""ScalarList"",""ScalarList"",""Scalar"",""Scalar"",""Scalar""]",null,1,43.424
record_param_comms,ncclDevKernel_AllGather_RING_LL(ncclDevKernelArgsStorage<4096ul>),43,operator_shape_matched,"[[22,124160],[],[],[],[],[],[],[],[],[]]","[""c10::BFloat16"","""","""",""Scalar"","""",""ScalarList"",""ScalarList"",""Scalar"",""Scalar"",""Scalar""]",null,1,42.849
record_param_comms,ncclDevKernel_AllGather_RING_LL(ncclDevKernelArgsStorage<4096ul>),44,operator_shape_matched,"[[20,124160],[],[],[],[],[],[],[],[],[]]","[""c10::BFloat16"","""","""",""Scalar"","""",""ScalarList"",""ScalarList"",""Scalar"",""Scalar"",""Scalar""]",null,1,41.473
record_param_comms,ncclDevKernel_AllGather_RING_LL(ncclDevKernelArgsStorage<4096ul>),45,operator_shape_matched,"[[21,124160],[],[],[],[],[],[],[],[],[]]","[""c10::BFloat16"","""","""",""Scalar"","""",""ScalarList"",""ScalarList"",""Scalar"",""Scalar"",""Scalar""]",null,1,41.058
record_param_comms,ncclDevKernel_AllGather_RING_LL(ncclDevKernelArgsStorage<4096ul>),46,operator_shape_matched,"[[19,124160],[],[],[],[],[],[],[],[],[]]","[""c10::BFloat16"","""","""",""Scalar"","""",""ScalarList"",""ScalarList"",""Scalar"",""Scalar"",""Scalar""]",null,1,39.073
record_param_comms,ncclDevKernel_AllGather_RING_LL(ncclDevKernelArgsStorage<4096ul>),47,operator_shape_matched,"[[18,124160],[],[],[],[],[],[],[],[],[]]","[""c10::BFloat16"","""","""",""Scalar"","""",""ScalarList"",""ScalarList"",""Scalar"",""Scalar"",""Scalar""]",null,1,38.209
record_param_comms,ncclDevKernel_AllGather_RING_LL(ncclDevKernelArgsStorage<4096ul>),48,operator_shape_matched,"[[17,124160],[],[],[],[],[],[],[],[],[]]","[""c10::BFloat16"","""","""",""Scalar"","""",""ScalarList"",""ScalarList"",""Scalar"",""Scalar"",""Scalar""]",null,1,37.569
record_param_comms,ncclDevKernel_AllGather_RING_LL(ncclDevKernelArgsStorage<4096ul>),49,operator_shape_matched,"[[16,124160],[],[],[],[],[],[],[],[],[]]","[""c10::BFloat16"","""","""",""Scalar"","""",""ScalarList"",""ScalarList"",""Scalar"",""Scalar"",""Scalar""]",null,1,36.001
record_param_comms,ncclDevKernel_AllGather_RING_LL(ncclDevKernelArgsStorage<4096ul>),50,operator_shape_matched,"[[15,124160],[],[],[],[],[],[],[],[],[]]","[""c10::BFloat16"","""","""",""Scalar"","""",""ScalarList"",""ScalarList"",""Scalar"",""Scalar"",""Scalar""]",null,1,35.745
record_param_comms,ncclDevKernel_AllGather_RING_LL(ncclDevKernelArgsStorage<4096ul>),51,operator_shape_matched,"[[14,124160],[],[],[],[],[],[],[],[],[]]","[""c10::BFloat16"","""","""",""Scalar"","""",""ScalarList"",""ScalarList"",""Scalar"",""Scalar"",""Scalar""]",null,1,34.497
record_param_comms,ncclDevKernel_AllGather_RING_LL(ncclDevKernelArgsStorage<4096ul>),52,operator_shape_matched,"[[13,124160],[],[],[],[],[],[],[],[],[]]","[""c10::BFloat16"","""","""",""Scalar"","""",""ScalarList"",""ScalarList"",""Scalar"",""Scalar"",""Scalar""]",null,1,34.145
record_param_comms,ncclDevKernel_AllGather_RING_LL(ncclDevKernelArgsStorage<4096ul>),53,operator_shape_matched,"[[10,124160],[],[],[],[],[],[],[],[],[]]","[""c10::BFloat16"","""","""",""Scalar"","""",""ScalarList"",""ScalarList"",""Scalar"",""Scalar"",""Scalar""]",null,1,33.504
record_param_comms,ncclDevKernel_AllGather_RING_LL(ncclDevKernelArgsStorage<4096ul>),54,operator_shape_matched,"[[12,124160],[],[],[],[],[],[],[],[],[]]","[""c10::BFloat16"","""","""",""Scalar"","""",""ScalarList"",""ScalarList"",""Scalar"",""Scalar"",""Scalar""]",null,1,31.745
record_param_comms,ncclDevKernel_AllGather_RING_LL(ncclDevKernelArgsStorage<4096ul>),55,operator_shape_matched,"[[11,124160],[],[],[],[],[],[],[],[],[]]","[""c10::BFloat16"","""","""",""Scalar"","""",""ScalarList"",""ScalarList"",""Scalar"",""Scalar"",""Scalar""]",null,1,30.401
record_param_comms,ncclDevKernel_AllGather_RING_LL(ncclDevKernelArgsStorage<4096ul>),56,operator_shape_matched,"[[8,124160],[],[],[],[],[],[],[],[],[]]","[""c10::BFloat16"","""","""",""Scalar"","""",""ScalarList"",""ScalarList"",""Scalar"",""Scalar"",""Scalar""]",null,1,29.569
record_param_comms,ncclDevKernel_AllGather_RING_LL(ncclDevKernelArgsStorage<4096ul>),57,operator_shape_matched,"[[9,124160],[],[],[],[],[],[],[],[],[]]","[""c10::BFloat16"","""","""",""Scalar"","""",""ScalarList"",""ScalarList"",""Scalar"",""Scalar"",""Scalar""]",null,1,28.128
record_param_comms,ncclDevKernel_AllGather_RING_LL(ncclDevKernelArgsStorage<4096ul>),58,operator_shape_matched,"[[6,124160],[],[],[],[],[],[],[],[],[]]","[""c10::BFloat16"","""","""",""Scalar"","""",""ScalarList"",""ScalarList"",""Scalar"",""Scalar"",""Scalar""]",null,1,26.241
record_param_comms,ncclDevKernel_AllGather_RING_LL(ncclDevKernelArgsStorage<4096ul>),59,operator_shape_matched,"[[5,124160],[],[],[],[],[],[],[],[],[]]","[""c10::BFloat16"","""","""",""Scalar"","""",""ScalarList"",""ScalarList"",""Scalar"",""Scalar"",""Scalar""]",null,1,25.952
record_param_comms,ncclDevKernel_AllGather_RING_LL(ncclDevKernelArgsStorage<4096ul>),60,operator_shape_matched,"[[7,124160],[],[],[],[],[],[],[],[],[]]","[""c10::BFloat16"","""","""",""Scalar"","""",""ScalarList"",""ScalarList"",""Scalar"",""Scalar"",""Scalar""]",null,1,25.889
record_param_comms,ncclDevKernel_AllGather_RING_LL(ncclDevKernelArgsStorage<4096ul>),61,operator_shape_matched,"[[1,124160],[],[],[],[],[],[],[],[],[]]","[""c10::BFloat16"","""","""",""Scalar"","""",""ScalarList"",""ScalarList"",""Scalar"",""Scalar"",""Scalar""]",null,2,19.104
record_param_comms,ncclDevKernel_AllGather_RING_LL(ncclDevKernelArgsStorage<4096ul>),62,operator_shape_matched,"[[4,124160],[],[],[],[],[],[],[],[],[]]","[""c10::BFloat16"","""","""",""Scalar"","""",""ScalarList"",""ScalarList"",""Scalar"",""Scalar"",""Scalar""]",null,1,16.065
record_param_comms,ncclDevKernel_AllGather_RING_LL(ncclDevKernelArgsStorage<4096ul>),63,operator_shape_matched,"[[3,124160],[],[],[],[],[],[],[],[],[]]","[""c10::BFloat16"","""","""",""Scalar"","""",""ScalarList"",""ScalarList"",""Scalar"",""Scalar"",""Scalar""]",null,1,12.608
record_param_comms,ncclDevKernel_AllGather_RING_LL(ncclDevKernelArgsStorage<4096ul>),64,operator_shape_matched,"[[2,124160],[],[],[],[],[],[],[],[],[]]","[""c10::BFloat16"","""","""",""Scalar"","""",""ScalarList"",""ScalarList"",""Scalar"",""Scalar"",""Scalar""]",null,1,10.528
aten::mm,nvjet_tst_64x8_64x16_2x1_v_bz_TNT,1,operator_shape_matched,"[[8192,2048],[2048,1]]","[""c10::BFloat16"",""c10::BFloat16""]",null,1240,22670.28
aten::cat,"void at::native::(anonymous namespace)::CatArrayBatchedCopy_vectorized<at::native::(anonymous namespace)::OpaqueType<2u>, unsigned int, 2, 128, 1, 16, 8>(char*, at::native::(anonymous namespace)::CatArrInputTensorMetadata<at::native::(anonymous namespace)::OpaqueType<2u>, unsigned int, 128, 1>, at::native::(anonymous namespace)::TensorSizeStride<unsigned int, 4u>, int, unsigned int)",1,operator_shape_matched,"[[[1,20,16,128],[1,8172,16,128]],[]]","[""TensorList"",""Scalar""]",null,30,693.613
aten::cat,"void at::native::(anonymous namespace)::CatArrayBatchedCopy_vectorized<at::native::(anonymous namespace)::OpaqueType<2u>, unsigned int, 2, 128, 1, 16, 8>(char*, at::native::(anonymous namespace)::CatArrInputTensorMetadata<at::native::(anonymous namespace)::OpaqueType<2u>, unsigned int, 128, 1>, at::native::(anonymous namespace)::TensorSizeStride<unsigned int, 4u>, int, unsigned int)",2,operator_shape_matched,"[[[1,18,16,128],[1,8174,16,128]],[]]","[""TensorList"",""Scalar""]",null,30,692.724
aten::cat,"void at::native::(anonymous namespace)::CatArrayBatchedCopy_vectorized<at::native::(anonymous namespace)::OpaqueType<2u>, unsigned int, 2, 128, 1, 16, 8>(char*, at::native::(anonymous namespace)::CatArrInputTensorMetadata<at::native::(anonymous namespace)::OpaqueType<2u>, unsigned int, 128, 1>, at::native::(anonymous namespace)::TensorSizeStride<unsigned int, 4u>, int, unsigned int)",3,operator_shape_matched,"[[[1,4,16,128],[1,8188,16,128]],[]]","[""TensorList"",""Scalar""]",null,30,692.211
aten::cat,"void at::native::(anonymous namespace)::CatArrayBatchedCopy_vectorized<at::native::(anonymous namespace)::OpaqueType<2u>, unsigned int, 2, 128, 1, 16, 8>(char*, at::native::(anonymous namespace)::CatArrInputTensorMetadata<at::native::(anonymous namespace)::OpaqueType<2u>, unsigned int, 128, 1>, at::native::(anonymous namespace)::TensorSizeStride<unsigned int, 4u>, int, unsigned int)",4,operator_shape_matched,"[[[1,28,16,128],[1,8164,16,128]],[]]","[""TensorList"",""Scalar""]",null,30,691.722
aten::cat,"void at::native::(anonymous namespace)::CatArrayBatchedCopy_vectorized<at::native::(anonymous namespace)::OpaqueType<2u>, unsigned int, 2, 128, 1, 16, 8>(char*, at::native::(anonymous namespace)::CatArrInputTensorMetadata<at::native::(anonymous namespace)::OpaqueType<2u>, unsigned int, 128, 1>, at::native::(anonymous namespace)::TensorSizeStride<unsigned int, 4u>, int, unsigned int)",5,operator_shape_matched,"[[[1,22,16,128],[1,8170,16,128]],[]]","[""TensorList"",""Scalar""]",null,30,691.505
aten::cat,"void at::native::(anonymous namespace)::CatArrayBatchedCopy_vectorized<at::native::(anonymous namespace)::OpaqueType<2u>, unsigned int, 2, 128, 1, 16, 8>(char*, at::native::(anonymous namespace)::CatArrInputTensorMetadata<at::native::(anonymous namespace)::OpaqueType<2u>, unsigned int, 128, 1>, at::native::(anonymous namespace)::TensorSizeStride<unsigned int, 4u>, int, unsigned int)",6,operator_shape_matched,"[[[1,8,16,128],[1,8184,16,128]],[]]","[""TensorList"",""Scalar""]",null,30,691.088
aten::cat,"void at::native::(anonymous namespace)::CatArrayBatchedCopy_vectorized<at::native::(anonymous namespace)::OpaqueType<2u>, unsigned int, 2, 128, 1, 16, 8>(char*, at::native::(anonymous namespace)::CatArrInputTensorMetadata<at::native::(anonymous namespace)::OpaqueType<2u>, unsigned int, 128, 1>, at::native::(anonymous namespace)::TensorSizeStride<unsigned int, 4u>, int, unsigned int)",7,operator_shape_matched,"[[[1,14,16,128],[1,8178,16,128]],[]]","[""TensorList"",""Scalar""]",null,30,691.054
aten::cat,"void at::native::(anonymous namespace)::CatArrayBatchedCopy_vectorized<at::native::(anonymous namespace)::OpaqueType<2u>, unsigned int, 2, 128, 1, 16, 8>(char*, at::native::(anonymous namespace)::CatArrInputTensorMetadata<at::native::(anonymous namespace)::OpaqueType<2u>, unsigned int, 128, 1>, at::native::(anonymous namespace)::TensorSizeStride<unsigned int, 4u>, int, unsigned int)",8,operator_shape_matched,"[[[1,40,16,128],[1,8152,16,128]],[]]","[""TensorList"",""Scalar""]",null,30,690.864
aten::cat,"void at::native::(anonymous namespace)::CatArrayBatchedCopy_vectorized<at::native::(anonymous namespace)::OpaqueType<2u>, unsigned int, 2, 128, 1, 16, 8>(char*, at::native::(anonymous namespace)::CatArrInputTensorMetadata<at::native::(anonymous namespace)::OpaqueType<2u>, unsigned int, 128, 1>, at::native::(anonymous namespace)::TensorSizeStride<unsigned int, 4u>, int, unsigned int)",9,operator_shape_matched,"[[[1,10,16,128],[1,8182,16,128]],[]]","[""TensorList"",""Scalar""]",null,30,690.703
aten::cat,"void at::native::(anonymous namespace)::CatArrayBatchedCopy_vectorized<at::native::(anonymous namespace)::OpaqueType<2u>, unsigned int, 2, 128, 1, 16, 8>(char*, at::native::(anonymous namespace)::CatArrInputTensorMetadata<at::native::(anonymous namespace)::OpaqueType<2u>, unsigned int, 128, 1>, at::native::(anonymous namespace)::TensorSizeStride<unsigned int, 4u>, int, unsigned int)",10,operator_shape_matched,"[[[1,16,16,128],[1,8176,16,128]],[]]","[""TensorList"",""Scalar""]",null,30,690.223
aten::cat,"void at::native::(anonymous namespace)::CatArrayBatchedCopy_vectorized<at::native::(anonymous namespace)::OpaqueType<2u>, unsigned int, 2, 128, 1, 16, 8>(char*, at::native::(anonymous namespace)::CatArrInputTensorMetadata<at::native::(anonymous namespace)::OpaqueType<2u>, unsigned int, 128, 1>, at::native::(anonymous namespace)::TensorSizeStride<unsigned int, 4u>, int, unsigned int)",11,operator_shape_matched,"[[[1,26,16,128],[1,8166,16,128]],[]]","[""TensorList"",""Scalar""]",null,30,689.967
aten::cat,"void at::native::(anonymous namespace)::CatArrayBatchedCopy_vectorized<at::native::(anonymous namespace)::OpaqueType<2u>, unsigned int, 2, 128, 1, 16, 8>(char*, at::native::(anonymous namespace)::CatArrInputTensorMetadata<at::native::(anonymous namespace)::OpaqueType<2u>, unsigned int, 128, 1>, at::native::(anonymous namespace)::TensorSizeStride<unsigned int, 4u>, int, unsigned int)",12,operator_shape_matched,"[[[1,6,16,128],[1,8186,16,128]],[]]","[""TensorList"",""Scalar""]",null,30,689.489
aten::cat,"void at::native::(anonymous namespace)::CatArrayBatchedCopy_vectorized<at::native::(anonymous namespace)::OpaqueType<2u>, unsigned int, 2, 128, 1, 16, 8>(char*, at::native::(anonymous namespace)::CatArrInputTensorMetadata<at::native::(anonymous namespace)::OpaqueType<2u>, unsigned int, 128, 1>, at::native::(anonymous namespace)::TensorSizeStride<unsigned int, 4u>, int, unsigned int)",13,operator_shape_matched,"[[[1,34,16,128],[1,8158,16,128]],[]]","[""TensorList"",""Scalar""]",null,30,689.388
aten::cat,"void at::native::(anonymous namespace)::CatArrayBatchedCopy_vectorized<at::native::(anonymous namespace)::OpaqueType<2u>, unsigned int, 2, 128, 1, 16, 8>(char*, at::native::(anonymous namespace)::CatArrInputTensorMetadata<at::native::(anonymous namespace)::OpaqueType<2u>, unsigned int, 128, 1>, at::native::(anonymous namespace)::TensorSizeStride<unsigned int, 4u>, int, unsigned int)",14,operator_shape_matched,"[[[1,30,16,128],[1,8162,16,128]],[]]","[""TensorList"",""Scalar""]",null,30,688.815
aten::cat,"void at::native::(anonymous namespace)::CatArrayBatchedCopy_vectorized<at::native::(anonymous namespace)::OpaqueType<2u>, unsigned int, 2, 128, 1, 16, 8>(char*, at::native::(anonymous namespace)::CatArrInputTensorMetadata<at::native::(anonymous namespace)::OpaqueType<2u>, unsigned int, 128, 1>, at::native::(anonymous namespace)::TensorSizeStride<unsigned int, 4u>, int, unsigned int)",15,operator_shape_matched,"[[[1,12,16,128],[1,8180,16,128]],[]]","[""TensorList"",""Scalar""]",null,30,688.655
aten::cat,"void at::native::(anonymous namespace)::CatArrayBatchedCopy_vectorized<at::native::(anonymous namespace)::OpaqueType<2u>, unsigned int, 2, 128, 1, 16, 8>(char*, at::native::(anonymous namespace)::CatArrInputTensorMetadata<at::native::(anonymous namespace)::OpaqueType<2u>, unsigned int, 128, 1>, at::native::(anonymous namespace)::TensorSizeStride<unsigned int, 4u>, int, unsigned int)",16,operator_shape_matched,"[[[1,24,16,128],[1,8168,16,128]],[]]","[""TensorList"",""Scalar""]",null,30,688.654
aten::cat,"void at::native::(anonymous namespace)::CatArrayBatchedCopy_vectorized<at::native::(anonymous namespace)::OpaqueType<2u>, unsigned int, 2, 128, 1, 16, 8>(char*, at::native::(anonymous namespace)::CatArrInputTensorMetadata<at::native::(anonymous namespace)::OpaqueType<2u>, unsigned int, 128, 1>, at::native::(anonymous namespace)::TensorSizeStride<unsigned int, 4u>, int, unsigned int)",17,operator_shape_matched,"[[[1,32,16,128],[1,8160,16,128]],[]]","[""TensorList"",""Scalar""]",null,30,688.362
aten::cat,"void at::native::(anonymous namespace)::CatArrayBatchedCopy_vectorized<at::native::(anonymous namespace)::OpaqueType<2u>, unsigned int, 2, 128, 1, 16, 8>(char*, at::native::(anonymous namespace)::CatArrInputTensorMetadata<at::native::(anonymous namespace)::OpaqueType<2u>, unsigned int, 128, 1>, at::native::(anonymous namespace)::TensorSizeStride<unsigned int, 4u>, int, unsigned int)",18,operator_shape_matched,"[[[1,36,16,128],[1,8156,16,128]],[]]","[""TensorList"",""Scalar""]",null,30,687.658
aten::cat,"void at::native::(anonymous namespace)::CatArrayBatchedCopy_vectorized<at::native::(anonymous namespace)::OpaqueType<2u>, unsigned int, 2, 128, 1, 16, 8>(char*, at::native::(anonymous namespace)::CatArrInputTensorMetadata<at::native::(anonymous namespace)::OpaqueType<2u>, unsigned int, 128, 1>, at::native::(anonymous namespace)::TensorSizeStride<unsigned int, 4u>, int, unsigned int)",19,operator_shape_matched,"[[[1,42,16,128],[1,8150,16,128]],[]]","[""TensorList"",""Scalar""]",null,30,687.567
aten::cat,"void at::native::(anonymous namespace)::CatArrayBatchedCopy_vectorized<at::native::(anonymous namespace)::OpaqueType<2u>, unsigned int, 2, 128, 1, 16, 8>(char*, at::native::(anonymous namespace)::CatArrInputTensorMetadata<at::native::(anonymous namespace)::OpaqueType<2u>, unsigned int, 128, 1>, at::native::(anonymous namespace)::TensorSizeStride<unsigned int, 4u>, int, unsigned int)",20,operator_shape_matched,"[[[1,38,16,128],[1,8154,16,128]],[]]","[""TensorList"",""Scalar""]",null,30,687.505
aten::cat,"void at::native::(anonymous namespace)::CatArrayBatchedCopy_vectorized<at::native::(anonymous namespace)::OpaqueType<2u>, unsigned int, 2, 128, 1, 16, 8>(char*, at::native::(anonymous namespace)::CatArrInputTensorMetadata<at::native::(anonymous namespace)::OpaqueType<2u>, unsigned int, 128, 1>, at::native::(anonymous namespace)::TensorSizeStride<unsigned int, 4u>, int, unsigned int)",21,operator_shape_matched,"[[[1,3,16,128],[1,8189,16,128]],[]]","[""TensorList"",""Scalar""]",null,30,686.316
aten::cat,"void at::native::(anonymous namespace)::CatArrayBatchedCopy_vectorized<at::native::(anonymous namespace)::OpaqueType<2u>, unsigned int, 2, 128, 1, 16, 8>(char*, at::native::(anonymous namespace)::CatArrInputTensorMetadata<at::native::(anonymous namespace)::OpaqueType<2u>, unsigned int, 128, 1>, at::native::(anonymous namespace)::TensorSizeStride<unsigned int, 4u>, int, unsigned int)",22,operator_shape_matched,"[[[1,46,16,128],[1,8146,16,128]],[]]","[""TensorList"",""Scalar""]",null,30,684.112
aten::cat,"void at::native::(anonymous namespace)::CatArrayBatchedCopy_vectorized<at::native::(anonymous namespace)::OpaqueType<2u>, unsigned int, 2, 128, 1, 16, 8>(char*, at::native::(anonymous namespace)::CatArrInputTensorMetadata<at::native::(anonymous namespace)::OpaqueType<2u>, unsigned int, 128, 1>, at::native::(anonymous namespace)::TensorSizeStride<unsigned int, 4u>, int, unsigned int)",23,operator_shape_matched,"[[[1,44,16,128],[1,8148,16,128]],[]]","[""TensorList"",""Scalar""]",null,30,684.043
aten::cat,"void at::native::(anonymous namespace)::CatArrayBatchedCopy_vectorized<at::native::(anonymous namespace)::OpaqueType<2u>, unsigned int, 2, 128, 1, 16, 8>(char*, at::native::(anonymous namespace)::CatArrInputTensorMetadata<at::native::(anonymous namespace)::OpaqueType<2u>, unsigned int, 128, 1>, at::native::(anonymous namespace)::TensorSizeStride<unsigned int, 4u>, int, unsigned int)",24,operator_shape_matched,"[[[1,1,16,128],[1,8191,16,128]],[]]","[""TensorList"",""Scalar""]",null,30,681.81
aten::cat,"void at::native::(anonymous namespace)::CatArrayBatchedCopy_vectorized<at::native::(anonymous namespace)::OpaqueType<2u>, unsigned int, 2, 128, 1, 16, 8>(char*, at::native::(anonymous namespace)::CatArrInputTensorMetadata<at::native::(anonymous namespace)::OpaqueType<2u>, unsigned int, 128, 1>, at::native::(anonymous namespace)::TensorSizeStride<unsigned int, 4u>, int, unsigned int)",25,operator_shape_matched,"[[[1,48,16,128],[1,8144,16,128]],[]]","[""TensorList"",""Scalar""]",null,30,679.369
aten::cat,"void at::native::(anonymous namespace)::CatArrayBatchedCopy_vectorized<at::native::(anonymous namespace)::OpaqueType<2u>, unsigned int, 2, 128, 1, 16, 8>(char*, at::native::(anonymous namespace)::CatArrInputTensorMetadata<at::native::(anonymous namespace)::OpaqueType<2u>, unsigned int, 128, 1>, at::native::(anonymous namespace)::TensorSizeStride<unsigned int, 4u>, int, unsigned int)",26,operator_shape_matched,"[[[1,50,16,128],[1,8142,16,128]],[]]","[""TensorList"",""Scalar""]",null,30,677.938
aten::cat,"void at::native::(anonymous namespace)::CatArrayBatchedCopy_vectorized<at::native::(anonymous namespace)::OpaqueType<2u>, unsigned int, 2, 128, 1, 16, 8>(char*, at::native::(anonymous namespace)::CatArrInputTensorMetadata<at::native::(anonymous namespace)::OpaqueType<2u>, unsigned int, 128, 1>, at::native::(anonymous namespace)::TensorSizeStride<unsigned int, 4u>, int, unsigned int)",27,operator_shape_matched,"[[[1,52,16,128],[1,8140,16,128]],[]]","[""TensorList"",""Scalar""]",null,30,677.867
aten::cat,"void at::native::(anonymous namespace)::CatArrayBatchedCopy_vectorized<at::native::(anonymous namespace)::OpaqueType<2u>, unsigned int, 2, 128, 1, 16, 8>(char*, at::native::(anonymous namespace)::CatArrInputTensorMetadata<at::native::(anonymous namespace)::OpaqueType<2u>, unsigned int, 128, 1>, at::native::(anonymous namespace)::TensorSizeStride<unsigned int, 4u>, int, unsigned int)",28,operator_shape_matched,"[[[1,56,16,128],[1,8136,16,128]],[]]","[""TensorList"",""Scalar""]",null,30,674.958
aten::cat,"void at::native::(anonymous namespace)::CatArrayBatchedCopy_vectorized<at::native::(anonymous namespace)::OpaqueType<2u>, unsigned int, 2, 128, 1, 16, 8>(char*, at::native::(anonymous namespace)::CatArrInputTensorMetadata<at::native::(anonymous namespace)::OpaqueType<2u>, unsigned int, 128, 1>, at::native::(anonymous namespace)::TensorSizeStride<unsigned int, 4u>, int, unsigned int)",29,operator_shape_matched,"[[[1,54,16,128],[1,8138,16,128]],[]]","[""TensorList"",""Scalar""]",null,30,674.35
aten::cat,"void at::native::(anonymous namespace)::CatArrayBatchedCopy_vectorized<at::native::(anonymous namespace)::OpaqueType<2u>, unsigned int, 2, 128, 1, 16, 8>(char*, at::native::(anonymous namespace)::CatArrInputTensorMetadata<at::native::(anonymous namespace)::OpaqueType<2u>, unsigned int, 128, 1>, at::native::(anonymous namespace)::TensorSizeStride<unsigned int, 4u>, int, unsigned int)",30,operator_shape_matched,"[[[1,58,16,128],[1,8134,16,128]],[]]","[""TensorList"",""Scalar""]",null,30,673.517
aten::cat,"void at::native::(anonymous namespace)::CatArrayBatchedCopy_vectorized<at::native::(anonymous namespace)::OpaqueType<2u>, unsigned int, 2, 128, 1, 16, 8>(char*, at::native::(anonymous namespace)::CatArrInputTensorMetadata<at::native::(anonymous namespace)::OpaqueType<2u>, unsigned int, 128, 1>, at::native::(anonymous namespace)::TensorSizeStride<unsigned int, 4u>, int, unsigned int)",31,operator_shape_matched,"[[[1,60,16,128],[1,8132,16,128]],[]]","[""TensorList"",""Scalar""]",null,30,672.845
aten::cat,"void at::native::(anonymous namespace)::CatArrayBatchedCopy_vectorized<at::native::(anonymous namespace)::OpaqueType<2u>, unsigned int, 2, 128, 1, 16, 8>(char*, at::native::(anonymous namespace)::CatArrInputTensorMetadata<at::native::(anonymous namespace)::OpaqueType<2u>, unsigned int, 128, 1>, at::native::(anonymous namespace)::TensorSizeStride<unsigned int, 4u>, int, unsigned int)",32,operator_shape_matched,"[[[1,62,16,128],[1,5027,16,128]],[]]","[""TensorList"",""Scalar""]",null,30,406.824
aten::copy_,"void at::native::elementwise_kernel<128, 4, at::native::gpu_kernel_impl_nocast<at::native::direct_copy_kernel_cuda(at::TensorIteratorBase&)::{lambda()#3}::operator()() const::{lambda()#12}::operator()() const::{lambda(c10::BFloat16)#1}>(at::TensorIteratorBase&, at::native::direct_copy_kernel_cuda(at::TensorIteratorBase&)::{lambda()#3}::operator()() const::{lambda()#12}::operator()() const::{lambda(c10::BFloat16)#1} const&)::{lambda(int)#1}>(int, at::native::gpu_kernel_impl_nocast<at::native::direct_copy_kernel_cuda(at::TensorIteratorBase&)::{lambda()#3}::operator()() const::{lambda()#12}::operator()() const::{lambda(c10::BFloat16)#1}>(at::TensorIteratorBase&, at::native::direct_copy_kernel_cuda(at::TensorIteratorBase&)::{lambda()#3}::operator()() const::{lambda()#12}::operator()() const::{lambda(c10::BFloat16)#1} const&)::{lambda(int)#1})",1,operator_shape_matched,"[[64,2,124160],[64,2,124160],[]]","[""c10::BFloat16"",""c10::BFloat16"",""Scalar""]",null,223,9443.149
aten::copy_,"void at::native::elementwise_kernel<128, 4, at::native::gpu_kernel_impl_nocast<at::native::direct_copy_kernel_cuda(at::TensorIteratorBase&)::{lambda()#3}::operator()() const::{lambda()#12}::operator()() const::{lambda(c10::BFloat16)#1}>(at::TensorIteratorBase&, at::native::direct_copy_kernel_cuda(at::TensorIteratorBase&)::{lambda()#3}::operator()() const::{lambda()#12}::operator()() const::{lambda(c10::BFloat16)#1} const&)::{lambda(int)#1}>(int, at::native::gpu_kernel_impl_nocast<at::native::direct_copy_kernel_cuda(at::TensorIteratorBase&)::{lambda()#3}::operator()() const::{lambda()#12}::operator()() const::{lambda(c10::BFloat16)#1}>(at::TensorIteratorBase&, at::native::direct_copy_kernel_cuda(at::TensorIteratorBase&)::{lambda()#3}::operator()() const::{lambda()#12}::operator()() const::{lambda(c10::BFloat16)#1} const&)::{lambda(int)#1})",2,operator_shape_matched,"[[54,1024],[54,1024],[]]","[""c10::BFloat16"",""c10::BFloat16"",""Scalar""]",null,60,210.852
aten::copy_,"void at::native::elementwise_kernel<128, 4, at::native::gpu_kernel_impl_nocast<at::native::direct_copy_kernel_cuda(at::TensorIteratorBase&)::{lambda()#3}::operator()() const::{lambda()#12}::operator()() const::{lambda(c10::BFloat16)#1}>(at::TensorIteratorBase&, at::native::direct_copy_kernel_cuda(at::TensorIteratorBase&)::{lambda()#3}::operator()() const::{lambda()#12}::operator()() const::{lambda(c10::BFloat16)#1} const&)::{lambda(int)#1}>(int, at::native::gpu_kernel_impl_nocast<at::native::direct_copy_kernel_cuda(at::TensorIteratorBase&)::{lambda()#3}::operator()() const::{lambda()#12}::operator()() const::{lambda(c10::BFloat16)#1}>(at::TensorIteratorBase&, at::native::direct_copy_kernel_cuda(at::TensorIteratorBase&)::{lambda()#3}::operator()() const::{lambda()#12}::operator()() const::{lambda(c10::BFloat16)#1} const&)::{lambda(int)#1})",3,operator_shape_matched,"[[62,1024],[62,1024],[]]","[""c10::BFloat16"",""c10::BFloat16"",""Scalar""]",null,60,210.304
aten::copy_,"void at::native::elementwise_kernel<128, 4, at::native::gpu_kernel_impl_nocast<at::native::direct_copy_kernel_cuda(at::TensorIteratorBase&)::{lambda()#3}::operator()() const::{lambda()#12}::operator()() const::{lambda(c10::BFloat16)#1}>(at::TensorIteratorBase&, at::native::direct_copy_kernel_cuda(at::TensorIteratorBase&)::{lambda()#3}::operator()() const::{lambda()#12}::operator()() const::{lambda(c10::BFloat16)#1} const&)::{lambda(int)#1}>(int, at::native::gpu_kernel_impl_nocast<at::native::direct_copy_kernel_cuda(at::TensorIteratorBase&)::{lambda()#3}::operator()() const::{lambda()#12}::operator()() const::{lambda(c10::BFloat16)#1}>(at::TensorIteratorBase&, at::native::direct_copy_kernel_cuda(at::TensorIteratorBase&)::{lambda()#3}::operator()() const::{lambda()#12}::operator()() const::{lambda(c10::BFloat16)#1} const&)::{lambda(int)#1})",4,operator_shape_matched,"[[58,1024],[58,1024],[]]","[""c10::BFloat16"",""c10::BFloat16"",""Scalar""]",null,60,209.989
aten::copy_,"void at::native::elementwise_kernel<128, 4, at::native::gpu_kernel_impl_nocast<at::native::direct_copy_kernel_cuda(at::TensorIteratorBase&)::{lambda()#3}::operator()() const::{lambda()#12}::operator()() const::{lambda(c10::BFloat16)#1}>(at::TensorIteratorBase&, at::native::direct_copy_kernel_cuda(at::TensorIteratorBase&)::{lambda()#3}::operator()() const::{lambda()#12}::operator()() const::{lambda(c10::BFloat16)#1} const&)::{lambda(int)#1}>(int, at::native::gpu_kernel_impl_nocast<at::native::direct_copy_kernel_cuda(at::TensorIteratorBase&)::{lambda()#3}::operator()() const::{lambda()#12}::operator()() const::{lambda(c10::BFloat16)#1}>(at::TensorIteratorBase&, at::native::direct_copy_kernel_cuda(at::TensorIteratorBase&)::{lambda()#3}::operator()() const::{lambda()#12}::operator()() const::{lambda(c10::BFloat16)#1} const&)::{lambda(int)#1})",5,operator_shape_matched,"[[60,1024],[60,1024],[]]","[""c10::BFloat16"",""c10::BFloat16"",""Scalar""]",null,60,209.603
aten::copy_,"void at::native::elementwise_kernel<128, 4, at::native::gpu_kernel_impl_nocast<at::native::direct_copy_kernel_cuda(at::TensorIteratorBase&)::{lambda()#3}::operator()() const::{lambda()#12}::operator()() const::{lambda(c10::BFloat16)#1}>(at::TensorIteratorBase&, at::native::direct_copy_kernel_cuda(at::TensorIteratorBase&)::{lambda()#3}::operator()() const::{lambda()#12}::operator()() const::{lambda(c10::BFloat16)#1} const&)::{lambda(int)#1}>(int, at::native::gpu_kernel_impl_nocast<at::native::direct_copy_kernel_cuda(at::TensorIteratorBase&)::{lambda()#3}::operator()() const::{lambda()#12}::operator()() const::{lambda(c10::BFloat16)#1}>(at::TensorIteratorBase&, at::native::direct_copy_kernel_cuda(at::TensorIteratorBase&)::{lambda()#3}::operator()() const::{lambda()#12}::operator()() const::{lambda(c10::BFloat16)#1} const&)::{lambda(int)#1})",6,operator_shape_matched,"[[56,1024],[56,1024],[]]","[""c10::BFloat16"",""c10::BFloat16"",""Scalar""]",null,60,209.257
aten::copy_,"void at::native::elementwise_kernel<128, 4, at::native::gpu_kernel_impl_nocast<at::native::direct_copy_kernel_cuda(at::TensorIteratorBase&)::{lambda()#3}::operator()() const::{lambda()#12}::operator()() const::{lambda(c10::BFloat16)#1}>(at::TensorIteratorBase&, at::native::direct_copy_kernel_cuda(at::TensorIteratorBase&)::{lambda()#3}::operator()() const::{lambda()#12}::operator()() const::{lambda(c10::BFloat16)#1} const&)::{lambda(int)#1}>(int, at::native::gpu_kernel_impl_nocast<at::native::direct_copy_kernel_cuda(at::TensorIteratorBase&)::{lambda()#3}::operator()() const::{lambda()#12}::operator()() const::{lambda(c10::BFloat16)#1}>(at::TensorIteratorBase&, at::native::direct_copy_kernel_cuda(at::TensorIteratorBase&)::{lambda()#3}::operator()() const::{lambda()#12}::operator()() const::{lambda(c10::BFloat16)#1} const&)::{lambda(int)#1})",7,operator_shape_matched,"[[52,1024],[52,1024],[]]","[""c10::BFloat16"",""c10::BFloat16"",""Scalar""]",null,60,206.945
aten::copy_,"void at::native::elementwise_kernel<128, 4, at::native::gpu_kernel_impl_nocast<at::native::direct_copy_kernel_cuda(at::TensorIteratorBase&)::{lambda()#3}::operator()() const::{lambda()#12}::operator()() const::{lambda(c10::BFloat16)#1}>(at::TensorIteratorBase&, at::native::direct_copy_kernel_cuda(at::TensorIteratorBase&)::{lambda()#3}::operator()() const::{lambda()#12}::operator()() const::{lambda(c10::BFloat16)#1} const&)::{lambda(int)#1}>(int, at::native::gpu_kernel_impl_nocast<at::native::direct_copy_kernel_cuda(at::TensorIteratorBase&)::{lambda()#3}::operator()() const::{lambda()#12}::operator()() const::{lambda(c10::BFloat16)#1}>(at::TensorIteratorBase&, at::native::direct_copy_kernel_cuda(at::TensorIteratorBase&)::{lambda()#3}::operator()() const::{lambda()#12}::operator()() const::{lambda(c10::BFloat16)#1} const&)::{lambda(int)#1})",8,operator_shape_matched,"[[50,1024],[50,1024],[]]","[""c10::BFloat16"",""c10::BFloat16"",""Scalar""]",null,60,206.531
aten::copy_,"void at::native::elementwise_kernel<128, 4, at::native::gpu_kernel_impl_nocast<at::native::direct_copy_kernel_cuda(at::TensorIteratorBase&)::{lambda()#3}::operator()() const::{lambda()#12}::operator()() const::{lambda(c10::BFloat16)#1}>(at::TensorIteratorBase&, at::native::direct_copy_kernel_cuda(at::TensorIteratorBase&)::{lambda()#3}::operator()() const::{lambda()#12}::operator()() const::{lambda(c10::BFloat16)#1} const&)::{lambda(int)#1}>(int, at::native::gpu_kernel_impl_nocast<at::native::direct_copy_kernel_cuda(at::TensorIteratorBase&)::{lambda()#3}::operator()() const::{lambda()#12}::operator()() const::{lambda(c10::BFloat16)#1}>(at::TensorIteratorBase&, at::native::direct_copy_kernel_cuda(at::TensorIteratorBase&)::{lambda()#3}::operator()() const::{lambda()#12}::operator()() const::{lambda(c10::BFloat16)#1} const&)::{lambda(int)#1})",9,operator_shape_matched,"[[46,1024],[46,1024],[]]","[""c10::BFloat16"",""c10::BFloat16"",""Scalar""]",null,60,206.28
aten::copy_,"void at::native::elementwise_kernel<128, 4, at::native::gpu_kernel_impl_nocast<at::native::direct_copy_kernel_cuda(at::TensorIteratorBase&)::{lambda()#3}::operator()() const::{lambda()#12}::operator()() const::{lambda(c10::BFloat16)#1}>(at::TensorIteratorBase&, at::native::direct_copy_kernel_cuda(at::TensorIteratorBase&)::{lambda()#3}::operator()() const::{lambda()#12}::operator()() const::{lambda(c10::BFloat16)#1} const&)::{lambda(int)#1}>(int, at::native::gpu_kernel_impl_nocast<at::native::direct_copy_kernel_cuda(at::TensorIteratorBase&)::{lambda()#3}::operator()() const::{lambda()#12}::operator()() const::{lambda(c10::BFloat16)#1}>(at::TensorIteratorBase&, at::native::direct_copy_kernel_cuda(at::TensorIteratorBase&)::{lambda()#3}::operator()() const::{lambda()#12}::operator()() const::{lambda(c10::BFloat16)#1} const&)::{lambda(int)#1})",10,operator_shape_matched,"[[48,1024],[48,1024],[]]","[""c10::BFloat16"",""c10::BFloat16"",""Scalar""]",null,60,205.861
aten::copy_,"void at::native::elementwise_kernel<128, 4, at::native::gpu_kernel_impl_nocast<at::native::direct_copy_kernel_cuda(at::TensorIteratorBase&)::{lambda()#3}::operator()() const::{lambda()#12}::operator()() const::{lambda(c10::BFloat16)#1}>(at::TensorIteratorBase&, at::native::direct_copy_kernel_cuda(at::TensorIteratorBase&)::{lambda()#3}::operator()() const::{lambda()#12}::operator()() const::{lambda(c10::BFloat16)#1} const&)::{lambda(int)#1}>(int, at::native::gpu_kernel_impl_nocast<at::native::direct_copy_kernel_cuda(at::TensorIteratorBase&)::{lambda()#3}::operator()() const::{lambda()#12}::operator()() const::{lambda(c10::BFloat16)#1}>(at::TensorIteratorBase&, at::native::direct_copy_kernel_cuda(at::TensorIteratorBase&)::{lambda()#3}::operator()() const::{lambda()#12}::operator()() const::{lambda(c10::BFloat16)#1} const&)::{lambda(int)#1})",11,operator_shape_matched,"[[34,1024],[34,1024],[]]","[""c10::BFloat16"",""c10::BFloat16"",""Scalar""]",null,60,204.777
aten::copy_,"void at::native::elementwise_kernel<128, 4, at::native::gpu_kernel_impl_nocast<at::native::direct_copy_kernel_cuda(at::TensorIteratorBase&)::{lambda()#3}::operator()() const::{lambda()#12}::operator()() const::{lambda(c10::BFloat16)#1}>(at::TensorIteratorBase&, at::native::direct_copy_kernel_cuda(at::TensorIteratorBase&)::{lambda()#3}::operator()() const::{lambda()#12}::operator()() const::{lambda(c10::BFloat16)#1} const&)::{lambda(int)#1}>(int, at::native::gpu_kernel_impl_nocast<at::native::direct_copy_kernel_cuda(at::TensorIteratorBase&)::{lambda()#3}::operator()() const::{lambda()#12}::operator()() const::{lambda(c10::BFloat16)#1}>(at::TensorIteratorBase&, at::native::direct_copy_kernel_cuda(at::TensorIteratorBase&)::{lambda()#3}::operator()() const::{lambda()#12}::operator()() const::{lambda(c10::BFloat16)#1} const&)::{lambda(int)#1})",12,operator_shape_matched,"[[38,1024],[38,1024],[]]","[""c10::BFloat16"",""c10::BFloat16"",""Scalar""]",null,60,204.71
aten::copy_,"void at::native::elementwise_kernel<128, 4, at::native::gpu_kernel_impl_nocast<at::native::direct_copy_kernel_cuda(at::TensorIteratorBase&)::{lambda()#3}::operator()() const::{lambda()#12}::operator()() const::{lambda(c10::BFloat16)#1}>(at::TensorIteratorBase&, at::native::direct_copy_kernel_cuda(at::TensorIteratorBase&)::{lambda()#3}::operator()() const::{lambda()#12}::operator()() const::{lambda(c10::BFloat16)#1} const&)::{lambda(int)#1}>(int, at::native::gpu_kernel_impl_nocast<at::native::direct_copy_kernel_cuda(at::TensorIteratorBase&)::{lambda()#3}::operator()() const::{lambda()#12}::operator()() const::{lambda(c10::BFloat16)#1}>(at::TensorIteratorBase&, at::native::direct_copy_kernel_cuda(at::TensorIteratorBase&)::{lambda()#3}::operator()() const::{lambda()#12}::operator()() const::{lambda(c10::BFloat16)#1} const&)::{lambda(int)#1})",13,operator_shape_matched,"[[40,1024],[40,1024],[]]","[""c10::BFloat16"",""c10::BFloat16"",""Scalar""]",null,60,204.036
aten::copy_,"void at::native::elementwise_kernel<128, 4, at::native::gpu_kernel_impl_nocast<at::native::direct_copy_kernel_cuda(at::TensorIteratorBase&)::{lambda()#3}::operator()() const::{lambda()#12}::operator()() const::{lambda(c10::BFloat16)#1}>(at::TensorIteratorBase&, at::native::direct_copy_kernel_cuda(at::TensorIteratorBase&)::{lambda()#3}::operator()() const::{lambda()#12}::operator()() const::{lambda(c10::BFloat16)#1} const&)::{lambda(int)#1}>(int, at::native::gpu_kernel_impl_nocast<at::native::direct_copy_kernel_cuda(at::TensorIteratorBase&)::{lambda()#3}::operator()() const::{lambda()#12}::operator()() const::{lambda(c10::BFloat16)#1}>(at::TensorIteratorBase&, at::native::direct_copy_kernel_cuda(at::TensorIteratorBase&)::{lambda()#3}::operator()() const::{lambda()#12}::operator()() const::{lambda(c10::BFloat16)#1} const&)::{lambda(int)#1})",14,operator_shape_matched,"[[42,1024],[42,1024],[]]","[""c10::BFloat16"",""c10::BFloat16"",""Scalar""]",null,60,204.004
aten::copy_,"void at::native::elementwise_kernel<128, 4, at::native::gpu_kernel_impl_nocast<at::native::direct_copy_kernel_cuda(at::TensorIteratorBase&)::{lambda()#3}::operator()() const::{lambda()#12}::operator()() const::{lambda(c10::BFloat16)#1}>(at::TensorIteratorBase&, at::native::direct_copy_kernel_cuda(at::TensorIteratorBase&)::{lambda()#3}::operator()() const::{lambda()#12}::operator()() const::{lambda(c10::BFloat16)#1} const&)::{lambda(int)#1}>(int, at::native::gpu_kernel_impl_nocast<at::native::direct_copy_kernel_cuda(at::TensorIteratorBase&)::{lambda()#3}::operator()() const::{lambda()#12}::operator()() const::{lambda(c10::BFloat16)#1}>(at::TensorIteratorBase&, at::native::direct_copy_kernel_cuda(at::TensorIteratorBase&)::{lambda()#3}::operator()() const::{lambda()#12}::operator()() const::{lambda(c10::BFloat16)#1} const&)::{lambda(int)#1})",15,operator_shape_matched,"[[44,1024],[44,1024],[]]","[""c10::BFloat16"",""c10::BFloat16"",""Scalar""]",null,60,203.555
aten::copy_,"void at::native::elementwise_kernel<128, 4, at::native::gpu_kernel_impl_nocast<at::native::direct_copy_kernel_cuda(at::TensorIteratorBase&)::{lambda()#3}::operator()() const::{lambda()#12}::operator()() const::{lambda(c10::BFloat16)#1}>(at::TensorIteratorBase&, at::native::direct_copy_kernel_cuda(at::TensorIteratorBase&)::{lambda()#3}::operator()() const::{lambda()#12}::operator()() const::{lambda(c10::BFloat16)#1} const&)::{lambda(int)#1}>(int, at::native::gpu_kernel_impl_nocast<at::native::direct_copy_kernel_cuda(at::TensorIteratorBase&)::{lambda()#3}::operator()() const::{lambda()#12}::operator()() const::{lambda(c10::BFloat16)#1}>(at::TensorIteratorBase&, at::native::direct_copy_kernel_cuda(at::TensorIteratorBase&)::{lambda()#3}::operator()() const::{lambda()#12}::operator()() const::{lambda(c10::BFloat16)#1} const&)::{lambda(int)#1})",16,operator_shape_matched,"[[36,1024],[36,1024],[]]","[""c10::BFloat16"",""c10::BFloat16"",""Scalar""]",null,60,203.295
aten::copy_,"void at::native::elementwise_kernel<128, 4, at::native::gpu_kernel_impl_nocast<at::native::direct_copy_kernel_cuda(at::TensorIteratorBase&)::{lambda()#3}::operator()() const::{lambda()#12}::operator()() const::{lambda(c10::BFloat16)#1}>(at::TensorIteratorBase&, at::native::direct_copy_kernel_cuda(at::TensorIteratorBase&)::{lambda()#3}::operator()() const::{lambda()#12}::operator()() const::{lambda(c10::BFloat16)#1} const&)::{lambda(int)#1}>(int, at::native::gpu_kernel_impl_nocast<at::native::direct_copy_kernel_cuda(at::TensorIteratorBase&)::{lambda()#3}::operator()() const::{lambda()#12}::operator()() const::{lambda(c10::BFloat16)#1}>(at::TensorIteratorBase&, at::native::direct_copy_kernel_cuda(at::TensorIteratorBase&)::{lambda()#3}::operator()() const::{lambda()#12}::operator()() const::{lambda(c10::BFloat16)#1} const&)::{lambda(int)#1})",17,operator_shape_matched,"[[32,1024],[32,1024],[]]","[""c10::BFloat16"",""c10::BFloat16"",""Scalar""]",null,60,202.695
aten::copy_,"void at::native::elementwise_kernel<128, 4, at::native::gpu_kernel_impl_nocast<at::native::direct_copy_kernel_cuda(at::TensorIteratorBase&)::{lambda()#3}::operator()() const::{lambda()#12}::operator()() const::{lambda(c10::BFloat16)#1}>(at::TensorIteratorBase&, at::native::direct_copy_kernel_cuda(at::TensorIteratorBase&)::{lambda()#3}::operator()() const::{lambda()#12}::operator()() const::{lambda(c10::BFloat16)#1} const&)::{lambda(int)#1}>(int, at::native::gpu_kernel_impl_nocast<at::native::direct_copy_kernel_cuda(at::TensorIteratorBase&)::{lambda()#3}::operator()() const::{lambda()#12}::operator()() const::{lambda(c10::BFloat16)#1}>(at::TensorIteratorBase&, at::native::direct_copy_kernel_cuda(at::TensorIteratorBase&)::{lambda()#3}::operator()() const::{lambda()#12}::operator()() const::{lambda(c10::BFloat16)#1} const&)::{lambda(int)#1})",18,operator_shape_matched,"[[28,1024],[28,1024],[]]","[""c10::BFloat16"",""c10::BFloat16"",""Scalar""]",null,60,201.348
aten::copy_,"void at::native::elementwise_kernel<128, 4, at::native::gpu_kernel_impl_nocast<at::native::direct_copy_kernel_cuda(at::TensorIteratorBase&)::{lambda()#3}::operator()() const::{lambda()#12}::operator()() const::{lambda(c10::BFloat16)#1}>(at::TensorIteratorBase&, at::native::direct_copy_kernel_cuda(at::TensorIteratorBase&)::{lambda()#3}::operator()() const::{lambda()#12}::operator()() const::{lambda(c10::BFloat16)#1} const&)::{lambda(int)#1}>(int, at::native::gpu_kernel_impl_nocast<at::native::direct_copy_kernel_cuda(at::TensorIteratorBase&)::{lambda()#3}::operator()() const::{lambda()#12}::operator()() const::{lambda(c10::BFloat16)#1}>(at::TensorIteratorBase&, at::native::direct_copy_kernel_cuda(at::TensorIteratorBase&)::{lambda()#3}::operator()() const::{lambda()#12}::operator()() const::{lambda(c10::BFloat16)#1} const&)::{lambda(int)#1})",19,operator_shape_matched,"[[30,1024],[30,1024],[]]","[""c10::BFloat16"",""c10::BFloat16"",""Scalar""]",null,60,200.701
aten::copy_,"void at::native::elementwise_kernel<128, 4, at::native::gpu_kernel_impl_nocast<at::native::direct_copy_kernel_cuda(at::TensorIteratorBase&)::{lambda()#3}::operator()() const::{lambda()#12}::operator()() const::{lambda(c10::BFloat16)#1}>(at::TensorIteratorBase&, at::native::direct_copy_kernel_cuda(at::TensorIteratorBase&)::{lambda()#3}::operator()() const::{lambda()#12}::operator()() const::{lambda(c10::BFloat16)#1} const&)::{lambda(int)#1}>(int, at::native::gpu_kernel_impl_nocast<at::native::direct_copy_kernel_cuda(at::TensorIteratorBase&)::{lambda()#3}::operator()() const::{lambda()#12}::operator()() const::{lambda(c10::BFloat16)#1}>(at::TensorIteratorBase&, at::native::direct_copy_kernel_cuda(at::TensorIteratorBase&)::{lambda()#3}::operator()() const::{lambda()#12}::operator()() const::{lambda(c10::BFloat16)#1} const&)::{lambda(int)#1})",20,operator_shape_matched,"[[26,1024],[26,1024],[]]","[""c10::BFloat16"",""c10::BFloat16"",""Scalar""]",null,60,200.258
aten::copy_,"void at::native::elementwise_kernel<128, 4, at::native::gpu_kernel_impl_nocast<at::native::direct_copy_kernel_cuda(at::TensorIteratorBase&)::{lambda()#3}::operator()() const::{lambda()#12}::operator()() const::{lambda(c10::BFloat16)#1}>(at::TensorIteratorBase&, at::native::direct_copy_kernel_cuda(at::TensorIteratorBase&)::{lambda()#3}::operator()() const::{lambda()#12}::operator()() const::{lambda(c10::BFloat16)#1} const&)::{lambda(int)#1}>(int, at::native::gpu_kernel_impl_nocast<at::native::direct_copy_kernel_cuda(at::TensorIteratorBase&)::{lambda()#3}::operator()() const::{lambda()#12}::operator()() const::{lambda(c10::BFloat16)#1}>(at::TensorIteratorBase&, at::native::direct_copy_kernel_cuda(at::TensorIteratorBase&)::{lambda()#3}::operator()() const::{lambda()#12}::operator()() const::{lambda(c10::BFloat16)#1} const&)::{lambda(int)#1})",21,operator_shape_matched,"[[20,1024],[20,1024],[]]","[""c10::BFloat16"",""c10::BFloat16"",""Scalar""]",null,60,199.516
aten::copy_,"void at::native::elementwise_kernel<128, 4, at::native::gpu_kernel_impl_nocast<at::native::direct_copy_kernel_cuda(at::TensorIteratorBase&)::{lambda()#3}::operator()() const::{lambda()#12}::operator()() const::{lambda(c10::BFloat16)#1}>(at::TensorIteratorBase&, at::native::direct_copy_kernel_cuda(at::TensorIteratorBase&)::{lambda()#3}::operator()() const::{lambda()#12}::operator()() const::{lambda(c10::BFloat16)#1} const&)::{lambda(int)#1}>(int, at::native::gpu_kernel_impl_nocast<at::native::direct_copy_kernel_cuda(at::TensorIteratorBase&)::{lambda()#3}::operator()() const::{lambda()#12}::operator()() const::{lambda(c10::BFloat16)#1}>(at::TensorIteratorBase&, at::native::direct_copy_kernel_cuda(at::TensorIteratorBase&)::{lambda()#3}::operator()() const::{lambda()#12}::operator()() const::{lambda(c10::BFloat16)#1} const&)::{lambda(int)#1})",22,operator_shape_matched,"[[24,1024],[24,1024],[]]","[""c10::BFloat16"",""c10::BFloat16"",""Scalar""]",null,60,198.594
aten::copy_,"void at::native::elementwise_kernel<128, 4, at::native::gpu_kernel_impl_nocast<at::native::direct_copy_kernel_cuda(at::TensorIteratorBase&)::{lambda()#3}::operator()() const::{lambda()#12}::operator()() const::{lambda(c10::BFloat16)#1}>(at::TensorIteratorBase&, at::native::direct_copy_kernel_cuda(at::TensorIteratorBase&)::{lambda()#3}::operator()() const::{lambda()#12}::operator()() const::{lambda(c10::BFloat16)#1} const&)::{lambda(int)#1}>(int, at::native::gpu_kernel_impl_nocast<at::native::direct_copy_kernel_cuda(at::TensorIteratorBase&)::{lambda()#3}::operator()() const::{lambda()#12}::operator()() const::{lambda(c10::BFloat16)#1}>(at::TensorIteratorBase&, at::native::direct_copy_kernel_cuda(at::TensorIteratorBase&)::{lambda()#3}::operator()() const::{lambda()#12}::operator()() const::{lambda(c10::BFloat16)#1} const&)::{lambda(int)#1})",23,operator_shape_matched,"[[22,1024],[22,1024],[]]","[""c10::BFloat16"",""c10::BFloat16"",""Scalar""]",null,60,198.335
aten::copy_,"void at::native::elementwise_kernel<128, 4, at::native::gpu_kernel_impl_nocast<at::native::direct_copy_kernel_cuda(at::TensorIteratorBase&)::{lambda()#3}::operator()() const::{lambda()#12}::operator()() const::{lambda(c10::BFloat16)#1}>(at::TensorIteratorBase&, at::native::direct_copy_kernel_cuda(at::TensorIteratorBase&)::{lambda()#3}::operator()() const::{lambda()#12}::operator()() const::{lambda(c10::BFloat16)#1} const&)::{lambda(int)#1}>(int, at::native::gpu_kernel_impl_nocast<at::native::direct_copy_kernel_cuda(at::TensorIteratorBase&)::{lambda()#3}::operator()() const::{lambda()#12}::operator()() const::{lambda(c10::BFloat16)#1}>(at::TensorIteratorBase&, at::native::direct_copy_kernel_cuda(at::TensorIteratorBase&)::{lambda()#3}::operator()() const::{lambda()#12}::operator()() const::{lambda(c10::BFloat16)#1} const&)::{lambda(int)#1})",24,operator_shape_matched,"[[18,1024],[18,1024],[]]","[""c10::BFloat16"",""c10::BFloat16"",""Scalar""]",null,60,198.208
aten::copy_,"void at::native::elementwise_kernel<128, 4, at::native::gpu_kernel_impl_nocast<at::native::direct_copy_kernel_cuda(at::TensorIteratorBase&)::{lambda()#3}::operator()() const::{lambda()#12}::operator()() const::{lambda(c10::BFloat16)#1}>(at::TensorIteratorBase&, at::native::direct_copy_kernel_cuda(at::TensorIteratorBase&)::{lambda()#3}::operator()() const::{lambda()#12}::operator()() const::{lambda(c10::BFloat16)#1} const&)::{lambda(int)#1}>(int, at::native::gpu_kernel_impl_nocast<at::native::direct_copy_kernel_cuda(at::TensorIteratorBase&)::{lambda()#3}::operator()() const::{lambda()#12}::operator()() const::{lambda(c10::BFloat16)#1}>(at::TensorIteratorBase&, at::native::direct_copy_kernel_cuda(at::TensorIteratorBase&)::{lambda()#3}::operator()() const::{lambda()#12}::operator()() const::{lambda(c10::BFloat16)#1} const&)::{lambda(int)#1})",25,operator_shape_matched,"[[16,1024],[16,1024],[]]","[""c10::BFloat16"",""c10::BFloat16"",""Scalar""]",null,60,198.083
aten::copy_,"void at::native::elementwise_kernel<128, 4, at::native::gpu_kernel_impl_nocast<at::native::direct_copy_kernel_cuda(at::TensorIteratorBase&)::{lambda()#3}::operator()() const::{lambda()#12}::operator()() const::{lambda(c10::BFloat16)#1}>(at::TensorIteratorBase&, at::native::direct_copy_kernel_cuda(at::TensorIteratorBase&)::{lambda()#3}::operator()() const::{lambda()#12}::operator()() const::{lambda(c10::BFloat16)#1} const&)::{lambda(int)#1}>(int, at::native::gpu_kernel_impl_nocast<at::native::direct_copy_kernel_cuda(at::TensorIteratorBase&)::{lambda()#3}::operator()() const::{lambda()#12}::operator()() const::{lambda(c10::BFloat16)#1}>(at::TensorIteratorBase&, at::native::direct_copy_kernel_cuda(at::TensorIteratorBase&)::{lambda()#3}::operator()() const::{lambda()#12}::operator()() const::{lambda(c10::BFloat16)#1} const&)::{lambda(int)#1})",26,operator_shape_matched,"[[14,1024],[14,1024],[]]","[""c10::BFloat16"",""c10::BFloat16"",""Scalar""]",null,60,194.981
aten::copy_,"void at::native::elementwise_kernel<128, 4, at::native::gpu_kernel_impl_nocast<at::native::direct_copy_kernel_cuda(at::TensorIteratorBase&)::{lambda()#3}::operator()() const::{lambda()#12}::operator()() const::{lambda(c10::BFloat16)#1}>(at::TensorIteratorBase&, at::native::direct_copy_kernel_cuda(at::TensorIteratorBase&)::{lambda()#3}::operator()() const::{lambda()#12}::operator()() const::{lambda(c10::BFloat16)#1} const&)::{lambda(int)#1}>(int, at::native::gpu_kernel_impl_nocast<at::native::direct_copy_kernel_cuda(at::TensorIteratorBase&)::{lambda()#3}::operator()() const::{lambda()#12}::operator()() const::{lambda(c10::BFloat16)#1}>(at::TensorIteratorBase&, at::native::direct_copy_kernel_cuda(at::TensorIteratorBase&)::{lambda()#3}::operator()() const::{lambda()#12}::operator()() const::{lambda(c10::BFloat16)#1} const&)::{lambda(int)#1})",27,operator_shape_matched,"[[12,1024],[12,1024],[]]","[""c10::BFloat16"",""c10::BFloat16"",""Scalar""]",null,60,194.403
aten::copy_,"void at::native::elementwise_kernel<128, 4, at::native::gpu_kernel_impl_nocast<at::native::direct_copy_kernel_cuda(at::TensorIteratorBase&)::{lambda()#3}::operator()() const::{lambda()#12}::operator()() const::{lambda(c10::BFloat16)#1}>(at::TensorIteratorBase&, at::native::direct_copy_kernel_cuda(at::TensorIteratorBase&)::{lambda()#3}::operator()() const::{lambda()#12}::operator()() const::{lambda(c10::BFloat16)#1} const&)::{lambda(int)#1}>(int, at::native::gpu_kernel_impl_nocast<at::native::direct_copy_kernel_cuda(at::TensorIteratorBase&)::{lambda()#3}::operator()() const::{lambda()#12}::operator()() const::{lambda(c10::BFloat16)#1}>(at::TensorIteratorBase&, at::native::direct_copy_kernel_cuda(at::TensorIteratorBase&)::{lambda()#3}::operator()() const::{lambda()#12}::operator()() const::{lambda(c10::BFloat16)#1} const&)::{lambda(int)#1})",28,operator_shape_matched,"[[10,1024],[10,1024],[]]","[""c10::BFloat16"",""c10::BFloat16"",""Scalar""]",null,60,193.61
aten::copy_,"void at::native::elementwise_kernel<128, 4, at::native::gpu_kernel_impl_nocast<at::native::direct_copy_kernel_cuda(at::TensorIteratorBase&)::{lambda()#3}::operator()() const::{lambda()#12}::operator()() const::{lambda(c10::BFloat16)#1}>(at::TensorIteratorBase&, at::native::direct_copy_kernel_cuda(at::TensorIteratorBase&)::{lambda()#3}::operator()() const::{lambda()#12}::operator()() const::{lambda(c10::BFloat16)#1} const&)::{lambda(int)#1}>(int, at::native::gpu_kernel_impl_nocast<at::native::direct_copy_kernel_cuda(at::TensorIteratorBase&)::{lambda()#3}::operator()() const::{lambda()#12}::operator()() const::{lambda(c10::BFloat16)#1}>(at::TensorIteratorBase&, at::native::direct_copy_kernel_cuda(at::TensorIteratorBase&)::{lambda()#3}::operator()() const::{lambda()#12}::operator()() const::{lambda(c10::BFloat16)#1} const&)::{lambda(int)#1})",29,operator_shape_matched,"[[8,1024],[8,1024],[]]","[""c10::BFloat16"",""c10::BFloat16"",""Scalar""]",null,60,190.792
aten::copy_,"void at::native::elementwise_kernel<128, 4, at::native::gpu_kernel_impl_nocast<at::native::direct_copy_kernel_cuda(at::TensorIteratorBase&)::{lambda()#3}::operator()() const::{lambda()#12}::operator()() const::{lambda(c10::BFloat16)#1}>(at::TensorIteratorBase&, at::native::direct_copy_kernel_cuda(at::TensorIteratorBase&)::{lambda()#3}::operator()() const::{lambda()#12}::operator()() const::{lambda(c10::BFloat16)#1} const&)::{lambda(int)#1}>(int, at::native::gpu_kernel_impl_nocast<at::native::direct_copy_kernel_cuda(at::TensorIteratorBase&)::{lambda()#3}::operator()() const::{lambda()#12}::operator()() const::{lambda(c10::BFloat16)#1}>(at::TensorIteratorBase&, at::native::direct_copy_kernel_cuda(at::TensorIteratorBase&)::{lambda()#3}::operator()() const::{lambda()#12}::operator()() const::{lambda(c10::BFloat16)#1} const&)::{lambda(int)#1})",30,operator_shape_matched,"[[6,1024],[6,1024],[]]","[""c10::BFloat16"",""c10::BFloat16"",""Scalar""]",null,60,190.022
aten::copy_,"void at::native::elementwise_kernel<128, 4, at::native::gpu_kernel_impl_nocast<at::native::direct_copy_kernel_cuda(at::TensorIteratorBase&)::{lambda()#3}::operator()() const::{lambda()#12}::operator()() const::{lambda(c10::BFloat16)#1}>(at::TensorIteratorBase&, at::native::direct_copy_kernel_cuda(at::TensorIteratorBase&)::{lambda()#3}::operator()() const::{lambda()#12}::operator()() const::{lambda(c10::BFloat16)#1} const&)::{lambda(int)#1}>(int, at::native::gpu_kernel_impl_nocast<at::native::direct_copy_kernel_cuda(at::TensorIteratorBase&)::{lambda()#3}::operator()() const::{lambda()#12}::operator()() const::{lambda(c10::BFloat16)#1}>(at::TensorIteratorBase&, at::native::direct_copy_kernel_cuda(at::TensorIteratorBase&)::{lambda()#3}::operator()() const::{lambda()#12}::operator()() const::{lambda(c10::BFloat16)#1} const&)::{lambda(int)#1})",31,operator_shape_matched,"[[4,1024],[4,1024],[]]","[""c10::BFloat16"",""c10::BFloat16"",""Scalar""]",null,60,187.908
aten::copy_,"void at::native::elementwise_kernel<128, 4, at::native::gpu_kernel_impl_nocast<at::native::direct_copy_kernel_cuda(at::TensorIteratorBase&)::{lambda()#3}::operator()() const::{lambda()#12}::operator()() const::{lambda(c10::BFloat16)#1}>(at::TensorIteratorBase&, at::native::direct_copy_kernel_cuda(at::TensorIteratorBase&)::{lambda()#3}::operator()() const::{lambda()#12}::operator()() const::{lambda(c10::BFloat16)#1} const&)::{lambda(int)#1}>(int, at::native::gpu_kernel_impl_nocast<at::native::direct_copy_kernel_cuda(at::TensorIteratorBase&)::{lambda()#3}::operator()() const::{lambda()#12}::operator()() const::{lambda(c10::BFloat16)#1}>(at::TensorIteratorBase&, at::native::direct_copy_kernel_cuda(at::TensorIteratorBase&)::{lambda()#3}::operator()() const::{lambda()#12}::operator()() const::{lambda(c10::BFloat16)#1} const&)::{lambda(int)#1})",32,operator_shape_matched,"[[3,1024],[3,1024],[]]","[""c10::BFloat16"",""c10::BFloat16"",""Scalar""]",null,60,186.435
aten::copy_,"void at::native::elementwise_kernel<128, 4, at::native::gpu_kernel_impl_nocast<at::native::direct_copy_kernel_cuda(at::TensorIteratorBase&)::{lambda()#3}::operator()() const::{lambda()#12}::operator()() const::{lambda(c10::BFloat16)#1}>(at::TensorIteratorBase&, at::native::direct_copy_kernel_cuda(at::TensorIteratorBase&)::{lambda()#3}::operator()() const::{lambda()#12}::operator()() const::{lambda(c10::BFloat16)#1} const&)::{lambda(int)#1}>(int, at::native::gpu_kernel_impl_nocast<at::native::direct_copy_kernel_cuda(at::TensorIteratorBase&)::{lambda()#3}::operator()() const::{lambda()#12}::operator()() const::{lambda(c10::BFloat16)#1}>(at::TensorIteratorBase&, at::native::direct_copy_kernel_cuda(at::TensorIteratorBase&)::{lambda()#3}::operator()() const::{lambda()#12}::operator()() const::{lambda(c10::BFloat16)#1} const&)::{lambda(int)#1})",33,operator_shape_matched,"[[63,2,124160],[63,2,124160],[]]","[""c10::BFloat16"",""c10::BFloat16"",""Scalar""]",null,3,125.251
aten::copy_,"void at::native::elementwise_kernel<128, 4, at::native::gpu_kernel_impl_nocast<at::native::direct_copy_kernel_cuda(at::TensorIteratorBase&)::{lambda()#3}::operator()() const::{lambda()#12}::operator()() const::{lambda(c10::BFloat16)#1}>(at::TensorIteratorBase&, at::native::direct_copy_kernel_cuda(at::TensorIteratorBase&)::{lambda()#3}::operator()() const::{lambda()#12}::operator()() const::{lambda(c10::BFloat16)#1} const&)::{lambda(int)#1}>(int, at::native::gpu_kernel_impl_nocast<at::native::direct_copy_kernel_cuda(at::TensorIteratorBase&)::{lambda()#3}::operator()() const::{lambda()#12}::operator()() const::{lambda(c10::BFloat16)#1}>(at::TensorIteratorBase&, at::native::direct_copy_kernel_cuda(at::TensorIteratorBase&)::{lambda()#3}::operator()() const::{lambda()#12}::operator()() const::{lambda(c10::BFloat16)#1} const&)::{lambda(int)#1})",34,operator_shape_matched,"[[60,2048],[60,2048],[]]","[""c10::BFloat16"",""c10::BFloat16"",""Scalar""]",null,30,103.65
aten::copy_,"void at::native::elementwise_kernel<128, 4, at::native::gpu_kernel_impl_nocast<at::native::direct_copy_kernel_cuda(at::TensorIteratorBase&)::{lambda()#3}::operator()() const::{lambda()#12}::operator()() const::{lambda(c10::BFloat16)#1}>(at::TensorIteratorBase&, at::native::direct_copy_kernel_cuda(at::TensorIteratorBase&)::{lambda()#3}::operator()() const::{lambda()#12}::operator()() const::{lambda(c10::BFloat16)#1} const&)::{lambda(int)#1}>(int, at::native::gpu_kernel_impl_nocast<at::native::direct_copy_kernel_cuda(at::TensorIteratorBase&)::{lambda()#3}::operator()() const::{lambda()#12}::operator()() const::{lambda(c10::BFloat16)#1}>(at::TensorIteratorBase&, at::native::direct_copy_kernel_cuda(at::TensorIteratorBase&)::{lambda()#3}::operator()() const::{lambda()#12}::operator()() const::{lambda(c10::BFloat16)#1} const&)::{lambda(int)#1})",35,operator_shape_matched,"[[62,2048],[62,2048],[]]","[""c10::BFloat16"",""c10::BFloat16"",""Scalar""]",null,30,103.368
aten::copy_,"void at::native::elementwise_kernel<128, 4, at::native::gpu_kernel_impl_nocast<at::native::direct_copy_kernel_cuda(at::TensorIteratorBase&)::{lambda()#3}::operator()() const::{lambda()#12}::operator()() const::{lambda(c10::BFloat16)#1}>(at::TensorIteratorBase&, at::native::direct_copy_kernel_cuda(at::TensorIteratorBase&)::{lambda()#3}::operator()() const::{lambda()#12}::operator()() const::{lambda(c10::BFloat16)#1} const&)::{lambda(int)#1}>(int, at::native::gpu_kernel_impl_nocast<at::native::direct_copy_kernel_cuda(at::TensorIteratorBase&)::{lambda()#3}::operator()() const::{lambda()#12}::operator()() const::{lambda(c10::BFloat16)#1}>(at::TensorIteratorBase&, at::native::direct_copy_kernel_cuda(at::TensorIteratorBase&)::{lambda()#3}::operator()() const::{lambda()#12}::operator()() const::{lambda(c10::BFloat16)#1} const&)::{lambda(int)#1})",36,operator_shape_matched,"[[54,2048],[54,2048],[]]","[""c10::BFloat16"",""c10::BFloat16"",""Scalar""]",null,30,103.105
aten::copy_,"void at::native::elementwise_kernel<128, 4, at::native::gpu_kernel_impl_nocast<at::native::direct_copy_kernel_cuda(at::TensorIteratorBase&)::{lambda()#3}::operator()() const::{lambda()#12}::operator()() const::{lambda(c10::BFloat16)#1}>(at::TensorIteratorBase&, at::native::direct_copy_kernel_cuda(at::TensorIteratorBase&)::{lambda()#3}::operator()() const::{lambda()#12}::operator()() const::{lambda(c10::BFloat16)#1} const&)::{lambda(int)#1}>(int, at::native::gpu_kernel_impl_nocast<at::native::direct_copy_kernel_cuda(at::TensorIteratorBase&)::{lambda()#3}::operator()() const::{lambda()#12}::operator()() const::{lambda(c10::BFloat16)#1}>(at::TensorIteratorBase&, at::native::direct_copy_kernel_cuda(at::TensorIteratorBase&)::{lambda()#3}::operator()() const::{lambda()#12}::operator()() const::{lambda(c10::BFloat16)#1} const&)::{lambda(int)#1})",37,operator_shape_matched,"[[56,2048],[56,2048],[]]","[""c10::BFloat16"",""c10::BFloat16"",""Scalar""]",null,30,102.818
aten::copy_,"void at::native::elementwise_kernel<128, 4, at::native::gpu_kernel_impl_nocast<at::native::direct_copy_kernel_cuda(at::TensorIteratorBase&)::{lambda()#3}::operator()() const::{lambda()#12}::operator()() const::{lambda(c10::BFloat16)#1}>(at::TensorIteratorBase&, at::native::direct_copy_kernel_cuda(at::TensorIteratorBase&)::{lambda()#3}::operator()() const::{lambda()#12}::operator()() const::{lambda(c10::BFloat16)#1} const&)::{lambda(int)#1}>(int, at::native::gpu_kernel_impl_nocast<at::native::direct_copy_kernel_cuda(at::TensorIteratorBase&)::{lambda()#3}::operator()() const::{lambda()#12}::operator()() const::{lambda(c10::BFloat16)#1}>(at::TensorIteratorBase&, at::native::direct_copy_kernel_cuda(at::TensorIteratorBase&)::{lambda()#3}::operator()() const::{lambda()#12}::operator()() const::{lambda(c10::BFloat16)#1} const&)::{lambda(int)#1})",38,operator_shape_matched,"[[58,2048],[58,2048],[]]","[""c10::BFloat16"",""c10::BFloat16"",""Scalar""]",null,30,102.689
aten::copy_,"void at::native::elementwise_kernel<128, 4, at::native::gpu_kernel_impl_nocast<at::native::direct_copy_kernel_cuda(at::TensorIteratorBase&)::{lambda()#3}::operator()() const::{lambda()#12}::operator()() const::{lambda(c10::BFloat16)#1}>(at::TensorIteratorBase&, at::native::direct_copy_kernel_cuda(at::TensorIteratorBase&)::{lambda()#3}::operator()() const::{lambda()#12}::operator()() const::{lambda(c10::BFloat16)#1} const&)::{lambda(int)#1}>(int, at::native::gpu_kernel_impl_nocast<at::native::direct_copy_kernel_cuda(at::TensorIteratorBase&)::{lambda()#3}::operator()() const::{lambda()#12}::operator()() const::{lambda(c10::BFloat16)#1}>(at::TensorIteratorBase&, at::native::direct_copy_kernel_cuda(at::TensorIteratorBase&)::{lambda()#3}::operator()() const::{lambda()#12}::operator()() const::{lambda(c10::BFloat16)#1} const&)::{lambda(int)#1})",39,operator_shape_matched,"[[46,2048],[46,2048],[]]","[""c10::BFloat16"",""c10::BFloat16"",""Scalar""]",null,30,102.53
aten::copy_,"void at::native::elementwise_kernel<128, 4, at::native::gpu_kernel_impl_nocast<at::native::direct_copy_kernel_cuda(at::TensorIteratorBase&)::{lambda()#3}::operator()() const::{lambda()#12}::operator()() const::{lambda(c10::BFloat16)#1}>(at::TensorIteratorBase&, at::native::direct_copy_kernel_cuda(at::TensorIteratorBase&)::{lambda()#3}::operator()() const::{lambda()#12}::operator()() const::{lambda(c10::BFloat16)#1} const&)::{lambda(int)#1}>(int, at::native::gpu_kernel_impl_nocast<at::native::direct_copy_kernel_cuda(at::TensorIteratorBase&)::{lambda()#3}::operator()() const::{lambda()#12}::operator()() const::{lambda(c10::BFloat16)#1}>(at::TensorIteratorBase&, at::native::direct_copy_kernel_cuda(at::TensorIteratorBase&)::{lambda()#3}::operator()() const::{lambda()#12}::operator()() const::{lambda(c10::BFloat16)#1} const&)::{lambda(int)#1})",40,operator_shape_matched,"[[52,2048],[52,2048],[]]","[""c10::BFloat16"",""c10::BFloat16"",""Scalar""]",null,30,102.242
aten::copy_,"void at::native::elementwise_kernel<128, 4, at::native::gpu_kernel_impl_nocast<at::native::direct_copy_kernel_cuda(at::TensorIteratorBase&)::{lambda()#3}::operator()() const::{lambda()#12}::operator()() const::{lambda(c10::BFloat16)#1}>(at::TensorIteratorBase&, at::native::direct_copy_kernel_cuda(at::TensorIteratorBase&)::{lambda()#3}::operator()() const::{lambda()#12}::operator()() const::{lambda(c10::BFloat16)#1} const&)::{lambda(int)#1}>(int, at::native::gpu_kernel_impl_nocast<at::native::direct_copy_kernel_cuda(at::TensorIteratorBase&)::{lambda()#3}::operator()() const::{lambda()#12}::operator()() const::{lambda(c10::BFloat16)#1}>(at::TensorIteratorBase&, at::native::direct_copy_kernel_cuda(at::TensorIteratorBase&)::{lambda()#3}::operator()() const::{lambda()#12}::operator()() const::{lambda(c10::BFloat16)#1} const&)::{lambda(int)#1})",41,operator_shape_matched,"[[48,2048],[48,2048],[]]","[""c10::BFloat16"",""c10::BFloat16"",""Scalar""]",null,30,101.792
aten::copy_,"void at::native::elementwise_kernel<128, 4, at::native::gpu_kernel_impl_nocast<at::native::direct_copy_kernel_cuda(at::TensorIteratorBase&)::{lambda()#3}::operator()() const::{lambda()#12}::operator()() const::{lambda(c10::BFloat16)#1}>(at::TensorIteratorBase&, at::native::direct_copy_kernel_cuda(at::TensorIteratorBase&)::{lambda()#3}::operator()() const::{lambda()#12}::operator()() const::{lambda(c10::BFloat16)#1} const&)::{lambda(int)#1}>(int, at::native::gpu_kernel_impl_nocast<at::native::direct_copy_kernel_cuda(at::TensorIteratorBase&)::{lambda()#3}::operator()() const::{lambda()#12}::operator()() const::{lambda(c10::BFloat16)#1}>(at::TensorIteratorBase&, at::native::direct_copy_kernel_cuda(at::TensorIteratorBase&)::{lambda()#3}::operator()() const::{lambda()#12}::operator()() const::{lambda(c10::BFloat16)#1} const&)::{lambda(int)#1})",42,operator_shape_matched,"[[50,2048],[50,2048],[]]","[""c10::BFloat16"",""c10::BFloat16"",""Scalar""]",null,30,101.726
aten::copy_,"void at::native::elementwise_kernel<128, 4, at::native::gpu_kernel_impl_nocast<at::native::direct_copy_kernel_cuda(at::TensorIteratorBase&)::{lambda()#3}::operator()() const::{lambda()#12}::operator()() const::{lambda(c10::BFloat16)#1}>(at::TensorIteratorBase&, at::native::direct_copy_kernel_cuda(at::TensorIteratorBase&)::{lambda()#3}::operator()() const::{lambda()#12}::operator()() const::{lambda(c10::BFloat16)#1} const&)::{lambda(int)#1}>(int, at::native::gpu_kernel_impl_nocast<at::native::direct_copy_kernel_cuda(at::TensorIteratorBase&)::{lambda()#3}::operator()() const::{lambda()#12}::operator()() const::{lambda(c10::BFloat16)#1}>(at::TensorIteratorBase&, at::native::direct_copy_kernel_cuda(at::TensorIteratorBase&)::{lambda()#3}::operator()() const::{lambda()#12}::operator()() const::{lambda(c10::BFloat16)#1} const&)::{lambda(int)#1})",43,operator_shape_matched,"[[42,2048],[42,2048],[]]","[""c10::BFloat16"",""c10::BFloat16"",""Scalar""]",null,30,101.604
aten::copy_,"void at::native::elementwise_kernel<128, 4, at::native::gpu_kernel_impl_nocast<at::native::direct_copy_kernel_cuda(at::TensorIteratorBase&)::{lambda()#3}::operator()() const::{lambda()#12}::operator()() const::{lambda(c10::BFloat16)#1}>(at::TensorIteratorBase&, at::native::direct_copy_kernel_cuda(at::TensorIteratorBase&)::{lambda()#3}::operator()() const::{lambda()#12}::operator()() const::{lambda(c10::BFloat16)#1} const&)::{lambda(int)#1}>(int, at::native::gpu_kernel_impl_nocast<at::native::direct_copy_kernel_cuda(at::TensorIteratorBase&)::{lambda()#3}::operator()() const::{lambda()#12}::operator()() const::{lambda(c10::BFloat16)#1}>(at::TensorIteratorBase&, at::native::direct_copy_kernel_cuda(at::TensorIteratorBase&)::{lambda()#3}::operator()() const::{lambda()#12}::operator()() const::{lambda(c10::BFloat16)#1} const&)::{lambda(int)#1})",44,operator_shape_matched,"[[36,2048],[36,2048],[]]","[""c10::BFloat16"",""c10::BFloat16"",""Scalar""]",null,30,101.506
aten::copy_,"void at::native::elementwise_kernel<128, 4, at::native::gpu_kernel_impl_nocast<at::native::direct_copy_kernel_cuda(at::TensorIteratorBase&)::{lambda()#3}::operator()() const::{lambda()#12}::operator()() const::{lambda(c10::BFloat16)#1}>(at::TensorIteratorBase&, at::native::direct_copy_kernel_cuda(at::TensorIteratorBase&)::{lambda()#3}::operator()() const::{lambda()#12}::operator()() const::{lambda(c10::BFloat16)#1} const&)::{lambda(int)#1}>(int, at::native::gpu_kernel_impl_nocast<at::native::direct_copy_kernel_cuda(at::TensorIteratorBase&)::{lambda()#3}::operator()() const::{lambda()#12}::operator()() const::{lambda(c10::BFloat16)#1}>(at::TensorIteratorBase&, at::native::direct_copy_kernel_cuda(at::TensorIteratorBase&)::{lambda()#3}::operator()() const::{lambda()#12}::operator()() const::{lambda(c10::BFloat16)#1} const&)::{lambda(int)#1})",45,operator_shape_matched,"[[38,2048],[38,2048],[]]","[""c10::BFloat16"",""c10::BFloat16"",""Scalar""]",null,30,100.836
aten::copy_,"void at::native::elementwise_kernel<128, 4, at::native::gpu_kernel_impl_nocast<at::native::direct_copy_kernel_cuda(at::TensorIteratorBase&)::{lambda()#3}::operator()() const::{lambda()#12}::operator()() const::{lambda(c10::BFloat16)#1}>(at::TensorIteratorBase&, at::native::direct_copy_kernel_cuda(at::TensorIteratorBase&)::{lambda()#3}::operator()() const::{lambda()#12}::operator()() const::{lambda(c10::BFloat16)#1} const&)::{lambda(int)#1}>(int, at::native::gpu_kernel_impl_nocast<at::native::direct_copy_kernel_cuda(at::TensorIteratorBase&)::{lambda()#3}::operator()() const::{lambda()#12}::operator()() const::{lambda(c10::BFloat16)#1}>(at::TensorIteratorBase&, at::native::direct_copy_kernel_cuda(at::TensorIteratorBase&)::{lambda()#3}::operator()() const::{lambda()#12}::operator()() const::{lambda(c10::BFloat16)#1} const&)::{lambda(int)#1})",46,operator_shape_matched,"[[44,2048],[44,2048],[]]","[""c10::BFloat16"",""c10::BFloat16"",""Scalar""]",null,30,100.738
aten::copy_,"void at::native::elementwise_kernel<128, 4, at::native::gpu_kernel_impl_nocast<at::native::direct_copy_kernel_cuda(at::TensorIteratorBase&)::{lambda()#3}::operator()() const::{lambda()#12}::operator()() const::{lambda(c10::BFloat16)#1}>(at::TensorIteratorBase&, at::native::direct_copy_kernel_cuda(at::TensorIteratorBase&)::{lambda()#3}::operator()() const::{lambda()#12}::operator()() const::{lambda(c10::BFloat16)#1} const&)::{lambda(int)#1}>(int, at::native::gpu_kernel_impl_nocast<at::native::direct_copy_kernel_cuda(at::TensorIteratorBase&)::{lambda()#3}::operator()() const::{lambda()#12}::operator()() const::{lambda(c10::BFloat16)#1}>(at::TensorIteratorBase&, at::native::direct_copy_kernel_cuda(at::TensorIteratorBase&)::{lambda()#3}::operator()() const::{lambda()#12}::operator()() const::{lambda(c10::BFloat16)#1} const&)::{lambda(int)#1})",47,operator_shape_matched,"[[34,2048],[34,2048],[]]","[""c10::BFloat16"",""c10::BFloat16"",""Scalar""]",null,30,100.415
aten::copy_,"void at::native::elementwise_kernel<128, 4, at::native::gpu_kernel_impl_nocast<at::native::direct_copy_kernel_cuda(at::TensorIteratorBase&)::{lambda()#3}::operator()() const::{lambda()#12}::operator()() const::{lambda(c10::BFloat16)#1}>(at::TensorIteratorBase&, at::native::direct_copy_kernel_cuda(at::TensorIteratorBase&)::{lambda()#3}::operator()() const::{lambda()#12}::operator()() const::{lambda(c10::BFloat16)#1} const&)::{lambda(int)#1}>(int, at::native::gpu_kernel_impl_nocast<at::native::direct_copy_kernel_cuda(at::TensorIteratorBase&)::{lambda()#3}::operator()() const::{lambda()#12}::operator()() const::{lambda(c10::BFloat16)#1}>(at::TensorIteratorBase&, at::native::direct_copy_kernel_cuda(at::TensorIteratorBase&)::{lambda()#3}::operator()() const::{lambda()#12}::operator()() const::{lambda(c10::BFloat16)#1} const&)::{lambda(int)#1})",48,operator_shape_matched,"[[40,2048],[40,2048],[]]","[""c10::BFloat16"",""c10::BFloat16"",""Scalar""]",null,30,100.353
aten::copy_,"void at::native::elementwise_kernel<128, 4, at::native::gpu_kernel_impl_nocast<at::native::direct_copy_kernel_cuda(at::TensorIteratorBase&)::{lambda()#3}::operator()() const::{lambda()#12}::operator()() const::{lambda(c10::BFloat16)#1}>(at::TensorIteratorBase&, at::native::direct_copy_kernel_cuda(at::TensorIteratorBase&)::{lambda()#3}::operator()() const::{lambda()#12}::operator()() const::{lambda(c10::BFloat16)#1} const&)::{lambda(int)#1}>(int, at::native::gpu_kernel_impl_nocast<at::native::direct_copy_kernel_cuda(at::TensorIteratorBase&)::{lambda()#3}::operator()() const::{lambda()#12}::operator()() const::{lambda(c10::BFloat16)#1}>(at::TensorIteratorBase&, at::native::direct_copy_kernel_cuda(at::TensorIteratorBase&)::{lambda()#3}::operator()() const::{lambda()#12}::operator()() const::{lambda(c10::BFloat16)#1} const&)::{lambda(int)#1})",49,operator_shape_matched,"[[30,2048],[30,2048],[]]","[""c10::BFloat16"",""c10::BFloat16"",""Scalar""]",null,30,100.064
aten::copy_,"void at::native::elementwise_kernel<128, 4, at::native::gpu_kernel_impl_nocast<at::native::direct_copy_kernel_cuda(at::TensorIteratorBase&)::{lambda()#3}::operator()() const::{lambda()#12}::operator()() const::{lambda(c10::BFloat16)#1}>(at::TensorIteratorBase&, at::native::direct_copy_kernel_cuda(at::TensorIteratorBase&)::{lambda()#3}::operator()() const::{lambda()#12}::operator()() const::{lambda(c10::BFloat16)#1} const&)::{lambda(int)#1}>(int, at::native::gpu_kernel_impl_nocast<at::native::direct_copy_kernel_cuda(at::TensorIteratorBase&)::{lambda()#3}::operator()() const::{lambda()#12}::operator()() const::{lambda(c10::BFloat16)#1}>(at::TensorIteratorBase&, at::native::direct_copy_kernel_cuda(at::TensorIteratorBase&)::{lambda()#3}::operator()() const::{lambda()#12}::operator()() const::{lambda(c10::BFloat16)#1} const&)::{lambda(int)#1})",50,operator_shape_matched,"[[28,2048],[28,2048],[]]","[""c10::BFloat16"",""c10::BFloat16"",""Scalar""]",null,30,99.744
aten::copy_,"void at::native::elementwise_kernel<128, 4, at::native::gpu_kernel_impl_nocast<at::native::direct_copy_kernel_cuda(at::TensorIteratorBase&)::{lambda()#3}::operator()() const::{lambda()#12}::operator()() const::{lambda(c10::BFloat16)#1}>(at::TensorIteratorBase&, at::native::direct_copy_kernel_cuda(at::TensorIteratorBase&)::{lambda()#3}::operator()() const::{lambda()#12}::operator()() const::{lambda(c10::BFloat16)#1} const&)::{lambda(int)#1}>(int, at::native::gpu_kernel_impl_nocast<at::native::direct_copy_kernel_cuda(at::TensorIteratorBase&)::{lambda()#3}::operator()() const::{lambda()#12}::operator()() const::{lambda(c10::BFloat16)#1}>(at::TensorIteratorBase&, at::native::direct_copy_kernel_cuda(at::TensorIteratorBase&)::{lambda()#3}::operator()() const::{lambda()#12}::operator()() const::{lambda(c10::BFloat16)#1} const&)::{lambda(int)#1})",51,operator_shape_matched,"[[32,2048],[32,2048],[]]","[""c10::BFloat16"",""c10::BFloat16"",""Scalar""]",null,30,99.591
aten::copy_,"void at::native::elementwise_kernel<128, 4, at::native::gpu_kernel_impl_nocast<at::native::direct_copy_kernel_cuda(at::TensorIteratorBase&)::{lambda()#3}::operator()() const::{lambda()#12}::operator()() const::{lambda(c10::BFloat16)#1}>(at::TensorIteratorBase&, at::native::direct_copy_kernel_cuda(at::TensorIteratorBase&)::{lambda()#3}::operator()() const::{lambda()#12}::operator()() const::{lambda(c10::BFloat16)#1} const&)::{lambda(int)#1}>(int, at::native::gpu_kernel_impl_nocast<at::native::direct_copy_kernel_cuda(at::TensorIteratorBase&)::{lambda()#3}::operator()() const::{lambda()#12}::operator()() const::{lambda(c10::BFloat16)#1}>(at::TensorIteratorBase&, at::native::direct_copy_kernel_cuda(at::TensorIteratorBase&)::{lambda()#3}::operator()() const::{lambda()#12}::operator()() const::{lambda(c10::BFloat16)#1} const&)::{lambda(int)#1})",52,operator_shape_matched,"[[26,2048],[26,2048],[]]","[""c10::BFloat16"",""c10::BFloat16"",""Scalar""]",null,30,99.043
aten::copy_,"void at::native::elementwise_kernel<128, 4, at::native::gpu_kernel_impl_nocast<at::native::direct_copy_kernel_cuda(at::TensorIteratorBase&)::{lambda()#3}::operator()() const::{lambda()#12}::operator()() const::{lambda(c10::BFloat16)#1}>(at::TensorIteratorBase&, at::native::direct_copy_kernel_cuda(at::TensorIteratorBase&)::{lambda()#3}::operator()() const::{lambda()#12}::operator()() const::{lambda(c10::BFloat16)#1} const&)::{lambda(int)#1}>(int, at::native::gpu_kernel_impl_nocast<at::native::direct_copy_kernel_cuda(at::TensorIteratorBase&)::{lambda()#3}::operator()() const::{lambda()#12}::operator()() const::{lambda(c10::BFloat16)#1}>(at::TensorIteratorBase&, at::native::direct_copy_kernel_cuda(at::TensorIteratorBase&)::{lambda()#3}::operator()() const::{lambda()#12}::operator()() const::{lambda(c10::BFloat16)#1} const&)::{lambda(int)#1})",53,operator_shape_matched,"[[24,2048],[24,2048],[]]","[""c10::BFloat16"",""c10::BFloat16"",""Scalar""]",null,30,98.69
aten::copy_,"void at::native::elementwise_kernel<128, 4, at::native::gpu_kernel_impl_nocast<at::native::direct_copy_kernel_cuda(at::TensorIteratorBase&)::{lambda()#3}::operator()() const::{lambda()#12}::operator()() const::{lambda(c10::BFloat16)#1}>(at::TensorIteratorBase&, at::native::direct_copy_kernel_cuda(at::TensorIteratorBase&)::{lambda()#3}::operator()() const::{lambda()#12}::operator()() const::{lambda(c10::BFloat16)#1} const&)::{lambda(int)#1}>(int, at::native::gpu_kernel_impl_nocast<at::native::direct_copy_kernel_cuda(at::TensorIteratorBase&)::{lambda()#3}::operator()() const::{lambda()#12}::operator()() const::{lambda(c10::BFloat16)#1}>(at::TensorIteratorBase&, at::native::direct_copy_kernel_cuda(at::TensorIteratorBase&)::{lambda()#3}::operator()() const::{lambda()#12}::operator()() const::{lambda(c10::BFloat16)#1} const&)::{lambda(int)#1})",54,operator_shape_matched,"[[20,2048],[20,2048],[]]","[""c10::BFloat16"",""c10::BFloat16"",""Scalar""]",null,30,98.563
aten::copy_,"void at::native::elementwise_kernel<128, 4, at::native::gpu_kernel_impl_nocast<at::native::direct_copy_kernel_cuda(at::TensorIteratorBase&)::{lambda()#3}::operator()() const::{lambda()#12}::operator()() const::{lambda(c10::BFloat16)#1}>(at::TensorIteratorBase&, at::native::direct_copy_kernel_cuda(at::TensorIteratorBase&)::{lambda()#3}::operator()() const::{lambda()#12}::operator()() const::{lambda(c10::BFloat16)#1} const&)::{lambda(int)#1}>(int, at::native::gpu_kernel_impl_nocast<at::native::direct_copy_kernel_cuda(at::TensorIteratorBase&)::{lambda()#3}::operator()() const::{lambda()#12}::operator()() const::{lambda(c10::BFloat16)#1}>(at::TensorIteratorBase&, at::native::direct_copy_kernel_cuda(at::TensorIteratorBase&)::{lambda()#3}::operator()() const::{lambda()#12}::operator()() const::{lambda(c10::BFloat16)#1} const&)::{lambda(int)#1})",55,operator_shape_matched,"[[22,2048],[22,2048],[]]","[""c10::BFloat16"",""c10::BFloat16"",""Scalar""]",null,30,98.56
aten::copy_,"void at::native::elementwise_kernel<128, 4, at::native::gpu_kernel_impl_nocast<at::native::direct_copy_kernel_cuda(at::TensorIteratorBase&)::{lambda()#3}::operator()() const::{lambda()#12}::operator()() const::{lambda(c10::BFloat16)#1}>(at::TensorIteratorBase&, at::native::direct_copy_kernel_cuda(at::TensorIteratorBase&)::{lambda()#3}::operator()() const::{lambda()#12}::operator()() const::{lambda(c10::BFloat16)#1} const&)::{lambda(int)#1}>(int, at::native::gpu_kernel_impl_nocast<at::native::direct_copy_kernel_cuda(at::TensorIteratorBase&)::{lambda()#3}::operator()() const::{lambda()#12}::operator()() const::{lambda(c10::BFloat16)#1}>(at::TensorIteratorBase&, at::native::direct_copy_kernel_cuda(at::TensorIteratorBase&)::{lambda()#3}::operator()() const::{lambda()#12}::operator()() const::{lambda(c10::BFloat16)#1} const&)::{lambda(int)#1})",56,operator_shape_matched,"[[18,2048],[18,2048],[]]","[""c10::BFloat16"",""c10::BFloat16"",""Scalar""]",null,30,97.856
aten::copy_,"void at::native::elementwise_kernel<128, 4, at::native::gpu_kernel_impl_nocast<at::native::direct_copy_kernel_cuda(at::TensorIteratorBase&)::{lambda()#3}::operator()() const::{lambda()#12}::operator()() const::{lambda(c10::BFloat16)#1}>(at::TensorIteratorBase&, at::native::direct_copy_kernel_cuda(at::TensorIteratorBase&)::{lambda()#3}::operator()() const::{lambda()#12}::operator()() const::{lambda(c10::BFloat16)#1} const&)::{lambda(int)#1}>(int, at::native::gpu_kernel_impl_nocast<at::native::direct_copy_kernel_cuda(at::TensorIteratorBase&)::{lambda()#3}::operator()() const::{lambda()#12}::operator()() const::{lambda(c10::BFloat16)#1}>(at::TensorIteratorBase&, at::native::direct_copy_kernel_cuda(at::TensorIteratorBase&)::{lambda()#3}::operator()() const::{lambda()#12}::operator()() const::{lambda(c10::BFloat16)#1} const&)::{lambda(int)#1})",57,operator_shape_matched,"[[12,2048],[12,2048],[]]","[""c10::BFloat16"",""c10::BFloat16"",""Scalar""]",null,30,97.571
aten::copy_,"void at::native::elementwise_kernel<128, 4, at::native::gpu_kernel_impl_nocast<at::native::direct_copy_kernel_cuda(at::TensorIteratorBase&)::{lambda()#3}::operator()() const::{lambda()#12}::operator()() const::{lambda(c10::BFloat16)#1}>(at::TensorIteratorBase&, at::native::direct_copy_kernel_cuda(at::TensorIteratorBase&)::{lambda()#3}::operator()() const::{lambda()#12}::operator()() const::{lambda(c10::BFloat16)#1} const&)::{lambda(int)#1}>(int, at::native::gpu_kernel_impl_nocast<at::native::direct_copy_kernel_cuda(at::TensorIteratorBase&)::{lambda()#3}::operator()() const::{lambda()#12}::operator()() const::{lambda(c10::BFloat16)#1}>(at::TensorIteratorBase&, at::native::direct_copy_kernel_cuda(at::TensorIteratorBase&)::{lambda()#3}::operator()() const::{lambda()#12}::operator()() const::{lambda(c10::BFloat16)#1} const&)::{lambda(int)#1})",58,operator_shape_matched,"[[14,2048],[14,2048],[]]","[""c10::BFloat16"",""c10::BFloat16"",""Scalar""]",null,30,97.537
aten::copy_,"void at::native::elementwise_kernel<128, 4, at::native::gpu_kernel_impl_nocast<at::native::direct_copy_kernel_cuda(at::TensorIteratorBase&)::{lambda()#3}::operator()() const::{lambda()#12}::operator()() const::{lambda(c10::BFloat16)#1}>(at::TensorIteratorBase&, at::native::direct_copy_kernel_cuda(at::TensorIteratorBase&)::{lambda()#3}::operator()() const::{lambda()#12}::operator()() const::{lambda(c10::BFloat16)#1} const&)::{lambda(int)#1}>(int, at::native::gpu_kernel_impl_nocast<at::native::direct_copy_kernel_cuda(at::TensorIteratorBase&)::{lambda()#3}::operator()() const::{lambda()#12}::operator()() const::{lambda(c10::BFloat16)#1}>(at::TensorIteratorBase&, at::native::direct_copy_kernel_cuda(at::TensorIteratorBase&)::{lambda()#3}::operator()() const::{lambda()#12}::operator()() const::{lambda(c10::BFloat16)#1} const&)::{lambda(int)#1})",59,operator_shape_matched,"[[16,2048],[16,2048],[]]","[""c10::BFloat16"",""c10::BFloat16"",""Scalar""]",null,30,96.893
aten::copy_,"void at::native::elementwise_kernel<128, 4, at::native::gpu_kernel_impl_nocast<at::native::direct_copy_kernel_cuda(at::TensorIteratorBase&)::{lambda()#3}::operator()() const::{lambda()#12}::operator()() const::{lambda(c10::BFloat16)#1}>(at::TensorIteratorBase&, at::native::direct_copy_kernel_cuda(at::TensorIteratorBase&)::{lambda()#3}::operator()() const::{lambda()#12}::operator()() const::{lambda(c10::BFloat16)#1} const&)::{lambda(int)#1}>(int, at::native::gpu_kernel_impl_nocast<at::native::direct_copy_kernel_cuda(at::TensorIteratorBase&)::{lambda()#3}::operator()() const::{lambda()#12}::operator()() const::{lambda(c10::BFloat16)#1}>(at::TensorIteratorBase&, at::native::direct_copy_kernel_cuda(at::TensorIteratorBase&)::{lambda()#3}::operator()() const::{lambda()#12}::operator()() const::{lambda(c10::BFloat16)#1} const&)::{lambda(int)#1})",60,operator_shape_matched,"[[10,2048],[10,2048],[]]","[""c10::BFloat16"",""c10::BFloat16"",""Scalar""]",null,30,96.48
aten::copy_,"void at::native::elementwise_kernel<128, 4, at::native::gpu_kernel_impl_nocast<at::native::direct_copy_kernel_cuda(at::TensorIteratorBase&)::{lambda()#3}::operator()() const::{lambda()#12}::operator()() const::{lambda(c10::BFloat16)#1}>(at::TensorIteratorBase&, at::native::direct_copy_kernel_cuda(at::TensorIteratorBase&)::{lambda()#3}::operator()() const::{lambda()#12}::operator()() const::{lambda(c10::BFloat16)#1} const&)::{lambda(int)#1}>(int, at::native::gpu_kernel_impl_nocast<at::native::direct_copy_kernel_cuda(at::TensorIteratorBase&)::{lambda()#3}::operator()() const::{lambda()#12}::operator()() const::{lambda(c10::BFloat16)#1}>(at::TensorIteratorBase&, at::native::direct_copy_kernel_cuda(at::TensorIteratorBase&)::{lambda()#3}::operator()() const::{lambda()#12}::operator()() const::{lambda(c10::BFloat16)#1} const&)::{lambda(int)#1})",61,operator_shape_matched,"[[8,2048],[8,2048],[]]","[""c10::BFloat16"",""c10::BFloat16"",""Scalar""]",null,30,96.097
aten::copy_,"void at::native::elementwise_kernel<128, 4, at::native::gpu_kernel_impl_nocast<at::native::direct_copy_kernel_cuda(at::TensorIteratorBase&)::{lambda()#3}::operator()() const::{lambda()#12}::operator()() const::{lambda(c10::BFloat16)#1}>(at::TensorIteratorBase&, at::native::direct_copy_kernel_cuda(at::TensorIteratorBase&)::{lambda()#3}::operator()() const::{lambda()#12}::operator()() const::{lambda(c10::BFloat16)#1} const&)::{lambda(int)#1}>(int, at::native::gpu_kernel_impl_nocast<at::native::direct_copy_kernel_cuda(at::TensorIteratorBase&)::{lambda()#3}::operator()() const::{lambda()#12}::operator()() const::{lambda(c10::BFloat16)#1}>(at::TensorIteratorBase&, at::native::direct_copy_kernel_cuda(at::TensorIteratorBase&)::{lambda()#3}::operator()() const::{lambda()#12}::operator()() const::{lambda(c10::BFloat16)#1} const&)::{lambda(int)#1})",62,operator_shape_matched,"[[6,2048],[6,2048],[]]","[""c10::BFloat16"",""c10::BFloat16"",""Scalar""]",null,30,94.624
aten::copy_,"void at::native::elementwise_kernel<128, 4, at::native::gpu_kernel_impl_nocast<at::native::direct_copy_kernel_cuda(at::TensorIteratorBase&)::{lambda()#3}::operator()() const::{lambda()#12}::operator()() const::{lambda(c10::BFloat16)#1}>(at::TensorIteratorBase&, at::native::direct_copy_kernel_cuda(at::TensorIteratorBase&)::{lambda()#3}::operator()() const::{lambda()#12}::operator()() const::{lambda(c10::BFloat16)#1} const&)::{lambda(int)#1}>(int, at::native::gpu_kernel_impl_nocast<at::native::direct_copy_kernel_cuda(at::TensorIteratorBase&)::{lambda()#3}::operator()() const::{lambda()#12}::operator()() const::{lambda(c10::BFloat16)#1}>(at::TensorIteratorBase&, at::native::direct_copy_kernel_cuda(at::TensorIteratorBase&)::{lambda()#3}::operator()() const::{lambda()#12}::operator()() const::{lambda(c10::BFloat16)#1} const&)::{lambda(int)#1})",63,operator_shape_matched,"[[4,2048],[4,2048],[]]","[""c10::BFloat16"",""c10::BFloat16"",""Scalar""]",null,30,93.732
aten::copy_,"void at::native::elementwise_kernel<128, 4, at::native::gpu_kernel_impl_nocast<at::native::direct_copy_kernel_cuda(at::TensorIteratorBase&)::{lambda()#3}::operator()() const::{lambda()#12}::operator()() const::{lambda(c10::BFloat16)#1}>(at::TensorIteratorBase&, at::native::direct_copy_kernel_cuda(at::TensorIteratorBase&)::{lambda()#3}::operator()() const::{lambda()#12}::operator()() const::{lambda(c10::BFloat16)#1} const&)::{lambda(int)#1}>(int, at::native::gpu_kernel_impl_nocast<at::native::direct_copy_kernel_cuda(at::TensorIteratorBase&)::{lambda()#3}::operator()() const::{lambda()#12}::operator()() const::{lambda(c10::BFloat16)#1}>(at::TensorIteratorBase&, at::native::direct_copy_kernel_cuda(at::TensorIteratorBase&)::{lambda()#3}::operator()() const::{lambda()#12}::operator()() const::{lambda(c10::BFloat16)#1} const&)::{lambda(int)#1})",64,operator_shape_matched,"[[3,2048],[3,2048],[]]","[""c10::BFloat16"",""c10::BFloat16"",""Scalar""]",null,30,92.928
aten::copy_,"void at::native::elementwise_kernel<128, 4, at::native::gpu_kernel_impl_nocast<at::native::direct_copy_kernel_cuda(at::TensorIteratorBase&)::{lambda()#3}::operator()() const::{lambda()#12}::operator()() const::{lambda(c10::BFloat16)#1}>(at::TensorIteratorBase&, at::native::direct_copy_kernel_cuda(at::TensorIteratorBase&)::{lambda()#3}::operator()() const::{lambda()#12}::operator()() const::{lambda(c10::BFloat16)#1} const&)::{lambda(int)#1}>(int, at::native::gpu_kernel_impl_nocast<at::native::direct_copy_kernel_cuda(at::TensorIteratorBase&)::{lambda()#3}::operator()() const::{lambda()#12}::operator()() const::{lambda(c10::BFloat16)#1}>(at::TensorIteratorBase&, at::native::direct_copy_kernel_cuda(at::TensorIteratorBase&)::{lambda()#3}::operator()() const::{lambda()#12}::operator()() const::{lambda(c10::BFloat16)#1} const&)::{lambda(int)#1})",65,operator_shape_matched,"[[62,2,124160],[62,2,124160],[]]","[""c10::BFloat16"",""c10::BFloat16"",""Scalar""]",null,1,40.8
aten::copy_,"void at::native::elementwise_kernel<128, 4, at::native::gpu_kernel_impl_nocast<at::native::direct_copy_kernel_cuda(at::TensorIteratorBase&)::{lambda()#3}::operator()() const::{lambda()#12}::operator()() const::{lambda(c10::BFloat16)#1}>(at::TensorIteratorBase&, at::native::direct_copy_kernel_cuda(at::TensorIteratorBase&)::{lambda()#3}::operator()() const::{lambda()#12}::operator()() const::{lambda(c10::BFloat16)#1} const&)::{lambda(int)#1}>(int, at::native::gpu_kernel_impl_nocast<at::native::direct_copy_kernel_cuda(at::TensorIteratorBase&)::{lambda()#3}::operator()() const::{lambda()#12}::operator()() const::{lambda(c10::BFloat16)#1}>(at::TensorIteratorBase&, at::native::direct_copy_kernel_cuda(at::TensorIteratorBase&)::{lambda()#3}::operator()() const::{lambda()#12}::operator()() const::{lambda(c10::BFloat16)#1} const&)::{lambda(int)#1})",66,operator_shape_matched,"[[60,2,124160],[60,2,124160],[]]","[""c10::BFloat16"",""c10::BFloat16"",""Scalar""]",null,1,40.193
aten::copy_,"void at::native::elementwise_kernel<128, 4, at::native::gpu_kernel_impl_nocast<at::native::direct_copy_kernel_cuda(at::TensorIteratorBase&)::{lambda()#3}::operator()() const::{lambda()#12}::operator()() const::{lambda(c10::BFloat16)#1}>(at::TensorIteratorBase&, at::native::direct_copy_kernel_cuda(at::TensorIteratorBase&)::{lambda()#3}::operator()() const::{lambda()#12}::operator()() const::{lambda(c10::BFloat16)#1} const&)::{lambda(int)#1}>(int, at::native::gpu_kernel_impl_nocast<at::native::direct_copy_kernel_cuda(at::TensorIteratorBase&)::{lambda()#3}::operator()() const::{lambda()#12}::operator()() const::{lambda(c10::BFloat16)#1}>(at::TensorIteratorBase&, at::native::direct_copy_kernel_cuda(at::TensorIteratorBase&)::{lambda()#3}::operator()() const::{lambda()#12}::operator()() const::{lambda(c10::BFloat16)#1} const&)::{lambda(int)#1})",67,operator_shape_matched,"[[61,2,124160],[61,2,124160],[]]","[""c10::BFloat16"",""c10::BFloat16"",""Scalar""]",null,1,39.937
aten::copy_,"void at::native::elementwise_kernel<128, 4, at::native::gpu_kernel_impl_nocast<at::native::direct_copy_kernel_cuda(at::TensorIteratorBase&)::{lambda()#3}::operator()() const::{lambda()#12}::operator()() const::{lambda(c10::BFloat16)#1}>(at::TensorIteratorBase&, at::native::direct_copy_kernel_cuda(at::TensorIteratorBase&)::{lambda()#3}::operator()() const::{lambda()#12}::operator()() const::{lambda(c10::BFloat16)#1} const&)::{lambda(int)#1}>(int, at::native::gpu_kernel_impl_nocast<at::native::direct_copy_kernel_cuda(at::TensorIteratorBase&)::{lambda()#3}::operator()() const::{lambda()#12}::operator()() const::{lambda(c10::BFloat16)#1}>(at::TensorIteratorBase&, at::native::direct_copy_kernel_cuda(at::TensorIteratorBase&)::{lambda()#3}::operator()() const::{lambda()#12}::operator()() const::{lambda(c10::BFloat16)#1} const&)::{lambda(int)#1})",68,operator_shape_matched,"[[59,2,124160],[59,2,124160],[]]","[""c10::BFloat16"",""c10::BFloat16"",""Scalar""]",null,1,38.912
aten::copy_,"void at::native::elementwise_kernel<128, 4, at::native::gpu_kernel_impl_nocast<at::native::direct_copy_kernel_cuda(at::TensorIteratorBase&)::{lambda()#3}::operator()() const::{lambda()#12}::operator()() const::{lambda(c10::BFloat16)#1}>(at::TensorIteratorBase&, at::native::direct_copy_kernel_cuda(at::TensorIteratorBase&)::{lambda()#3}::operator()() const::{lambda()#12}::operator()() const::{lambda(c10::BFloat16)#1} const&)::{lambda(int)#1}>(int, at::native::gpu_kernel_impl_nocast<at::native::direct_copy_kernel_cuda(at::TensorIteratorBase&)::{lambda()#3}::operator()() const::{lambda()#12}::operator()() const::{lambda(c10::BFloat16)#1}>(at::TensorIteratorBase&, at::native::direct_copy_kernel_cuda(at::TensorIteratorBase&)::{lambda()#3}::operator()() const::{lambda()#12}::operator()() const::{lambda(c10::BFloat16)#1} const&)::{lambda(int)#1})",69,operator_shape_matched,"[[58,2,124160],[58,2,124160],[]]","[""c10::BFloat16"",""c10::BFloat16"",""Scalar""]",null,1,38.08
aten::copy_,"void at::native::elementwise_kernel<128, 4, at::native::gpu_kernel_impl_nocast<at::native::direct_copy_kernel_cuda(at::TensorIteratorBase&)::{lambda()#3}::operator()() const::{lambda()#12}::operator()() const::{lambda(c10::BFloat16)#1}>(at::TensorIteratorBase&, at::native::direct_copy_kernel_cuda(at::TensorIteratorBase&)::{lambda()#3}::operator()() const::{lambda()#12}::operator()() const::{lambda(c10::BFloat16)#1} const&)::{lambda(int)#1}>(int, at::native::gpu_kernel_impl_nocast<at::native::direct_copy_kernel_cuda(at::TensorIteratorBase&)::{lambda()#3}::operator()() const::{lambda()#12}::operator()() const::{lambda(c10::BFloat16)#1}>(at::TensorIteratorBase&, at::native::direct_copy_kernel_cuda(at::TensorIteratorBase&)::{lambda()#3}::operator()() const::{lambda()#12}::operator()() const::{lambda(c10::BFloat16)#1} const&)::{lambda(int)#1})",70,operator_shape_matched,"[[56,2,124160],[56,2,124160],[]]","[""c10::BFloat16"",""c10::BFloat16"",""Scalar""]",null,1,37.761
aten::copy_,"void at::native::elementwise_kernel<128, 4, at::native::gpu_kernel_impl_nocast<at::native::direct_copy_kernel_cuda(at::TensorIteratorBase&)::{lambda()#3}::operator()() const::{lambda()#12}::operator()() const::{lambda(c10::BFloat16)#1}>(at::TensorIteratorBase&, at::native::direct_copy_kernel_cuda(at::TensorIteratorBase&)::{lambda()#3}::operator()() const::{lambda()#12}::operator()() const::{lambda(c10::BFloat16)#1} const&)::{lambda(int)#1}>(int, at::native::gpu_kernel_impl_nocast<at::native::direct_copy_kernel_cuda(at::TensorIteratorBase&)::{lambda()#3}::operator()() const::{lambda()#12}::operator()() const::{lambda(c10::BFloat16)#1}>(at::TensorIteratorBase&, at::native::direct_copy_kernel_cuda(at::TensorIteratorBase&)::{lambda()#3}::operator()() const::{lambda()#12}::operator()() const::{lambda(c10::BFloat16)#1} const&)::{lambda(int)#1})",71,operator_shape_matched,"[[57,2,124160],[57,2,124160],[]]","[""c10::BFloat16"",""c10::BFloat16"",""Scalar""]",null,1,37.441
aten::copy_,"void at::native::elementwise_kernel<128, 4, at::native::gpu_kernel_impl_nocast<at::native::direct_copy_kernel_cuda(at::TensorIteratorBase&)::{lambda()#3}::operator()() const::{lambda()#12}::operator()() const::{lambda(c10::BFloat16)#1}>(at::TensorIteratorBase&, at::native::direct_copy_kernel_cuda(at::TensorIteratorBase&)::{lambda()#3}::operator()() const::{lambda()#12}::operator()() const::{lambda(c10::BFloat16)#1} const&)::{lambda(int)#1}>(int, at::native::gpu_kernel_impl_nocast<at::native::direct_copy_kernel_cuda(at::TensorIteratorBase&)::{lambda()#3}::operator()() const::{lambda()#12}::operator()() const::{lambda(c10::BFloat16)#1}>(at::TensorIteratorBase&, at::native::direct_copy_kernel_cuda(at::TensorIteratorBase&)::{lambda()#3}::operator()() const::{lambda()#12}::operator()() const::{lambda(c10::BFloat16)#1} const&)::{lambda(int)#1})",72,operator_shape_matched,"[[55,2,124160],[55,2,124160],[]]","[""c10::BFloat16"",""c10::BFloat16"",""Scalar""]",null,1,36.161
aten::copy_,"void at::native::elementwise_kernel<128, 4, at::native::gpu_kernel_impl_nocast<at::native::direct_copy_kernel_cuda(at::TensorIteratorBase&)::{lambda()#3}::operator()() const::{lambda()#12}::operator()() const::{lambda(c10::BFloat16)#1}>(at::TensorIteratorBase&, at::native::direct_copy_kernel_cuda(at::TensorIteratorBase&)::{lambda()#3}::operator()() const::{lambda()#12}::operator()() const::{lambda(c10::BFloat16)#1} const&)::{lambda(int)#1}>(int, at::native::gpu_kernel_impl_nocast<at::native::direct_copy_kernel_cuda(at::TensorIteratorBase&)::{lambda()#3}::operator()() const::{lambda()#12}::operator()() const::{lambda(c10::BFloat16)#1}>(at::TensorIteratorBase&, at::native::direct_copy_kernel_cuda(at::TensorIteratorBase&)::{lambda()#3}::operator()() const::{lambda()#12}::operator()() const::{lambda(c10::BFloat16)#1} const&)::{lambda(int)#1})",73,operator_shape_matched,"[[54,2,124160],[54,2,124160],[]]","[""c10::BFloat16"",""c10::BFloat16"",""Scalar""]",null,1,35.617
aten::copy_,"void at::native::elementwise_kernel<128, 4, at::native::gpu_kernel_impl_nocast<at::native::direct_copy_kernel_cuda(at::TensorIteratorBase&)::{lambda()#3}::operator()() const::{lambda()#12}::operator()() const::{lambda(c10::BFloat16)#1}>(at::TensorIteratorBase&, at::native::direct_copy_kernel_cuda(at::TensorIteratorBase&)::{lambda()#3}::operator()() const::{lambda()#12}::operator()() const::{lambda(c10::BFloat16)#1} const&)::{lambda(int)#1}>(int, at::native::gpu_kernel_impl_nocast<at::native::direct_copy_kernel_cuda(at::TensorIteratorBase&)::{lambda()#3}::operator()() const::{lambda()#12}::operator()() const::{lambda(c10::BFloat16)#1}>(at::TensorIteratorBase&, at::native::direct_copy_kernel_cuda(at::TensorIteratorBase&)::{lambda()#3}::operator()() const::{lambda()#12}::operator()() const::{lambda(c10::BFloat16)#1} const&)::{lambda(int)#1})",74,operator_shape_matched,"[[53,2,124160],[53,2,124160],[]]","[""c10::BFloat16"",""c10::BFloat16"",""Scalar""]",null,1,34.817
aten::copy_,"void at::native::elementwise_kernel<128, 4, at::native::gpu_kernel_impl_nocast<at::native::direct_copy_kernel_cuda(at::TensorIteratorBase&)::{lambda()#3}::operator()() const::{lambda()#12}::operator()() const::{lambda(c10::BFloat16)#1}>(at::TensorIteratorBase&, at::native::direct_copy_kernel_cuda(at::TensorIteratorBase&)::{lambda()#3}::operator()() const::{lambda()#12}::operator()() const::{lambda(c10::BFloat16)#1} const&)::{lambda(int)#1}>(int, at::native::gpu_kernel_impl_nocast<at::native::direct_copy_kernel_cuda(at::TensorIteratorBase&)::{lambda()#3}::operator()() const::{lambda()#12}::operator()() const::{lambda(c10::BFloat16)#1}>(at::TensorIteratorBase&, at::native::direct_copy_kernel_cuda(at::TensorIteratorBase&)::{lambda()#3}::operator()() const::{lambda()#12}::operator()() const::{lambda(c10::BFloat16)#1} const&)::{lambda(int)#1})",75,operator_shape_matched,"[[52,2,124160],[52,2,124160],[]]","[""c10::BFloat16"",""c10::BFloat16"",""Scalar""]",null,1,34.304
aten::copy_,"void at::native::elementwise_kernel<128, 4, at::native::gpu_kernel_impl_nocast<at::native::direct_copy_kernel_cuda(at::TensorIteratorBase&)::{lambda()#3}::operator()() const::{lambda()#12}::operator()() const::{lambda(c10::BFloat16)#1}>(at::TensorIteratorBase&, at::native::direct_copy_kernel_cuda(at::TensorIteratorBase&)::{lambda()#3}::operator()() const::{lambda()#12}::operator()() const::{lambda(c10::BFloat16)#1} const&)::{lambda(int)#1}>(int, at::native::gpu_kernel_impl_nocast<at::native::direct_copy_kernel_cuda(at::TensorIteratorBase&)::{lambda()#3}::operator()() const::{lambda()#12}::operator()() const::{lambda(c10::BFloat16)#1}>(at::TensorIteratorBase&, at::native::direct_copy_kernel_cuda(at::TensorIteratorBase&)::{lambda()#3}::operator()() const::{lambda()#12}::operator()() const::{lambda(c10::BFloat16)#1} const&)::{lambda(int)#1})",76,operator_shape_matched,"[[51,2,124160],[51,2,124160],[]]","[""c10::BFloat16"",""c10::BFloat16"",""Scalar""]",null,1,33.537
aten::copy_,"void at::native::elementwise_kernel<128, 4, at::native::gpu_kernel_impl_nocast<at::native::direct_copy_kernel_cuda(at::TensorIteratorBase&)::{lambda()#3}::operator()() const::{lambda()#12}::operator()() const::{lambda(c10::BFloat16)#1}>(at::TensorIteratorBase&, at::native::direct_copy_kernel_cuda(at::TensorIteratorBase&)::{lambda()#3}::operator()() const::{lambda()#12}::operator()() const::{lambda(c10::BFloat16)#1} const&)::{lambda(int)#1}>(int, at::native::gpu_kernel_impl_nocast<at::native::direct_copy_kernel_cuda(at::TensorIteratorBase&)::{lambda()#3}::operator()() const::{lambda()#12}::operator()() const::{lambda(c10::BFloat16)#1}>(at::TensorIteratorBase&, at::native::direct_copy_kernel_cuda(at::TensorIteratorBase&)::{lambda()#3}::operator()() const::{lambda()#12}::operator()() const::{lambda(c10::BFloat16)#1} const&)::{lambda(int)#1})",77,operator_shape_matched,"[[50,2,124160],[50,2,124160],[]]","[""c10::BFloat16"",""c10::BFloat16"",""Scalar""]",null,1,32.961
aten::copy_,"void at::native::elementwise_kernel<128, 4, at::native::gpu_kernel_impl_nocast<at::native::direct_copy_kernel_cuda(at::TensorIteratorBase&)::{lambda()#3}::operator()() const::{lambda()#12}::operator()() const::{lambda(c10::BFloat16)#1}>(at::TensorIteratorBase&, at::native::direct_copy_kernel_cuda(at::TensorIteratorBase&)::{lambda()#3}::operator()() const::{lambda()#12}::operator()() const::{lambda(c10::BFloat16)#1} const&)::{lambda(int)#1}>(int, at::native::gpu_kernel_impl_nocast<at::native::direct_copy_kernel_cuda(at::TensorIteratorBase&)::{lambda()#3}::operator()() const::{lambda()#12}::operator()() const::{lambda(c10::BFloat16)#1}>(at::TensorIteratorBase&, at::native::direct_copy_kernel_cuda(at::TensorIteratorBase&)::{lambda()#3}::operator()() const::{lambda()#12}::operator()() const::{lambda(c10::BFloat16)#1} const&)::{lambda(int)#1})",78,operator_shape_matched,"[[48,2,124160],[48,2,124160],[]]","[""c10::BFloat16"",""c10::BFloat16"",""Scalar""]",null,1,32.225
aten::copy_,"void at::native::elementwise_kernel<128, 4, at::native::gpu_kernel_impl_nocast<at::native::direct_copy_kernel_cuda(at::TensorIteratorBase&)::{lambda()#3}::operator()() const::{lambda()#12}::operator()() const::{lambda(c10::BFloat16)#1}>(at::TensorIteratorBase&, at::native::direct_copy_kernel_cuda(at::TensorIteratorBase&)::{lambda()#3}::operator()() const::{lambda()#12}::operator()() const::{lambda(c10::BFloat16)#1} const&)::{lambda(int)#1}>(int, at::native::gpu_kernel_impl_nocast<at::native::direct_copy_kernel_cuda(at::TensorIteratorBase&)::{lambda()#3}::operator()() const::{lambda()#12}::operator()() const::{lambda(c10::BFloat16)#1}>(at::TensorIteratorBase&, at::native::direct_copy_kernel_cuda(at::TensorIteratorBase&)::{lambda()#3}::operator()() const::{lambda()#12}::operator()() const::{lambda(c10::BFloat16)#1} const&)::{lambda(int)#1})",79,operator_shape_matched,"[[49,2,124160],[49,2,124160],[]]","[""c10::BFloat16"",""c10::BFloat16"",""Scalar""]",null,1,32.065
aten::copy_,"void at::native::elementwise_kernel<128, 4, at::native::gpu_kernel_impl_nocast<at::native::direct_copy_kernel_cuda(at::TensorIteratorBase&)::{lambda()#3}::operator()() const::{lambda()#12}::operator()() const::{lambda(c10::BFloat16)#1}>(at::TensorIteratorBase&, at::native::direct_copy_kernel_cuda(at::TensorIteratorBase&)::{lambda()#3}::operator()() const::{lambda()#12}::operator()() const::{lambda(c10::BFloat16)#1} const&)::{lambda(int)#1}>(int, at::native::gpu_kernel_impl_nocast<at::native::direct_copy_kernel_cuda(at::TensorIteratorBase&)::{lambda()#3}::operator()() const::{lambda()#12}::operator()() const::{lambda(c10::BFloat16)#1}>(at::TensorIteratorBase&, at::native::direct_copy_kernel_cuda(at::TensorIteratorBase&)::{lambda()#3}::operator()() const::{lambda()#12}::operator()() const::{lambda(c10::BFloat16)#1} const&)::{lambda(int)#1})",80,operator_shape_matched,"[[47,2,124160],[47,2,124160],[]]","[""c10::BFloat16"",""c10::BFloat16"",""Scalar""]",null,1,31.265
aten::copy_,"void at::native::elementwise_kernel<128, 4, at::native::gpu_kernel_impl_nocast<at::native::direct_copy_kernel_cuda(at::TensorIteratorBase&)::{lambda()#3}::operator()() const::{lambda()#12}::operator()() const::{lambda(c10::BFloat16)#1}>(at::TensorIteratorBase&, at::native::direct_copy_kernel_cuda(at::TensorIteratorBase&)::{lambda()#3}::operator()() const::{lambda()#12}::operator()() const::{lambda(c10::BFloat16)#1} const&)::{lambda(int)#1}>(int, at::native::gpu_kernel_impl_nocast<at::native::direct_copy_kernel_cuda(at::TensorIteratorBase&)::{lambda()#3}::operator()() const::{lambda()#12}::operator()() const::{lambda(c10::BFloat16)#1}>(at::TensorIteratorBase&, at::native::direct_copy_kernel_cuda(at::TensorIteratorBase&)::{lambda()#3}::operator()() const::{lambda()#12}::operator()() const::{lambda(c10::BFloat16)#1} const&)::{lambda(int)#1})",81,operator_shape_matched,"[[46,2,124160],[46,2,124160],[]]","[""c10::BFloat16"",""c10::BFloat16"",""Scalar""]",null,1,30.081
aten::copy_,"void at::native::elementwise_kernel<128, 4, at::native::gpu_kernel_impl_nocast<at::native::direct_copy_kernel_cuda(at::TensorIteratorBase&)::{lambda()#3}::operator()() const::{lambda()#12}::operator()() const::{lambda(c10::BFloat16)#1}>(at::TensorIteratorBase&, at::native::direct_copy_kernel_cuda(at::TensorIteratorBase&)::{lambda()#3}::operator()() const::{lambda()#12}::operator()() const::{lambda(c10::BFloat16)#1} const&)::{lambda(int)#1}>(int, at::native::gpu_kernel_impl_nocast<at::native::direct_copy_kernel_cuda(at::TensorIteratorBase&)::{lambda()#3}::operator()() const::{lambda()#12}::operator()() const::{lambda(c10::BFloat16)#1}>(at::TensorIteratorBase&, at::native::direct_copy_kernel_cuda(at::TensorIteratorBase&)::{lambda()#3}::operator()() const::{lambda()#12}::operator()() const::{lambda(c10::BFloat16)#1} const&)::{lambda(int)#1})",82,operator_shape_matched,"[[45,2,124160],[45,2,124160],[]]","[""c10::BFloat16"",""c10::BFloat16"",""Scalar""]",null,1,29.472
aten::copy_,"void at::native::elementwise_kernel<128, 4, at::native::gpu_kernel_impl_nocast<at::native::direct_copy_kernel_cuda(at::TensorIteratorBase&)::{lambda()#3}::operator()() const::{lambda()#12}::operator()() const::{lambda(c10::BFloat16)#1}>(at::TensorIteratorBase&, at::native::direct_copy_kernel_cuda(at::TensorIteratorBase&)::{lambda()#3}::operator()() const::{lambda()#12}::operator()() const::{lambda(c10::BFloat16)#1} const&)::{lambda(int)#1}>(int, at::native::gpu_kernel_impl_nocast<at::native::direct_copy_kernel_cuda(at::TensorIteratorBase&)::{lambda()#3}::operator()() const::{lambda()#12}::operator()() const::{lambda(c10::BFloat16)#1}>(at::TensorIteratorBase&, at::native::direct_copy_kernel_cuda(at::TensorIteratorBase&)::{lambda()#3}::operator()() const::{lambda()#12}::operator()() const::{lambda(c10::BFloat16)#1} const&)::{lambda(int)#1})",83,operator_shape_matched,"[[44,2,124160],[44,2,124160],[]]","[""c10::BFloat16"",""c10::BFloat16"",""Scalar""]",null,1,29.089
aten::copy_,"void at::native::elementwise_kernel<128, 4, at::native::gpu_kernel_impl_nocast<at::native::direct_copy_kernel_cuda(at::TensorIteratorBase&)::{lambda()#3}::operator()() const::{lambda()#12}::operator()() const::{lambda(c10::BFloat16)#1}>(at::TensorIteratorBase&, at::native::direct_copy_kernel_cuda(at::TensorIteratorBase&)::{lambda()#3}::operator()() const::{lambda()#12}::operator()() const::{lambda(c10::BFloat16)#1} const&)::{lambda(int)#1}>(int, at::native::gpu_kernel_impl_nocast<at::native::direct_copy_kernel_cuda(at::TensorIteratorBase&)::{lambda()#3}::operator()() const::{lambda()#12}::operator()() const::{lambda(c10::BFloat16)#1}>(at::TensorIteratorBase&, at::native::direct_copy_kernel_cuda(at::TensorIteratorBase&)::{lambda()#3}::operator()() const::{lambda()#12}::operator()() const::{lambda(c10::BFloat16)#1} const&)::{lambda(int)#1})",84,operator_shape_matched,"[[43,2,124160],[43,2,124160],[]]","[""c10::BFloat16"",""c10::BFloat16"",""Scalar""]",null,1,27.745
aten::copy_,"void at::native::elementwise_kernel<128, 4, at::native::gpu_kernel_impl_nocast<at::native::direct_copy_kernel_cuda(at::TensorIteratorBase&)::{lambda()#3}::operator()() const::{lambda()#12}::operator()() const::{lambda(c10::BFloat16)#1}>(at::TensorIteratorBase&, at::native::direct_copy_kernel_cuda(at::TensorIteratorBase&)::{lambda()#3}::operator()() const::{lambda()#12}::operator()() const::{lambda(c10::BFloat16)#1} const&)::{lambda(int)#1}>(int, at::native::gpu_kernel_impl_nocast<at::native::direct_copy_kernel_cuda(at::TensorIteratorBase&)::{lambda()#3}::operator()() const::{lambda()#12}::operator()() const::{lambda(c10::BFloat16)#1}>(at::TensorIteratorBase&, at::native::direct_copy_kernel_cuda(at::TensorIteratorBase&)::{lambda()#3}::operator()() const::{lambda()#12}::operator()() const::{lambda(c10::BFloat16)#1} const&)::{lambda(int)#1})",85,operator_shape_matched,"[[42,2,124160],[42,2,124160],[]]","[""c10::BFloat16"",""c10::BFloat16"",""Scalar""]",null,1,26.976
aten::copy_,"void at::native::elementwise_kernel<128, 4, at::native::gpu_kernel_impl_nocast<at::native::direct_copy_kernel_cuda(at::TensorIteratorBase&)::{lambda()#3}::operator()() const::{lambda()#12}::operator()() const::{lambda(c10::BFloat16)#1}>(at::TensorIteratorBase&, at::native::direct_copy_kernel_cuda(at::TensorIteratorBase&)::{lambda()#3}::operator()() const::{lambda()#12}::operator()() const::{lambda(c10::BFloat16)#1} const&)::{lambda(int)#1}>(int, at::native::gpu_kernel_impl_nocast<at::native::direct_copy_kernel_cuda(at::TensorIteratorBase&)::{lambda()#3}::operator()() const::{lambda()#12}::operator()() const::{lambda(c10::BFloat16)#1}>(at::TensorIteratorBase&, at::native::direct_copy_kernel_cuda(at::TensorIteratorBase&)::{lambda()#3}::operator()() const::{lambda()#12}::operator()() const::{lambda(c10::BFloat16)#1} const&)::{lambda(int)#1})",86,operator_shape_matched,"[[41,2,124160],[41,2,124160],[]]","[""c10::BFloat16"",""c10::BFloat16"",""Scalar""]",null,1,26.817
aten::copy_,"void at::native::elementwise_kernel<128, 4, at::native::gpu_kernel_impl_nocast<at::native::direct_copy_kernel_cuda(at::TensorIteratorBase&)::{lambda()#3}::operator()() const::{lambda()#12}::operator()() const::{lambda(c10::BFloat16)#1}>(at::TensorIteratorBase&, at::native::direct_copy_kernel_cuda(at::TensorIteratorBase&)::{lambda()#3}::operator()() const::{lambda()#12}::operator()() const::{lambda(c10::BFloat16)#1} const&)::{lambda(int)#1}>(int, at::native::gpu_kernel_impl_nocast<at::native::direct_copy_kernel_cuda(at::TensorIteratorBase&)::{lambda()#3}::operator()() const::{lambda()#12}::operator()() const::{lambda(c10::BFloat16)#1}>(at::TensorIteratorBase&, at::native::direct_copy_kernel_cuda(at::TensorIteratorBase&)::{lambda()#3}::operator()() const::{lambda()#12}::operator()() const::{lambda(c10::BFloat16)#1} const&)::{lambda(int)#1})",87,operator_shape_matched,"[[40,2,124160],[40,2,124160],[]]","[""c10::BFloat16"",""c10::BFloat16"",""Scalar""]",null,1,25.697
aten::copy_,"void at::native::elementwise_kernel<128, 4, at::native::gpu_kernel_impl_nocast<at::native::direct_copy_kernel_cuda(at::TensorIteratorBase&)::{lambda()#3}::operator()() const::{lambda()#12}::operator()() const::{lambda(c10::BFloat16)#1}>(at::TensorIteratorBase&, at::native::direct_copy_kernel_cuda(at::TensorIteratorBase&)::{lambda()#3}::operator()() const::{lambda()#12}::operator()() const::{lambda(c10::BFloat16)#1} const&)::{lambda(int)#1}>(int, at::native::gpu_kernel_impl_nocast<at::native::direct_copy_kernel_cuda(at::TensorIteratorBase&)::{lambda()#3}::operator()() const::{lambda()#12}::operator()() const::{lambda(c10::BFloat16)#1}>(at::TensorIteratorBase&, at::native::direct_copy_kernel_cuda(at::TensorIteratorBase&)::{lambda()#3}::operator()() const::{lambda()#12}::operator()() const::{lambda(c10::BFloat16)#1} const&)::{lambda(int)#1})",88,operator_shape_matched,"[[39,2,124160],[39,2,124160],[]]","[""c10::BFloat16"",""c10::BFloat16"",""Scalar""]",null,1,24.896
aten::copy_,"void at::native::elementwise_kernel<128, 4, at::native::gpu_kernel_impl_nocast<at::native::direct_copy_kernel_cuda(at::TensorIteratorBase&)::{lambda()#3}::operator()() const::{lambda()#12}::operator()() const::{lambda(c10::BFloat16)#1}>(at::TensorIteratorBase&, at::native::direct_copy_kernel_cuda(at::TensorIteratorBase&)::{lambda()#3}::operator()() const::{lambda()#12}::operator()() const::{lambda(c10::BFloat16)#1} const&)::{lambda(int)#1}>(int, at::native::gpu_kernel_impl_nocast<at::native::direct_copy_kernel_cuda(at::TensorIteratorBase&)::{lambda()#3}::operator()() const::{lambda()#12}::operator()() const::{lambda(c10::BFloat16)#1}>(at::TensorIteratorBase&, at::native::direct_copy_kernel_cuda(at::TensorIteratorBase&)::{lambda()#3}::operator()() const::{lambda()#12}::operator()() const::{lambda(c10::BFloat16)#1} const&)::{lambda(int)#1})",89,operator_shape_matched,"[[38,2,124160],[38,2,124160],[]]","[""c10::BFloat16"",""c10::BFloat16"",""Scalar""]",null,1,24.448
aten::copy_,"void at::native::elementwise_kernel<128, 4, at::native::gpu_kernel_impl_nocast<at::native::direct_copy_kernel_cuda(at::TensorIteratorBase&)::{lambda()#3}::operator()() const::{lambda()#12}::operator()() const::{lambda(c10::BFloat16)#1}>(at::TensorIteratorBase&, at::native::direct_copy_kernel_cuda(at::TensorIteratorBase&)::{lambda()#3}::operator()() const::{lambda()#12}::operator()() const::{lambda(c10::BFloat16)#1} const&)::{lambda(int)#1}>(int, at::native::gpu_kernel_impl_nocast<at::native::direct_copy_kernel_cuda(at::TensorIteratorBase&)::{lambda()#3}::operator()() const::{lambda()#12}::operator()() const::{lambda(c10::BFloat16)#1}>(at::TensorIteratorBase&, at::native::direct_copy_kernel_cuda(at::TensorIteratorBase&)::{lambda()#3}::operator()() const::{lambda()#12}::operator()() const::{lambda(c10::BFloat16)#1} const&)::{lambda(int)#1})",90,operator_shape_matched,"[[37,2,124160],[37,2,124160],[]]","[""c10::BFloat16"",""c10::BFloat16"",""Scalar""]",null,1,23.521
aten::copy_,"void at::native::elementwise_kernel<128, 4, at::native::gpu_kernel_impl_nocast<at::native::direct_copy_kernel_cuda(at::TensorIteratorBase&)::{lambda()#3}::operator()() const::{lambda()#12}::operator()() const::{lambda(c10::BFloat16)#1}>(at::TensorIteratorBase&, at::native::direct_copy_kernel_cuda(at::TensorIteratorBase&)::{lambda()#3}::operator()() const::{lambda()#12}::operator()() const::{lambda(c10::BFloat16)#1} const&)::{lambda(int)#1}>(int, at::native::gpu_kernel_impl_nocast<at::native::direct_copy_kernel_cuda(at::TensorIteratorBase&)::{lambda()#3}::operator()() const::{lambda()#12}::operator()() const::{lambda(c10::BFloat16)#1}>(at::TensorIteratorBase&, at::native::direct_copy_kernel_cuda(at::TensorIteratorBase&)::{lambda()#3}::operator()() const::{lambda()#12}::operator()() const::{lambda(c10::BFloat16)#1} const&)::{lambda(int)#1})",91,operator_shape_matched,"[[36,2,124160],[36,2,124160],[]]","[""c10::BFloat16"",""c10::BFloat16"",""Scalar""]",null,1,23.009
aten::copy_,"void at::native::elementwise_kernel<128, 4, at::native::gpu_kernel_impl_nocast<at::native::direct_copy_kernel_cuda(at::TensorIteratorBase&)::{lambda()#3}::operator()() const::{lambda()#12}::operator()() const::{lambda(c10::BFloat16)#1}>(at::TensorIteratorBase&, at::native::direct_copy_kernel_cuda(at::TensorIteratorBase&)::{lambda()#3}::operator()() const::{lambda()#12}::operator()() const::{lambda(c10::BFloat16)#1} const&)::{lambda(int)#1}>(int, at::native::gpu_kernel_impl_nocast<at::native::direct_copy_kernel_cuda(at::TensorIteratorBase&)::{lambda()#3}::operator()() const::{lambda()#12}::operator()() const::{lambda(c10::BFloat16)#1}>(at::TensorIteratorBase&, at::native::direct_copy_kernel_cuda(at::TensorIteratorBase&)::{lambda()#3}::operator()() const::{lambda()#12}::operator()() const::{lambda(c10::BFloat16)#1} const&)::{lambda(int)#1})",92,operator_shape_matched,"[[35,2,124160],[35,2,124160],[]]","[""c10::BFloat16"",""c10::BFloat16"",""Scalar""]",null,1,22.209
aten::copy_,"void at::native::elementwise_kernel<128, 4, at::native::gpu_kernel_impl_nocast<at::native::direct_copy_kernel_cuda(at::TensorIteratorBase&)::{lambda()#3}::operator()() const::{lambda()#12}::operator()() const::{lambda(c10::BFloat16)#1}>(at::TensorIteratorBase&, at::native::direct_copy_kernel_cuda(at::TensorIteratorBase&)::{lambda()#3}::operator()() const::{lambda()#12}::operator()() const::{lambda(c10::BFloat16)#1} const&)::{lambda(int)#1}>(int, at::native::gpu_kernel_impl_nocast<at::native::direct_copy_kernel_cuda(at::TensorIteratorBase&)::{lambda()#3}::operator()() const::{lambda()#12}::operator()() const::{lambda(c10::BFloat16)#1}>(at::TensorIteratorBase&, at::native::direct_copy_kernel_cuda(at::TensorIteratorBase&)::{lambda()#3}::operator()() const::{lambda()#12}::operator()() const::{lambda(c10::BFloat16)#1} const&)::{lambda(int)#1})",93,operator_shape_matched,"[[34,2,124160],[34,2,124160],[]]","[""c10::BFloat16"",""c10::BFloat16"",""Scalar""]",null,1,21.696
aten::copy_,"void at::native::elementwise_kernel<128, 4, at::native::gpu_kernel_impl_nocast<at::native::direct_copy_kernel_cuda(at::TensorIteratorBase&)::{lambda()#3}::operator()() const::{lambda()#12}::operator()() const::{lambda(c10::BFloat16)#1}>(at::TensorIteratorBase&, at::native::direct_copy_kernel_cuda(at::TensorIteratorBase&)::{lambda()#3}::operator()() const::{lambda()#12}::operator()() const::{lambda(c10::BFloat16)#1} const&)::{lambda(int)#1}>(int, at::native::gpu_kernel_impl_nocast<at::native::direct_copy_kernel_cuda(at::TensorIteratorBase&)::{lambda()#3}::operator()() const::{lambda()#12}::operator()() const::{lambda(c10::BFloat16)#1}>(at::TensorIteratorBase&, at::native::direct_copy_kernel_cuda(at::TensorIteratorBase&)::{lambda()#3}::operator()() const::{lambda()#12}::operator()() const::{lambda(c10::BFloat16)#1} const&)::{lambda(int)#1})",94,operator_shape_matched,"[[33,2,124160],[33,2,124160],[]]","[""c10::BFloat16"",""c10::BFloat16"",""Scalar""]",null,1,20.896
aten::copy_,"void at::native::elementwise_kernel<128, 4, at::native::gpu_kernel_impl_nocast<at::native::direct_copy_kernel_cuda(at::TensorIteratorBase&)::{lambda()#3}::operator()() const::{lambda()#12}::operator()() const::{lambda(c10::BFloat16)#1}>(at::TensorIteratorBase&, at::native::direct_copy_kernel_cuda(at::TensorIteratorBase&)::{lambda()#3}::operator()() const::{lambda()#12}::operator()() const::{lambda(c10::BFloat16)#1} const&)::{lambda(int)#1}>(int, at::native::gpu_kernel_impl_nocast<at::native::direct_copy_kernel_cuda(at::TensorIteratorBase&)::{lambda()#3}::operator()() const::{lambda()#12}::operator()() const::{lambda(c10::BFloat16)#1}>(at::TensorIteratorBase&, at::native::direct_copy_kernel_cuda(at::TensorIteratorBase&)::{lambda()#3}::operator()() const::{lambda()#12}::operator()() const::{lambda(c10::BFloat16)#1} const&)::{lambda(int)#1})",95,operator_shape_matched,"[[32,2,124160],[32,2,124160],[]]","[""c10::BFloat16"",""c10::BFloat16"",""Scalar""]",null,1,20.225
aten::copy_,"void at::native::elementwise_kernel<128, 4, at::native::gpu_kernel_impl_nocast<at::native::direct_copy_kernel_cuda(at::TensorIteratorBase&)::{lambda()#3}::operator()() const::{lambda()#12}::operator()() const::{lambda(c10::BFloat16)#1}>(at::TensorIteratorBase&, at::native::direct_copy_kernel_cuda(at::TensorIteratorBase&)::{lambda()#3}::operator()() const::{lambda()#12}::operator()() const::{lambda(c10::BFloat16)#1} const&)::{lambda(int)#1}>(int, at::native::gpu_kernel_impl_nocast<at::native::direct_copy_kernel_cuda(at::TensorIteratorBase&)::{lambda()#3}::operator()() const::{lambda()#12}::operator()() const::{lambda(c10::BFloat16)#1}>(at::TensorIteratorBase&, at::native::direct_copy_kernel_cuda(at::TensorIteratorBase&)::{lambda()#3}::operator()() const::{lambda()#12}::operator()() const::{lambda(c10::BFloat16)#1} const&)::{lambda(int)#1})",96,operator_shape_matched,"[[31,2,124160],[31,2,124160],[]]","[""c10::BFloat16"",""c10::BFloat16"",""Scalar""]",null,1,19.552
aten::copy_,"void at::native::elementwise_kernel<128, 4, at::native::gpu_kernel_impl_nocast<at::native::direct_copy_kernel_cuda(at::TensorIteratorBase&)::{lambda()#3}::operator()() const::{lambda()#12}::operator()() const::{lambda(c10::BFloat16)#1}>(at::TensorIteratorBase&, at::native::direct_copy_kernel_cuda(at::TensorIteratorBase&)::{lambda()#3}::operator()() const::{lambda()#12}::operator()() const::{lambda(c10::BFloat16)#1} const&)::{lambda(int)#1}>(int, at::native::gpu_kernel_impl_nocast<at::native::direct_copy_kernel_cuda(at::TensorIteratorBase&)::{lambda()#3}::operator()() const::{lambda()#12}::operator()() const::{lambda(c10::BFloat16)#1}>(at::TensorIteratorBase&, at::native::direct_copy_kernel_cuda(at::TensorIteratorBase&)::{lambda()#3}::operator()() const::{lambda()#12}::operator()() const::{lambda(c10::BFloat16)#1} const&)::{lambda(int)#1})",97,operator_shape_matched,"[[30,2,124160],[30,2,124160],[]]","[""c10::BFloat16"",""c10::BFloat16"",""Scalar""]",null,1,18.848
aten::copy_,"void at::native::elementwise_kernel<128, 4, at::native::gpu_kernel_impl_nocast<at::native::direct_copy_kernel_cuda(at::TensorIteratorBase&)::{lambda()#3}::operator()() const::{lambda()#12}::operator()() const::{lambda(c10::BFloat16)#1}>(at::TensorIteratorBase&, at::native::direct_copy_kernel_cuda(at::TensorIteratorBase&)::{lambda()#3}::operator()() const::{lambda()#12}::operator()() const::{lambda(c10::BFloat16)#1} const&)::{lambda(int)#1}>(int, at::native::gpu_kernel_impl_nocast<at::native::direct_copy_kernel_cuda(at::TensorIteratorBase&)::{lambda()#3}::operator()() const::{lambda()#12}::operator()() const::{lambda(c10::BFloat16)#1}>(at::TensorIteratorBase&, at::native::direct_copy_kernel_cuda(at::TensorIteratorBase&)::{lambda()#3}::operator()() const::{lambda()#12}::operator()() const::{lambda(c10::BFloat16)#1} const&)::{lambda(int)#1})",98,operator_shape_matched,"[[29,2,124160],[29,2,124160],[]]","[""c10::BFloat16"",""c10::BFloat16"",""Scalar""]",null,1,18.241
aten::copy_,"void at::native::elementwise_kernel<128, 4, at::native::gpu_kernel_impl_nocast<at::native::direct_copy_kernel_cuda(at::TensorIteratorBase&)::{lambda()#3}::operator()() const::{lambda()#12}::operator()() const::{lambda(c10::BFloat16)#1}>(at::TensorIteratorBase&, at::native::direct_copy_kernel_cuda(at::TensorIteratorBase&)::{lambda()#3}::operator()() const::{lambda()#12}::operator()() const::{lambda(c10::BFloat16)#1} const&)::{lambda(int)#1}>(int, at::native::gpu_kernel_impl_nocast<at::native::direct_copy_kernel_cuda(at::TensorIteratorBase&)::{lambda()#3}::operator()() const::{lambda()#12}::operator()() const::{lambda(c10::BFloat16)#1}>(at::TensorIteratorBase&, at::native::direct_copy_kernel_cuda(at::TensorIteratorBase&)::{lambda()#3}::operator()() const::{lambda()#12}::operator()() const::{lambda(c10::BFloat16)#1} const&)::{lambda(int)#1})",99,operator_shape_matched,"[[28,2,124160],[28,2,124160],[]]","[""c10::BFloat16"",""c10::BFloat16"",""Scalar""]",null,1,17.632
aten::copy_,"void at::native::elementwise_kernel<128, 4, at::native::gpu_kernel_impl_nocast<at::native::direct_copy_kernel_cuda(at::TensorIteratorBase&)::{lambda()#3}::operator()() const::{lambda()#12}::operator()() const::{lambda(c10::BFloat16)#1}>(at::TensorIteratorBase&, at::native::direct_copy_kernel_cuda(at::TensorIteratorBase&)::{lambda()#3}::operator()() const::{lambda()#12}::operator()() const::{lambda(c10::BFloat16)#1} const&)::{lambda(int)#1}>(int, at::native::gpu_kernel_impl_nocast<at::native::direct_copy_kernel_cuda(at::TensorIteratorBase&)::{lambda()#3}::operator()() const::{lambda()#12}::operator()() const::{lambda(c10::BFloat16)#1}>(at::TensorIteratorBase&, at::native::direct_copy_kernel_cuda(at::TensorIteratorBase&)::{lambda()#3}::operator()() const::{lambda()#12}::operator()() const::{lambda(c10::BFloat16)#1} const&)::{lambda(int)#1})",100,operator_shape_matched,"[[27,2,124160],[27,2,124160],[]]","[""c10::BFloat16"",""c10::BFloat16"",""Scalar""]",null,1,17.025
aten::copy_,"void at::native::elementwise_kernel<128, 4, at::native::gpu_kernel_impl_nocast<at::native::direct_copy_kernel_cuda(at::TensorIteratorBase&)::{lambda()#3}::operator()() const::{lambda()#12}::operator()() const::{lambda(c10::BFloat16)#1}>(at::TensorIteratorBase&, at::native::direct_copy_kernel_cuda(at::TensorIteratorBase&)::{lambda()#3}::operator()() const::{lambda()#12}::operator()() const::{lambda(c10::BFloat16)#1} const&)::{lambda(int)#1}>(int, at::native::gpu_kernel_impl_nocast<at::native::direct_copy_kernel_cuda(at::TensorIteratorBase&)::{lambda()#3}::operator()() const::{lambda()#12}::operator()() const::{lambda(c10::BFloat16)#1}>(at::TensorIteratorBase&, at::native::direct_copy_kernel_cuda(at::TensorIteratorBase&)::{lambda()#3}::operator()() const::{lambda()#12}::operator()() const::{lambda(c10::BFloat16)#1} const&)::{lambda(int)#1})",101,operator_shape_matched,"[[26,2,124160],[26,2,124160],[]]","[""c10::BFloat16"",""c10::BFloat16"",""Scalar""]",null,1,16.416
aten::copy_,"void at::native::elementwise_kernel<128, 4, at::native::gpu_kernel_impl_nocast<at::native::direct_copy_kernel_cuda(at::TensorIteratorBase&)::{lambda()#3}::operator()() const::{lambda()#12}::operator()() const::{lambda(c10::BFloat16)#1}>(at::TensorIteratorBase&, at::native::direct_copy_kernel_cuda(at::TensorIteratorBase&)::{lambda()#3}::operator()() const::{lambda()#12}::operator()() const::{lambda(c10::BFloat16)#1} const&)::{lambda(int)#1}>(int, at::native::gpu_kernel_impl_nocast<at::native::direct_copy_kernel_cuda(at::TensorIteratorBase&)::{lambda()#3}::operator()() const::{lambda()#12}::operator()() const::{lambda(c10::BFloat16)#1}>(at::TensorIteratorBase&, at::native::direct_copy_kernel_cuda(at::TensorIteratorBase&)::{lambda()#3}::operator()() const::{lambda()#12}::operator()() const::{lambda(c10::BFloat16)#1} const&)::{lambda(int)#1})",102,operator_shape_matched,"[[25,2,124160],[25,2,124160],[]]","[""c10::BFloat16"",""c10::BFloat16"",""Scalar""]",null,1,16.096
aten::copy_,"void at::native::elementwise_kernel<128, 4, at::native::gpu_kernel_impl_nocast<at::native::direct_copy_kernel_cuda(at::TensorIteratorBase&)::{lambda()#3}::operator()() const::{lambda()#12}::operator()() const::{lambda(c10::BFloat16)#1}>(at::TensorIteratorBase&, at::native::direct_copy_kernel_cuda(at::TensorIteratorBase&)::{lambda()#3}::operator()() const::{lambda()#12}::operator()() const::{lambda(c10::BFloat16)#1} const&)::{lambda(int)#1}>(int, at::native::gpu_kernel_impl_nocast<at::native::direct_copy_kernel_cuda(at::TensorIteratorBase&)::{lambda()#3}::operator()() const::{lambda()#12}::operator()() const::{lambda(c10::BFloat16)#1}>(at::TensorIteratorBase&, at::native::direct_copy_kernel_cuda(at::TensorIteratorBase&)::{lambda()#3}::operator()() const::{lambda()#12}::operator()() const::{lambda(c10::BFloat16)#1} const&)::{lambda(int)#1})",103,operator_shape_matched,"[[24,2,124160],[24,2,124160],[]]","[""c10::BFloat16"",""c10::BFloat16"",""Scalar""]",null,1,15.681
aten::copy_,"void at::native::elementwise_kernel<128, 4, at::native::gpu_kernel_impl_nocast<at::native::direct_copy_kernel_cuda(at::TensorIteratorBase&)::{lambda()#3}::operator()() const::{lambda()#12}::operator()() const::{lambda(c10::BFloat16)#1}>(at::TensorIteratorBase&, at::native::direct_copy_kernel_cuda(at::TensorIteratorBase&)::{lambda()#3}::operator()() const::{lambda()#12}::operator()() const::{lambda(c10::BFloat16)#1} const&)::{lambda(int)#1}>(int, at::native::gpu_kernel_impl_nocast<at::native::direct_copy_kernel_cuda(at::TensorIteratorBase&)::{lambda()#3}::operator()() const::{lambda()#12}::operator()() const::{lambda(c10::BFloat16)#1}>(at::TensorIteratorBase&, at::native::direct_copy_kernel_cuda(at::TensorIteratorBase&)::{lambda()#3}::operator()() const::{lambda()#12}::operator()() const::{lambda(c10::BFloat16)#1} const&)::{lambda(int)#1})",104,operator_shape_matched,"[[23,2,124160],[23,2,124160],[]]","[""c10::BFloat16"",""c10::BFloat16"",""Scalar""]",null,1,14.625
aten::copy_,"void at::native::elementwise_kernel<128, 4, at::native::gpu_kernel_impl_nocast<at::native::direct_copy_kernel_cuda(at::TensorIteratorBase&)::{lambda()#3}::operator()() const::{lambda()#12}::operator()() const::{lambda(c10::BFloat16)#1}>(at::TensorIteratorBase&, at::native::direct_copy_kernel_cuda(at::TensorIteratorBase&)::{lambda()#3}::operator()() const::{lambda()#12}::operator()() const::{lambda(c10::BFloat16)#1} const&)::{lambda(int)#1}>(int, at::native::gpu_kernel_impl_nocast<at::native::direct_copy_kernel_cuda(at::TensorIteratorBase&)::{lambda()#3}::operator()() const::{lambda()#12}::operator()() const::{lambda(c10::BFloat16)#1}>(at::TensorIteratorBase&, at::native::direct_copy_kernel_cuda(at::TensorIteratorBase&)::{lambda()#3}::operator()() const::{lambda()#12}::operator()() const::{lambda(c10::BFloat16)#1} const&)::{lambda(int)#1})",105,operator_shape_matched,"[[22,2,124160],[22,2,124160],[]]","[""c10::BFloat16"",""c10::BFloat16"",""Scalar""]",null,1,14.241
aten::copy_,"void at::native::elementwise_kernel<128, 4, at::native::gpu_kernel_impl_nocast<at::native::direct_copy_kernel_cuda(at::TensorIteratorBase&)::{lambda()#3}::operator()() const::{lambda()#12}::operator()() const::{lambda(c10::BFloat16)#1}>(at::TensorIteratorBase&, at::native::direct_copy_kernel_cuda(at::TensorIteratorBase&)::{lambda()#3}::operator()() const::{lambda()#12}::operator()() const::{lambda(c10::BFloat16)#1} const&)::{lambda(int)#1}>(int, at::native::gpu_kernel_impl_nocast<at::native::direct_copy_kernel_cuda(at::TensorIteratorBase&)::{lambda()#3}::operator()() const::{lambda()#12}::operator()() const::{lambda(c10::BFloat16)#1}>(at::TensorIteratorBase&, at::native::direct_copy_kernel_cuda(at::TensorIteratorBase&)::{lambda()#3}::operator()() const::{lambda()#12}::operator()() const::{lambda(c10::BFloat16)#1} const&)::{lambda(int)#1})",106,operator_shape_matched,"[[21,2,124160],[21,2,124160],[]]","[""c10::BFloat16"",""c10::BFloat16"",""Scalar""]",null,1,13.505
aten::copy_,"void at::native::elementwise_kernel<128, 4, at::native::gpu_kernel_impl_nocast<at::native::direct_copy_kernel_cuda(at::TensorIteratorBase&)::{lambda()#3}::operator()() const::{lambda()#12}::operator()() const::{lambda(c10::BFloat16)#1}>(at::TensorIteratorBase&, at::native::direct_copy_kernel_cuda(at::TensorIteratorBase&)::{lambda()#3}::operator()() const::{lambda()#12}::operator()() const::{lambda(c10::BFloat16)#1} const&)::{lambda(int)#1}>(int, at::native::gpu_kernel_impl_nocast<at::native::direct_copy_kernel_cuda(at::TensorIteratorBase&)::{lambda()#3}::operator()() const::{lambda()#12}::operator()() const::{lambda(c10::BFloat16)#1}>(at::TensorIteratorBase&, at::native::direct_copy_kernel_cuda(at::TensorIteratorBase&)::{lambda()#3}::operator()() const::{lambda()#12}::operator()() const::{lambda(c10::BFloat16)#1} const&)::{lambda(int)#1})",107,operator_shape_matched,"[[20,2,124160],[20,2,124160],[]]","[""c10::BFloat16"",""c10::BFloat16"",""Scalar""]",null,1,12.832
aten::copy_,"void at::native::elementwise_kernel<128, 4, at::native::gpu_kernel_impl_nocast<at::native::direct_copy_kernel_cuda(at::TensorIteratorBase&)::{lambda()#3}::operator()() const::{lambda()#12}::operator()() const::{lambda(c10::BFloat16)#1}>(at::TensorIteratorBase&, at::native::direct_copy_kernel_cuda(at::TensorIteratorBase&)::{lambda()#3}::operator()() const::{lambda()#12}::operator()() const::{lambda(c10::BFloat16)#1} const&)::{lambda(int)#1}>(int, at::native::gpu_kernel_impl_nocast<at::native::direct_copy_kernel_cuda(at::TensorIteratorBase&)::{lambda()#3}::operator()() const::{lambda()#12}::operator()() const::{lambda(c10::BFloat16)#1}>(at::TensorIteratorBase&, at::native::direct_copy_kernel_cuda(at::TensorIteratorBase&)::{lambda()#3}::operator()() const::{lambda()#12}::operator()() const::{lambda(c10::BFloat16)#1} const&)::{lambda(int)#1})",108,operator_shape_matched,"[[19,2,124160],[19,2,124160],[]]","[""c10::BFloat16"",""c10::BFloat16"",""Scalar""]",null,1,12.256
aten::copy_,"void at::native::elementwise_kernel<128, 4, at::native::gpu_kernel_impl_nocast<at::native::direct_copy_kernel_cuda(at::TensorIteratorBase&)::{lambda()#3}::operator()() const::{lambda()#12}::operator()() const::{lambda(c10::BFloat16)#1}>(at::TensorIteratorBase&, at::native::direct_copy_kernel_cuda(at::TensorIteratorBase&)::{lambda()#3}::operator()() const::{lambda()#12}::operator()() const::{lambda(c10::BFloat16)#1} const&)::{lambda(int)#1}>(int, at::native::gpu_kernel_impl_nocast<at::native::direct_copy_kernel_cuda(at::TensorIteratorBase&)::{lambda()#3}::operator()() const::{lambda()#12}::operator()() const::{lambda(c10::BFloat16)#1}>(at::TensorIteratorBase&, at::native::direct_copy_kernel_cuda(at::TensorIteratorBase&)::{lambda()#3}::operator()() const::{lambda()#12}::operator()() const::{lambda(c10::BFloat16)#1} const&)::{lambda(int)#1})",109,operator_shape_matched,"[[18,2,124160],[18,2,124160],[]]","[""c10::BFloat16"",""c10::BFloat16"",""Scalar""]",null,1,11.84
aten::copy_,"void at::native::elementwise_kernel<128, 4, at::native::gpu_kernel_impl_nocast<at::native::direct_copy_kernel_cuda(at::TensorIteratorBase&)::{lambda()#3}::operator()() const::{lambda()#12}::operator()() const::{lambda(c10::BFloat16)#1}>(at::TensorIteratorBase&, at::native::direct_copy_kernel_cuda(at::TensorIteratorBase&)::{lambda()#3}::operator()() const::{lambda()#12}::operator()() const::{lambda(c10::BFloat16)#1} const&)::{lambda(int)#1}>(int, at::native::gpu_kernel_impl_nocast<at::native::direct_copy_kernel_cuda(at::TensorIteratorBase&)::{lambda()#3}::operator()() const::{lambda()#12}::operator()() const::{lambda(c10::BFloat16)#1}>(at::TensorIteratorBase&, at::native::direct_copy_kernel_cuda(at::TensorIteratorBase&)::{lambda()#3}::operator()() const::{lambda()#12}::operator()() const::{lambda(c10::BFloat16)#1} const&)::{lambda(int)#1})",110,operator_shape_matched,"[[17,2,124160],[17,2,124160],[]]","[""c10::BFloat16"",""c10::BFloat16"",""Scalar""]",null,1,11.072
aten::copy_,"void at::native::elementwise_kernel<128, 4, at::native::gpu_kernel_impl_nocast<at::native::direct_copy_kernel_cuda(at::TensorIteratorBase&)::{lambda()#3}::operator()() const::{lambda()#12}::operator()() const::{lambda(c10::BFloat16)#1}>(at::TensorIteratorBase&, at::native::direct_copy_kernel_cuda(at::TensorIteratorBase&)::{lambda()#3}::operator()() const::{lambda()#12}::operator()() const::{lambda(c10::BFloat16)#1} const&)::{lambda(int)#1}>(int, at::native::gpu_kernel_impl_nocast<at::native::direct_copy_kernel_cuda(at::TensorIteratorBase&)::{lambda()#3}::operator()() const::{lambda()#12}::operator()() const::{lambda(c10::BFloat16)#1}>(at::TensorIteratorBase&, at::native::direct_copy_kernel_cuda(at::TensorIteratorBase&)::{lambda()#3}::operator()() const::{lambda()#12}::operator()() const::{lambda(c10::BFloat16)#1} const&)::{lambda(int)#1})",111,operator_shape_matched,"[[16,2,124160],[16,2,124160],[]]","[""c10::BFloat16"",""c10::BFloat16"",""Scalar""]",null,1,10.305
aten::copy_,"void at::native::elementwise_kernel<128, 4, at::native::gpu_kernel_impl_nocast<at::native::direct_copy_kernel_cuda(at::TensorIteratorBase&)::{lambda()#3}::operator()() const::{lambda()#12}::operator()() const::{lambda(c10::BFloat16)#1}>(at::TensorIteratorBase&, at::native::direct_copy_kernel_cuda(at::TensorIteratorBase&)::{lambda()#3}::operator()() const::{lambda()#12}::operator()() const::{lambda(c10::BFloat16)#1} const&)::{lambda(int)#1}>(int, at::native::gpu_kernel_impl_nocast<at::native::direct_copy_kernel_cuda(at::TensorIteratorBase&)::{lambda()#3}::operator()() const::{lambda()#12}::operator()() const::{lambda(c10::BFloat16)#1}>(at::TensorIteratorBase&, at::native::direct_copy_kernel_cuda(at::TensorIteratorBase&)::{lambda()#3}::operator()() const::{lambda()#12}::operator()() const::{lambda(c10::BFloat16)#1} const&)::{lambda(int)#1})",112,operator_shape_matched,"[[15,2,124160],[15,2,124160],[]]","[""c10::BFloat16"",""c10::BFloat16"",""Scalar""]",null,1,9.664
aten::copy_,"void at::native::elementwise_kernel<128, 4, at::native::gpu_kernel_impl_nocast<at::native::direct_copy_kernel_cuda(at::TensorIteratorBase&)::{lambda()#3}::operator()() const::{lambda()#12}::operator()() const::{lambda(c10::BFloat16)#1}>(at::TensorIteratorBase&, at::native::direct_copy_kernel_cuda(at::TensorIteratorBase&)::{lambda()#3}::operator()() const::{lambda()#12}::operator()() const::{lambda(c10::BFloat16)#1} const&)::{lambda(int)#1}>(int, at::native::gpu_kernel_impl_nocast<at::native::direct_copy_kernel_cuda(at::TensorIteratorBase&)::{lambda()#3}::operator()() const::{lambda()#12}::operator()() const::{lambda(c10::BFloat16)#1}>(at::TensorIteratorBase&, at::native::direct_copy_kernel_cuda(at::TensorIteratorBase&)::{lambda()#3}::operator()() const::{lambda()#12}::operator()() const::{lambda(c10::BFloat16)#1} const&)::{lambda(int)#1})",113,operator_shape_matched,"[[13,2,124160],[13,2,124160],[]]","[""c10::BFloat16"",""c10::BFloat16"",""Scalar""]",null,1,9.344
aten::copy_,"void at::native::elementwise_kernel<128, 4, at::native::gpu_kernel_impl_nocast<at::native::direct_copy_kernel_cuda(at::TensorIteratorBase&)::{lambda()#3}::operator()() const::{lambda()#12}::operator()() const::{lambda(c10::BFloat16)#1}>(at::TensorIteratorBase&, at::native::direct_copy_kernel_cuda(at::TensorIteratorBase&)::{lambda()#3}::operator()() const::{lambda()#12}::operator()() const::{lambda(c10::BFloat16)#1} const&)::{lambda(int)#1}>(int, at::native::gpu_kernel_impl_nocast<at::native::direct_copy_kernel_cuda(at::TensorIteratorBase&)::{lambda()#3}::operator()() const::{lambda()#12}::operator()() const::{lambda(c10::BFloat16)#1}>(at::TensorIteratorBase&, at::native::direct_copy_kernel_cuda(at::TensorIteratorBase&)::{lambda()#3}::operator()() const::{lambda()#12}::operator()() const::{lambda(c10::BFloat16)#1} const&)::{lambda(int)#1})",114,operator_shape_matched,"[[14,2,124160],[14,2,124160],[]]","[""c10::BFloat16"",""c10::BFloat16"",""Scalar""]",null,1,9.312
aten::copy_,"void at::native::elementwise_kernel<128, 4, at::native::gpu_kernel_impl_nocast<at::native::direct_copy_kernel_cuda(at::TensorIteratorBase&)::{lambda()#3}::operator()() const::{lambda()#12}::operator()() const::{lambda(c10::BFloat16)#1}>(at::TensorIteratorBase&, at::native::direct_copy_kernel_cuda(at::TensorIteratorBase&)::{lambda()#3}::operator()() const::{lambda()#12}::operator()() const::{lambda(c10::BFloat16)#1} const&)::{lambda(int)#1}>(int, at::native::gpu_kernel_impl_nocast<at::native::direct_copy_kernel_cuda(at::TensorIteratorBase&)::{lambda()#3}::operator()() const::{lambda()#12}::operator()() const::{lambda(c10::BFloat16)#1}>(at::TensorIteratorBase&, at::native::direct_copy_kernel_cuda(at::TensorIteratorBase&)::{lambda()#3}::operator()() const::{lambda()#12}::operator()() const::{lambda(c10::BFloat16)#1} const&)::{lambda(int)#1})",115,operator_shape_matched,"[[12,2,124160],[12,2,124160],[]]","[""c10::BFloat16"",""c10::BFloat16"",""Scalar""]",null,1,7.968
aten::copy_,"void at::native::elementwise_kernel<128, 4, at::native::gpu_kernel_impl_nocast<at::native::direct_copy_kernel_cuda(at::TensorIteratorBase&)::{lambda()#3}::operator()() const::{lambda()#12}::operator()() const::{lambda(c10::BFloat16)#1}>(at::TensorIteratorBase&, at::native::direct_copy_kernel_cuda(at::TensorIteratorBase&)::{lambda()#3}::operator()() const::{lambda()#12}::operator()() const::{lambda(c10::BFloat16)#1} const&)::{lambda(int)#1}>(int, at::native::gpu_kernel_impl_nocast<at::native::direct_copy_kernel_cuda(at::TensorIteratorBase&)::{lambda()#3}::operator()() const::{lambda()#12}::operator()() const::{lambda(c10::BFloat16)#1}>(at::TensorIteratorBase&, at::native::direct_copy_kernel_cuda(at::TensorIteratorBase&)::{lambda()#3}::operator()() const::{lambda()#12}::operator()() const::{lambda(c10::BFloat16)#1} const&)::{lambda(int)#1})",116,operator_shape_matched,"[[11,2,124160],[11,2,124160],[]]","[""c10::BFloat16"",""c10::BFloat16"",""Scalar""]",null,1,7.713
aten::copy_,"void at::native::elementwise_kernel<128, 4, at::native::gpu_kernel_impl_nocast<at::native::direct_copy_kernel_cuda(at::TensorIteratorBase&)::{lambda()#3}::operator()() const::{lambda()#12}::operator()() const::{lambda(c10::BFloat16)#1}>(at::TensorIteratorBase&, at::native::direct_copy_kernel_cuda(at::TensorIteratorBase&)::{lambda()#3}::operator()() const::{lambda()#12}::operator()() const::{lambda(c10::BFloat16)#1} const&)::{lambda(int)#1}>(int, at::native::gpu_kernel_impl_nocast<at::native::direct_copy_kernel_cuda(at::TensorIteratorBase&)::{lambda()#3}::operator()() const::{lambda()#12}::operator()() const::{lambda(c10::BFloat16)#1}>(at::TensorIteratorBase&, at::native::direct_copy_kernel_cuda(at::TensorIteratorBase&)::{lambda()#3}::operator()() const::{lambda()#12}::operator()() const::{lambda(c10::BFloat16)#1} const&)::{lambda(int)#1})",117,operator_shape_matched,"[[10,2,124160],[10,2,124160],[]]","[""c10::BFloat16"",""c10::BFloat16"",""Scalar""]",null,1,7.264
aten::copy_,"void at::native::elementwise_kernel<128, 4, at::native::gpu_kernel_impl_nocast<at::native::direct_copy_kernel_cuda(at::TensorIteratorBase&)::{lambda()#3}::operator()() const::{lambda()#12}::operator()() const::{lambda(c10::BFloat16)#1}>(at::TensorIteratorBase&, at::native::direct_copy_kernel_cuda(at::TensorIteratorBase&)::{lambda()#3}::operator()() const::{lambda()#12}::operator()() const::{lambda(c10::BFloat16)#1} const&)::{lambda(int)#1}>(int, at::native::gpu_kernel_impl_nocast<at::native::direct_copy_kernel_cuda(at::TensorIteratorBase&)::{lambda()#3}::operator()() const::{lambda()#12}::operator()() const::{lambda(c10::BFloat16)#1}>(at::TensorIteratorBase&, at::native::direct_copy_kernel_cuda(at::TensorIteratorBase&)::{lambda()#3}::operator()() const::{lambda()#12}::operator()() const::{lambda(c10::BFloat16)#1} const&)::{lambda(int)#1})",118,operator_shape_matched,"[[9,2,124160],[9,2,124160],[]]","[""c10::BFloat16"",""c10::BFloat16"",""Scalar""]",null,1,6.303
aten::copy_,"void at::native::elementwise_kernel<128, 4, at::native::gpu_kernel_impl_nocast<at::native::direct_copy_kernel_cuda(at::TensorIteratorBase&)::{lambda()#3}::operator()() const::{lambda()#12}::operator()() const::{lambda(c10::BFloat16)#1}>(at::TensorIteratorBase&, at::native::direct_copy_kernel_cuda(at::TensorIteratorBase&)::{lambda()#3}::operator()() const::{lambda()#12}::operator()() const::{lambda(c10::BFloat16)#1} const&)::{lambda(int)#1}>(int, at::native::gpu_kernel_impl_nocast<at::native::direct_copy_kernel_cuda(at::TensorIteratorBase&)::{lambda()#3}::operator()() const::{lambda()#12}::operator()() const::{lambda(c10::BFloat16)#1}>(at::TensorIteratorBase&, at::native::direct_copy_kernel_cuda(at::TensorIteratorBase&)::{lambda()#3}::operator()() const::{lambda()#12}::operator()() const::{lambda(c10::BFloat16)#1} const&)::{lambda(int)#1})",119,operator_shape_matched,"[[8,2,124160],[8,2,124160],[]]","[""c10::BFloat16"",""c10::BFloat16"",""Scalar""]",null,1,5.696
aten::copy_,"void at::native::elementwise_kernel<128, 4, at::native::gpu_kernel_impl_nocast<at::native::direct_copy_kernel_cuda(at::TensorIteratorBase&)::{lambda()#3}::operator()() const::{lambda()#12}::operator()() const::{lambda(c10::BFloat16)#1}>(at::TensorIteratorBase&, at::native::direct_copy_kernel_cuda(at::TensorIteratorBase&)::{lambda()#3}::operator()() const::{lambda()#12}::operator()() const::{lambda(c10::BFloat16)#1} const&)::{lambda(int)#1}>(int, at::native::gpu_kernel_impl_nocast<at::native::direct_copy_kernel_cuda(at::TensorIteratorBase&)::{lambda()#3}::operator()() const::{lambda()#12}::operator()() const::{lambda(c10::BFloat16)#1}>(at::TensorIteratorBase&, at::native::direct_copy_kernel_cuda(at::TensorIteratorBase&)::{lambda()#3}::operator()() const::{lambda()#12}::operator()() const::{lambda(c10::BFloat16)#1} const&)::{lambda(int)#1})",120,operator_shape_matched,"[[7,2,124160],[7,2,124160],[]]","[""c10::BFloat16"",""c10::BFloat16"",""Scalar""]",null,1,5.6
aten::copy_,"void at::native::elementwise_kernel<128, 4, at::native::gpu_kernel_impl_nocast<at::native::direct_copy_kernel_cuda(at::TensorIteratorBase&)::{lambda()#3}::operator()() const::{lambda()#12}::operator()() const::{lambda(c10::BFloat16)#1}>(at::TensorIteratorBase&, at::native::direct_copy_kernel_cuda(at::TensorIteratorBase&)::{lambda()#3}::operator()() const::{lambda()#12}::operator()() const::{lambda(c10::BFloat16)#1} const&)::{lambda(int)#1}>(int, at::native::gpu_kernel_impl_nocast<at::native::direct_copy_kernel_cuda(at::TensorIteratorBase&)::{lambda()#3}::operator()() const::{lambda()#12}::operator()() const::{lambda(c10::BFloat16)#1}>(at::TensorIteratorBase&, at::native::direct_copy_kernel_cuda(at::TensorIteratorBase&)::{lambda()#3}::operator()() const::{lambda()#12}::operator()() const::{lambda(c10::BFloat16)#1} const&)::{lambda(int)#1})",121,operator_shape_matched,"[[6,2,124160],[6,2,124160],[]]","[""c10::BFloat16"",""c10::BFloat16"",""Scalar""]",null,1,5.121
aten::copy_,"void at::native::elementwise_kernel<128, 4, at::native::gpu_kernel_impl_nocast<at::native::direct_copy_kernel_cuda(at::TensorIteratorBase&)::{lambda()#3}::operator()() const::{lambda()#12}::operator()() const::{lambda(c10::BFloat16)#1}>(at::TensorIteratorBase&, at::native::direct_copy_kernel_cuda(at::TensorIteratorBase&)::{lambda()#3}::operator()() const::{lambda()#12}::operator()() const::{lambda(c10::BFloat16)#1} const&)::{lambda(int)#1}>(int, at::native::gpu_kernel_impl_nocast<at::native::direct_copy_kernel_cuda(at::TensorIteratorBase&)::{lambda()#3}::operator()() const::{lambda()#12}::operator()() const::{lambda(c10::BFloat16)#1}>(at::TensorIteratorBase&, at::native::direct_copy_kernel_cuda(at::TensorIteratorBase&)::{lambda()#3}::operator()() const::{lambda()#12}::operator()() const::{lambda(c10::BFloat16)#1} const&)::{lambda(int)#1})",122,operator_shape_matched,"[[5,2,124160],[5,2,124160],[]]","[""c10::BFloat16"",""c10::BFloat16"",""Scalar""]",null,1,4.384
aten::copy_,"void at::native::elementwise_kernel<128, 4, at::native::gpu_kernel_impl_nocast<at::native::direct_copy_kernel_cuda(at::TensorIteratorBase&)::{lambda()#3}::operator()() const::{lambda()#12}::operator()() const::{lambda(c10::BFloat16)#1}>(at::TensorIteratorBase&, at::native::direct_copy_kernel_cuda(at::TensorIteratorBase&)::{lambda()#3}::operator()() const::{lambda()#12}::operator()() const::{lambda(c10::BFloat16)#1} const&)::{lambda(int)#1}>(int, at::native::gpu_kernel_impl_nocast<at::native::direct_copy_kernel_cuda(at::TensorIteratorBase&)::{lambda()#3}::operator()() const::{lambda()#12}::operator()() const::{lambda(c10::BFloat16)#1}>(at::TensorIteratorBase&, at::native::direct_copy_kernel_cuda(at::TensorIteratorBase&)::{lambda()#3}::operator()() const::{lambda()#12}::operator()() const::{lambda(c10::BFloat16)#1} const&)::{lambda(int)#1})",123,operator_shape_matched,"[[4,2,124160],[4,2,124160],[]]","[""c10::BFloat16"",""c10::BFloat16"",""Scalar""]",null,1,4.224
aten::copy_,"void at::native::elementwise_kernel<128, 4, at::native::gpu_kernel_impl_nocast<at::native::direct_copy_kernel_cuda(at::TensorIteratorBase&)::{lambda()#3}::operator()() const::{lambda()#12}::operator()() const::{lambda(c10::BFloat16)#1}>(at::TensorIteratorBase&, at::native::direct_copy_kernel_cuda(at::TensorIteratorBase&)::{lambda()#3}::operator()() const::{lambda()#12}::operator()() const::{lambda(c10::BFloat16)#1} const&)::{lambda(int)#1}>(int, at::native::gpu_kernel_impl_nocast<at::native::direct_copy_kernel_cuda(at::TensorIteratorBase&)::{lambda()#3}::operator()() const::{lambda()#12}::operator()() const::{lambda(c10::BFloat16)#1}>(at::TensorIteratorBase&, at::native::direct_copy_kernel_cuda(at::TensorIteratorBase&)::{lambda()#3}::operator()() const::{lambda()#12}::operator()() const::{lambda(c10::BFloat16)#1} const&)::{lambda(int)#1})",124,operator_shape_matched,"[[3,2,124160],[3,2,124160],[]]","[""c10::BFloat16"",""c10::BFloat16"",""Scalar""]",null,1,3.328
aten::copy_,"void at::native::elementwise_kernel<128, 4, at::native::gpu_kernel_impl_nocast<at::native::direct_copy_kernel_cuda(at::TensorIteratorBase&)::{lambda()#3}::operator()() const::{lambda()#12}::operator()() const::{lambda(c10::BFloat16)#1}>(at::TensorIteratorBase&, at::native::direct_copy_kernel_cuda(at::TensorIteratorBase&)::{lambda()#3}::operator()() const::{lambda()#12}::operator()() const::{lambda(c10::BFloat16)#1} const&)::{lambda(int)#1}>(int, at::native::gpu_kernel_impl_nocast<at::native::direct_copy_kernel_cuda(at::TensorIteratorBase&)::{lambda()#3}::operator()() const::{lambda()#12}::operator()() const::{lambda(c10::BFloat16)#1}>(at::TensorIteratorBase&, at::native::direct_copy_kernel_cuda(at::TensorIteratorBase&)::{lambda()#3}::operator()() const::{lambda()#12}::operator()() const::{lambda(c10::BFloat16)#1} const&)::{lambda(int)#1})",125,operator_shape_matched,"[[2,2,124160],[2,2,124160],[]]","[""c10::BFloat16"",""c10::BFloat16"",""Scalar""]",null,1,2.656
null,sigmoid_forward_kernel_rank_1,1,missing_external_id,null,null,null,10240,17837.406
aten::sigmoid,sigmoid_forward_kernel_rank_1,2,operator_shape_matched,"[[8192,1]]","[""c10::BFloat16""]",null,1240,1535.903
aten::sigmoid,sigmoid_forward_kernel_rank_1,3,operator_shape_matched,"[[5089,1]]","[""c10::BFloat16""]",null,40,50.531
aten::sigmoid,sigmoid_forward_kernel_rank_1,4,operator_shape_matched,"[[4096,1]]","[""c10::BFloat16""]",null,40,47.011
aten::argmax,argmax_kernel_inner,1,operator_shape_matched,"[[64,248320],[],[]]","[""float"",""Scalar"",""Scalar""]",null,223,15407.917
aten::argmax,argmax_kernel_inner,2,operator_shape_matched,"[[63,248320],[],[]]","[""float"",""Scalar"",""Scalar""]",null,3,206.148
aten::argmax,argmax_kernel_inner,3,operator_shape_matched,"[[1,248320],[],[]]","[""float"",""Scalar"",""Scalar""]",null,2,81.794
aten::argmax,argmax_kernel_inner,4,operator_shape_matched,"[[62,248320],[],[]]","[""float"",""Scalar"",""Scalar""]",null,1,69.217
aten::argmax,argmax_kernel_inner,5,operator_shape_matched,"[[56,248320],[],[]]","[""float"",""Scalar"",""Scalar""]",null,1,69.153
aten::argmax,argmax_kernel_inner,6,operator_shape_matched,"[[60,248320],[],[]]","[""float"",""Scalar"",""Scalar""]",null,1,69.089
aten::argmax,argmax_kernel_inner,7,operator_shape_matched,"[[61,248320],[],[]]","[""float"",""Scalar"",""Scalar""]",null,1,68.673
aten::argmax,argmax_kernel_inner,8,operator_shape_matched,"[[59,248320],[],[]]","[""float"",""Scalar"",""Scalar""]",null,1,68.514
aten::argmax,argmax_kernel_inner,9,operator_shape_matched,"[[58,248320],[],[]]","[""float"",""Scalar"",""Scalar""]",null,1,68.321
aten::argmax,argmax_kernel_inner,10,operator_shape_matched,"[[54,248320],[],[]]","[""float"",""Scalar"",""Scalar""]",null,1,67.777
aten::argmax,argmax_kernel_inner,11,operator_shape_matched,"[[57,248320],[],[]]","[""float"",""Scalar"",""Scalar""]",null,1,67.745
aten::argmax,argmax_kernel_inner,12,operator_shape_matched,"[[53,248320],[],[]]","[""float"",""Scalar"",""Scalar""]",null,1,67.233
aten::argmax,argmax_kernel_inner,13,operator_shape_matched,"[[55,248320],[],[]]","[""float"",""Scalar"",""Scalar""]",null,1,67.105
aten::argmax,argmax_kernel_inner,14,operator_shape_matched,"[[48,248320],[],[]]","[""float"",""Scalar"",""Scalar""]",null,1,66.561
aten::argmax,argmax_kernel_inner,15,operator_shape_matched,"[[52,248320],[],[]]","[""float"",""Scalar"",""Scalar""]",null,1,66.433
aten::argmax,argmax_kernel_inner,16,operator_shape_matched,"[[51,248320],[],[]]","[""float"",""Scalar"",""Scalar""]",null,1,66.402
aten::argmax,argmax_kernel_inner,17,operator_shape_matched,"[[49,248320],[],[]]","[""float"",""Scalar"",""Scalar""]",null,1,66.081
aten::argmax,argmax_kernel_inner,18,operator_shape_matched,"[[46,248320],[],[]]","[""float"",""Scalar"",""Scalar""]",null,1,65.985
aten::argmax,argmax_kernel_inner,19,operator_shape_matched,"[[50,248320],[],[]]","[""float"",""Scalar"",""Scalar""]",null,1,65.953
aten::argmax,argmax_kernel_inner,20,operator_shape_matched,"[[47,248320],[],[]]","[""float"",""Scalar"",""Scalar""]",null,1,65.857
aten::argmax,argmax_kernel_inner,21,operator_shape_matched,"[[44,248320],[],[]]","[""float"",""Scalar"",""Scalar""]",null,1,65.665
aten::argmax,argmax_kernel_inner,22,operator_shape_matched,"[[45,248320],[],[]]","[""float"",""Scalar"",""Scalar""]",null,1,65.442
aten::argmax,argmax_kernel_inner,23,operator_shape_matched,"[[42,248320],[],[]]","[""float"",""Scalar"",""Scalar""]",null,1,64.577
aten::argmax,argmax_kernel_inner,24,operator_shape_matched,"[[43,248320],[],[]]","[""float"",""Scalar"",""Scalar""]",null,1,64.225
aten::argmax,argmax_kernel_inner,25,operator_shape_matched,"[[41,248320],[],[]]","[""float"",""Scalar"",""Scalar""]",null,1,64.098
aten::argmax,argmax_kernel_inner,26,operator_shape_matched,"[[39,248320],[],[]]","[""float"",""Scalar"",""Scalar""]",null,1,62.977
aten::argmax,argmax_kernel_inner,27,operator_shape_matched,"[[37,248320],[],[]]","[""float"",""Scalar"",""Scalar""]",null,1,62.625
aten::argmax,argmax_kernel_inner,28,operator_shape_matched,"[[38,248320],[],[]]","[""float"",""Scalar"",""Scalar""]",null,1,62.497
aten::argmax,argmax_kernel_inner,29,operator_shape_matched,"[[40,248320],[],[]]","[""float"",""Scalar"",""Scalar""]",null,1,62.465
aten::argmax,argmax_kernel_inner,30,operator_shape_matched,"[[36,248320],[],[]]","[""float"",""Scalar"",""Scalar""]",null,1,61.825
aten::argmax,argmax_kernel_inner,31,operator_shape_matched,"[[35,248320],[],[]]","[""float"",""Scalar"",""Scalar""]",null,1,61.569
aten::argmax,argmax_kernel_inner,32,operator_shape_matched,"[[33,248320],[],[]]","[""float"",""Scalar"",""Scalar""]",null,1,60.641
aten::argmax,argmax_kernel_inner,33,operator_shape_matched,"[[32,248320],[],[]]","[""float"",""Scalar"",""Scalar""]",null,1,60.61
aten::argmax,argmax_kernel_inner,34,operator_shape_matched,"[[34,248320],[],[]]","[""float"",""Scalar"",""Scalar""]",null,1,60.513
aten::argmax,argmax_kernel_inner,35,operator_shape_matched,"[[31,248320],[],[]]","[""float"",""Scalar"",""Scalar""]",null,1,60.225
aten::argmax,argmax_kernel_inner,36,operator_shape_matched,"[[30,248320],[],[]]","[""float"",""Scalar"",""Scalar""]",null,1,59.873
aten::argmax,argmax_kernel_inner,37,operator_shape_matched,"[[29,248320],[],[]]","[""float"",""Scalar"",""Scalar""]",null,1,59.137
aten::argmax,argmax_kernel_inner,38,operator_shape_matched,"[[28,248320],[],[]]","[""float"",""Scalar"",""Scalar""]",null,1,58.369
aten::argmax,argmax_kernel_inner,39,operator_shape_matched,"[[27,248320],[],[]]","[""float"",""Scalar"",""Scalar""]",null,1,58.337
aten::argmax,argmax_kernel_inner,40,operator_shape_matched,"[[25,248320],[],[]]","[""float"",""Scalar"",""Scalar""]",null,1,57.281
aten::argmax,argmax_kernel_inner,41,operator_shape_matched,"[[26,248320],[],[]]","[""float"",""Scalar"",""Scalar""]",null,1,56.93
aten::argmax,argmax_kernel_inner,42,operator_shape_matched,"[[24,248320],[],[]]","[""float"",""Scalar"",""Scalar""]",null,1,56.545
aten::argmax,argmax_kernel_inner,43,operator_shape_matched,"[[23,248320],[],[]]","[""float"",""Scalar"",""Scalar""]",null,1,53.185
aten::argmax,argmax_kernel_inner,44,operator_shape_matched,"[[22,248320],[],[]]","[""float"",""Scalar"",""Scalar""]",null,1,52.161
aten::argmax,argmax_kernel_inner,45,operator_shape_matched,"[[21,248320],[],[]]","[""float"",""Scalar"",""Scalar""]",null,1,51.361
aten::argmax,argmax_kernel_inner,46,operator_shape_matched,"[[20,248320],[],[]]","[""float"",""Scalar"",""Scalar""]",null,1,47.074
aten::argmax,argmax_kernel_inner,47,operator_shape_matched,"[[18,248320],[],[]]","[""float"",""Scalar"",""Scalar""]",null,1,43.649
aten::argmax,argmax_kernel_inner,48,operator_shape_matched,"[[16,248320],[],[]]","[""float"",""Scalar"",""Scalar""]",null,1,43.233
aten::argmax,argmax_kernel_inner,49,operator_shape_matched,"[[19,248320],[],[]]","[""float"",""Scalar"",""Scalar""]",null,1,43.169
aten::argmax,argmax_kernel_inner,50,operator_shape_matched,"[[9,248320],[],[]]","[""float"",""Scalar"",""Scalar""]",null,1,42.913
aten::argmax,argmax_kernel_inner,51,operator_shape_matched,"[[17,248320],[],[]]","[""float"",""Scalar"",""Scalar""]",null,1,42.849
aten::argmax,argmax_kernel_inner,52,operator_shape_matched,"[[12,248320],[],[]]","[""float"",""Scalar"",""Scalar""]",null,1,42.528
aten::argmax,argmax_kernel_inner,53,operator_shape_matched,"[[13,248320],[],[]]","[""float"",""Scalar"",""Scalar""]",null,1,42.433
aten::argmax,argmax_kernel_inner,54,operator_shape_matched,"[[8,248320],[],[]]","[""float"",""Scalar"",""Scalar""]",null,1,42.433
aten::argmax,argmax_kernel_inner,55,operator_shape_matched,"[[15,248320],[],[]]","[""float"",""Scalar"",""Scalar""]",null,1,42.401
aten::argmax,argmax_kernel_inner,56,operator_shape_matched,"[[14,248320],[],[]]","[""float"",""Scalar"",""Scalar""]",null,1,42.4
aten::argmax,argmax_kernel_inner,57,operator_shape_matched,"[[10,248320],[],[]]","[""float"",""Scalar"",""Scalar""]",null,1,42.369
aten::argmax,argmax_kernel_inner,58,operator_shape_matched,"[[2,248320],[],[]]","[""float"",""Scalar"",""Scalar""]",null,1,42.369
aten::argmax,argmax_kernel_inner,59,operator_shape_matched,"[[11,248320],[],[]]","[""float"",""Scalar"",""Scalar""]",null,1,42.241
aten::argmax,argmax_kernel_inner,60,operator_shape_matched,"[[6,248320],[],[]]","[""float"",""Scalar"",""Scalar""]",null,1,42.241
aten::argmax,argmax_kernel_inner,61,operator_shape_matched,"[[7,248320],[],[]]","[""float"",""Scalar"",""Scalar""]",null,1,42.241
aten::argmax,argmax_kernel_inner,62,operator_shape_matched,"[[5,248320],[],[]]","[""float"",""Scalar"",""Scalar""]",null,1,42.144
aten::argmax,argmax_kernel_inner,63,operator_shape_matched,"[[4,248320],[],[]]","[""float"",""Scalar"",""Scalar""]",null,1,42.017
aten::argmax,argmax_kernel_inner,64,operator_shape_matched,"[[3,248320],[],[]]","[""float"",""Scalar"",""Scalar""]",null,1,41.825
null,triton_poi_fused_5,1,missing_external_id,null,null,null,7680,8947.172
triton_poi_fused_5,triton_poi_fused_5,2,operator_shape_matched,"[[8192,4608],[8192,8,256],[]]","[""c10::BFloat16"",""c10::BFloat16"",""Scalar""]",null,310,6496.834
triton_poi_fused_5,triton_poi_fused_5,3,operator_shape_matched,"[[8192,32],[8192,16],[8192,16],[],[]]","[""c10::BFloat16"",""c10::BFloat16"",""c10::BFloat16"",""Scalar"",""Scalar""]",null,620,917.054
triton_poi_fused_5,triton_poi_fused_5,4,operator_shape_matched,"[[5089,4608],[5089,8,256],[]]","[""c10::BFloat16"",""c10::BFloat16"",""Scalar""]",null,10,121.348
triton_poi_fused_5,triton_poi_fused_5,5,operator_shape_matched,"[[4096,4608],[4096,8,256],[]]","[""c10::BFloat16"",""c10::BFloat16"",""Scalar""]",null,10,97.09
triton_poi_fused_5,triton_poi_fused_5,6,operator_shape_matched,"[[5089,32],[5089,16],[5089,16],[],[]]","[""c10::BFloat16"",""c10::BFloat16"",""c10::BFloat16"",""Scalar"",""Scalar""]",null,20,28.128
triton_poi_fused_5,triton_poi_fused_5,7,operator_shape_matched,"[[4096,32],[4096,16],[4096,16],[],[]]","[""c10::BFloat16"",""c10::BFloat16"",""c10::BFloat16"",""Scalar"",""Scalar""]",null,20,27.2
triton_poi_fused_7,triton_poi_fused_7,1,operator_shape_matched,"[[8192,4608],[8192,8,1],[256],[8192,32],[8192,32],[8192,1,1],[256],[8192,8,64],[8192,8,192],[8192,1,64],[8192,1,192],[],[],[],[]]","[""c10::BFloat16"",""float"",""c10::BFloat16"",""c10::BFloat16"",""c10::BFloat16"",""float"",""c10::BFloat16"",""c10::BFloat16"",""c10::BFloat16"",""c10::BFloat16"",""c10::BFloat16"",""Scalar"",""Scalar"",""Scalar"",""Scalar""]",null,310,10553.782
null,triton_poi_fused_7,2,missing_external_id,null,null,null,2560,5609.958
triton_poi_fused_7,triton_poi_fused_7,3,operator_shape_matched,"[[5089,4608],[5089,8,1],[256],[5089,32],[5089,32],[5089,1,1],[256],[5089,8,64],[5089,8,192],[5089,1,64],[5089,1,192],[],[],[],[]]","[""c10::BFloat16"",""float"",""c10::BFloat16"",""c10::BFloat16"",""c10::BFloat16"",""float"",""c10::BFloat16"",""c10::BFloat16"",""c10::BFloat16"",""c10::BFloat16"",""c10::BFloat16"",""Scalar"",""Scalar"",""Scalar"",""Scalar""]",null,10,216.612
triton_poi_fused_7,triton_poi_fused_7,4,operator_shape_matched,"[[4096,4608],[4096,8,1],[256],[4096,32],[4096,32],[4096,1,1],[256],[4096,8,64],[4096,8,192],[4096,1,64],[4096,1,192],[],[],[],[]]","[""c10::BFloat16"",""float"",""c10::BFloat16"",""c10::BFloat16"",""c10::BFloat16"",""float"",""c10::BFloat16"",""c10::BFloat16"",""c10::BFloat16"",""c10::BFloat16"",""c10::BFloat16"",""Scalar"",""Scalar"",""Scalar"",""Scalar""]",null,10,175.205
null,moe_align_block_size_stage3,1,missing_external_id,null,null,null,10040,13955.103
vllm::moe_forward_shared,moe_align_block_size_stage3,2,operator_shape_matched,"[[8192,2048],[8192,2048],[8192,2048],[],[],[]]","[""c10::BFloat16"",""c10::BFloat16"",""c10::BFloat16"","""","""",""Scalar""]",null,1240,1686.691
vllm::moe_forward_shared,moe_align_block_size_stage3,3,operator_shape_matched,"[[5089,2048],[5089,2048],[5089,2048],[],[],[]]","[""c10::BFloat16"",""c10::BFloat16"",""c10::BFloat16"","""","""",""Scalar""]",null,40,57.537
vllm::moe_forward_shared,moe_align_block_size_stage3,4,operator_shape_matched,"[[4096,2048],[4096,2048],[4096,2048],[],[],[]]","[""c10::BFloat16"",""c10::BFloat16"",""c10::BFloat16"","""","""",""Scalar""]",null,40,53.757
triton_poi_fused_add_2,triton_poi_fused_add_2,1,operator_shape_matched,"[[8192,2048],[8192,2048],[]]","[""c10::BFloat16"",""c10::BFloat16"",""Scalar""]",null,310,10434.071
null,triton_poi_fused_add_2,2,missing_external_id,null,null,null,2560,4087.645
triton_poi_fused_add_2,triton_poi_fused_add_2,3,operator_shape_matched,"[[5089,2048],[5089,2048],[]]","[""c10::BFloat16"",""c10::BFloat16"",""Scalar""]",null,10,168.674
triton_poi_fused_add_2,triton_poi_fused_add_2,4,operator_shape_matched,"[[4096,2048],[4096,2048],[]]","[""c10::BFloat16"",""c10::BFloat16"",""Scalar""]",null,10,130.178
null,reduce_segments,1,missing_external_id,null,null,null,2560,13642.64
aten::copy_,"void at::native::unrolled_elementwise_kernel<at::native::direct_copy_kernel_cuda(at::TensorIteratorBase&)::{lambda()#3}::operator()() const::{lambda()#7}::operator()() const::{lambda(float)#1}, std::array<char*, 2ul>, 4, TrivialOffsetCalculator<1, unsigned int>, TrivialOffsetCalculator<1, unsigned int>, at::native::memory::LoadWithCast<1>, at::native::memory::StoreWithCast<1> >(int, at::native::direct_copy_kernel_cuda(at::TensorIteratorBase&)::{lambda()#3}::operator()() const::{lambda()#7}::operator()() const::{lambda(float)#1}, std::array<char*, 2ul>, TrivialOffsetCalculator<1, unsigned int>, TrivialOffsetCalculator<1, unsigned int>, at::native::memory::LoadWithCast<1>, at::native::memory::StoreWithCast<1>)",1,operator_shape_matched,"[[64,248320],[64,248320],[]]","[""float"",""c10::BFloat16"",""Scalar""]",null,223,11342.762
aten::copy_,"void at::native::unrolled_elementwise_kernel<at::native::direct_copy_kernel_cuda(at::TensorIteratorBase&)::{lambda()#3}::operator()() const::{lambda()#7}::operator()() const::{lambda(float)#1}, std::array<char*, 2ul>, 4, TrivialOffsetCalculator<1, unsigned int>, TrivialOffsetCalculator<1, unsigned int>, at::native::memory::LoadWithCast<1>, at::native::memory::StoreWithCast<1> >(int, at::native::direct_copy_kernel_cuda(at::TensorIteratorBase&)::{lambda()#3}::operator()() const::{lambda()#7}::operator()() const::{lambda(float)#1}, std::array<char*, 2ul>, TrivialOffsetCalculator<1, unsigned int>, TrivialOffsetCalculator<1, unsigned int>, at::native::memory::LoadWithCast<1>, at::native::memory::StoreWithCast<1>)",2,operator_shape_matched,"[[63,248320],[63,248320],[]]","[""float"",""c10::BFloat16"",""Scalar""]",null,3,151.3
aten::copy_,"void at::native::unrolled_elementwise_kernel<at::native::direct_copy_kernel_cuda(at::TensorIteratorBase&)::{lambda()#3}::operator()() const::{lambda()#7}::operator()() const::{lambda(float)#1}, std::array<char*, 2ul>, 4, TrivialOffsetCalculator<1, unsigned int>, TrivialOffsetCalculator<1, unsigned int>, at::native::memory::LoadWithCast<1>, at::native::memory::StoreWithCast<1> >(int, at::native::direct_copy_kernel_cuda(at::TensorIteratorBase&)::{lambda()#3}::operator()() const::{lambda()#7}::operator()() const::{lambda(float)#1}, std::array<char*, 2ul>, TrivialOffsetCalculator<1, unsigned int>, TrivialOffsetCalculator<1, unsigned int>, at::native::memory::LoadWithCast<1>, at::native::memory::StoreWithCast<1>)",3,operator_shape_matched,"[[62,248320],[62,248320],[]]","[""float"",""c10::BFloat16"",""Scalar""]",null,1,50.017
aten::copy_,"void at::native::unrolled_elementwise_kernel<at::native::direct_copy_kernel_cuda(at::TensorIteratorBase&)::{lambda()#3}::operator()() const::{lambda()#7}::operator()() const::{lambda(float)#1}, std::array<char*, 2ul>, 4, TrivialOffsetCalculator<1, unsigned int>, TrivialOffsetCalculator<1, unsigned int>, at::native::memory::LoadWithCast<1>, at::native::memory::StoreWithCast<1> >(int, at::native::direct_copy_kernel_cuda(at::TensorIteratorBase&)::{lambda()#3}::operator()() const::{lambda()#7}::operator()() const::{lambda(float)#1}, std::array<char*, 2ul>, TrivialOffsetCalculator<1, unsigned int>, TrivialOffsetCalculator<1, unsigned int>, at::native::memory::LoadWithCast<1>, at::native::memory::StoreWithCast<1>)",4,operator_shape_matched,"[[61,248320],[61,248320],[]]","[""float"",""c10::BFloat16"",""Scalar""]",null,1,48.385
aten::copy_,"void at::native::unrolled_elementwise_kernel<at::native::direct_copy_kernel_cuda(at::TensorIteratorBase&)::{lambda()#3}::operator()() const::{lambda()#7}::operator()() const::{lambda(float)#1}, std::array<char*, 2ul>, 4, TrivialOffsetCalculator<1, unsigned int>, TrivialOffsetCalculator<1, unsigned int>, at::native::memory::LoadWithCast<1>, at::native::memory::StoreWithCast<1> >(int, at::native::direct_copy_kernel_cuda(at::TensorIteratorBase&)::{lambda()#3}::operator()() const::{lambda()#7}::operator()() const::{lambda(float)#1}, std::array<char*, 2ul>, TrivialOffsetCalculator<1, unsigned int>, TrivialOffsetCalculator<1, unsigned int>, at::native::memory::LoadWithCast<1>, at::native::memory::StoreWithCast<1>)",5,operator_shape_matched,"[[60,248320],[60,248320],[]]","[""float"",""c10::BFloat16"",""Scalar""]",null,1,47.553
aten::copy_,"void at::native::unrolled_elementwise_kernel<at::native::direct_copy_kernel_cuda(at::TensorIteratorBase&)::{lambda()#3}::operator()() const::{lambda()#7}::operator()() const::{lambda(float)#1}, std::array<char*, 2ul>, 4, TrivialOffsetCalculator<1, unsigned int>, TrivialOffsetCalculator<1, unsigned int>, at::native::memory::LoadWithCast<1>, at::native::memory::StoreWithCast<1> >(int, at::native::direct_copy_kernel_cuda(at::TensorIteratorBase&)::{lambda()#3}::operator()() const::{lambda()#7}::operator()() const::{lambda(float)#1}, std::array<char*, 2ul>, TrivialOffsetCalculator<1, unsigned int>, TrivialOffsetCalculator<1, unsigned int>, at::native::memory::LoadWithCast<1>, at::native::memory::StoreWithCast<1>)",6,operator_shape_matched,"[[59,248320],[59,248320],[]]","[""float"",""c10::BFloat16"",""Scalar""]",null,1,46.689
aten::copy_,"void at::native::unrolled_elementwise_kernel<at::native::direct_copy_kernel_cuda(at::TensorIteratorBase&)::{lambda()#3}::operator()() const::{lambda()#7}::operator()() const::{lambda(float)#1}, std::array<char*, 2ul>, 4, TrivialOffsetCalculator<1, unsigned int>, TrivialOffsetCalculator<1, unsigned int>, at::native::memory::LoadWithCast<1>, at::native::memory::StoreWithCast<1> >(int, at::native::direct_copy_kernel_cuda(at::TensorIteratorBase&)::{lambda()#3}::operator()() const::{lambda()#7}::operator()() const::{lambda(float)#1}, std::array<char*, 2ul>, TrivialOffsetCalculator<1, unsigned int>, TrivialOffsetCalculator<1, unsigned int>, at::native::memory::LoadWithCast<1>, at::native::memory::StoreWithCast<1>)",7,operator_shape_matched,"[[58,248320],[58,248320],[]]","[""float"",""c10::BFloat16"",""Scalar""]",null,1,46.561
aten::copy_,"void at::native::unrolled_elementwise_kernel<at::native::direct_copy_kernel_cuda(at::TensorIteratorBase&)::{lambda()#3}::operator()() const::{lambda()#7}::operator()() const::{lambda(float)#1}, std::array<char*, 2ul>, 4, TrivialOffsetCalculator<1, unsigned int>, TrivialOffsetCalculator<1, unsigned int>, at::native::memory::LoadWithCast<1>, at::native::memory::StoreWithCast<1> >(int, at::native::direct_copy_kernel_cuda(at::TensorIteratorBase&)::{lambda()#3}::operator()() const::{lambda()#7}::operator()() const::{lambda(float)#1}, std::array<char*, 2ul>, TrivialOffsetCalculator<1, unsigned int>, TrivialOffsetCalculator<1, unsigned int>, at::native::memory::LoadWithCast<1>, at::native::memory::StoreWithCast<1>)",8,operator_shape_matched,"[[57,248320],[57,248320],[]]","[""float"",""c10::BFloat16"",""Scalar""]",null,1,46.081
aten::copy_,"void at::native::unrolled_elementwise_kernel<at::native::direct_copy_kernel_cuda(at::TensorIteratorBase&)::{lambda()#3}::operator()() const::{lambda()#7}::operator()() const::{lambda(float)#1}, std::array<char*, 2ul>, 4, TrivialOffsetCalculator<1, unsigned int>, TrivialOffsetCalculator<1, unsigned int>, at::native::memory::LoadWithCast<1>, at::native::memory::StoreWithCast<1> >(int, at::native::direct_copy_kernel_cuda(at::TensorIteratorBase&)::{lambda()#3}::operator()() const::{lambda()#7}::operator()() const::{lambda(float)#1}, std::array<char*, 2ul>, TrivialOffsetCalculator<1, unsigned int>, TrivialOffsetCalculator<1, unsigned int>, at::native::memory::LoadWithCast<1>, at::native::memory::StoreWithCast<1>)",9,operator_shape_matched,"[[56,248320],[56,248320],[]]","[""float"",""c10::BFloat16"",""Scalar""]",null,1,44.609
aten::copy_,"void at::native::unrolled_elementwise_kernel<at::native::direct_copy_kernel_cuda(at::TensorIteratorBase&)::{lambda()#3}::operator()() const::{lambda()#7}::operator()() const::{lambda(float)#1}, std::array<char*, 2ul>, 4, TrivialOffsetCalculator<1, unsigned int>, TrivialOffsetCalculator<1, unsigned int>, at::native::memory::LoadWithCast<1>, at::native::memory::StoreWithCast<1> >(int, at::native::direct_copy_kernel_cuda(at::TensorIteratorBase&)::{lambda()#3}::operator()() const::{lambda()#7}::operator()() const::{lambda(float)#1}, std::array<char*, 2ul>, TrivialOffsetCalculator<1, unsigned int>, TrivialOffsetCalculator<1, unsigned int>, at::native::memory::LoadWithCast<1>, at::native::memory::StoreWithCast<1>)",10,operator_shape_matched,"[[55,248320],[55,248320],[]]","[""float"",""c10::BFloat16"",""Scalar""]",null,1,44.545
aten::copy_,"void at::native::unrolled_elementwise_kernel<at::native::direct_copy_kernel_cuda(at::TensorIteratorBase&)::{lambda()#3}::operator()() const::{lambda()#7}::operator()() const::{lambda(float)#1}, std::array<char*, 2ul>, 4, TrivialOffsetCalculator<1, unsigned int>, TrivialOffsetCalculator<1, unsigned int>, at::native::memory::LoadWithCast<1>, at::native::memory::StoreWithCast<1> >(int, at::native::direct_copy_kernel_cuda(at::TensorIteratorBase&)::{lambda()#3}::operator()() const::{lambda()#7}::operator()() const::{lambda(float)#1}, std::array<char*, 2ul>, TrivialOffsetCalculator<1, unsigned int>, TrivialOffsetCalculator<1, unsigned int>, at::native::memory::LoadWithCast<1>, at::native::memory::StoreWithCast<1>)",11,operator_shape_matched,"[[54,248320],[54,248320],[]]","[""float"",""c10::BFloat16"",""Scalar""]",null,1,43.105
aten::copy_,"void at::native::unrolled_elementwise_kernel<at::native::direct_copy_kernel_cuda(at::TensorIteratorBase&)::{lambda()#3}::operator()() const::{lambda()#7}::operator()() const::{lambda(float)#1}, std::array<char*, 2ul>, 4, TrivialOffsetCalculator<1, unsigned int>, TrivialOffsetCalculator<1, unsigned int>, at::native::memory::LoadWithCast<1>, at::native::memory::StoreWithCast<1> >(int, at::native::direct_copy_kernel_cuda(at::TensorIteratorBase&)::{lambda()#3}::operator()() const::{lambda()#7}::operator()() const::{lambda(float)#1}, std::array<char*, 2ul>, TrivialOffsetCalculator<1, unsigned int>, TrivialOffsetCalculator<1, unsigned int>, at::native::memory::LoadWithCast<1>, at::native::memory::StoreWithCast<1>)",12,operator_shape_matched,"[[53,248320],[53,248320],[]]","[""float"",""c10::BFloat16"",""Scalar""]",null,1,43.04
aten::copy_,"void at::native::unrolled_elementwise_kernel<at::native::direct_copy_kernel_cuda(at::TensorIteratorBase&)::{lambda()#3}::operator()() const::{lambda()#7}::operator()() const::{lambda(float)#1}, std::array<char*, 2ul>, 4, TrivialOffsetCalculator<1, unsigned int>, TrivialOffsetCalculator<1, unsigned int>, at::native::memory::LoadWithCast<1>, at::native::memory::StoreWithCast<1> >(int, at::native::direct_copy_kernel_cuda(at::TensorIteratorBase&)::{lambda()#3}::operator()() const::{lambda()#7}::operator()() const::{lambda(float)#1}, std::array<char*, 2ul>, TrivialOffsetCalculator<1, unsigned int>, TrivialOffsetCalculator<1, unsigned int>, at::native::memory::LoadWithCast<1>, at::native::memory::StoreWithCast<1>)",13,operator_shape_matched,"[[52,248320],[52,248320],[]]","[""float"",""c10::BFloat16"",""Scalar""]",null,1,42.305
aten::copy_,"void at::native::unrolled_elementwise_kernel<at::native::direct_copy_kernel_cuda(at::TensorIteratorBase&)::{lambda()#3}::operator()() const::{lambda()#7}::operator()() const::{lambda(float)#1}, std::array<char*, 2ul>, 4, TrivialOffsetCalculator<1, unsigned int>, TrivialOffsetCalculator<1, unsigned int>, at::native::memory::LoadWithCast<1>, at::native::memory::StoreWithCast<1> >(int, at::native::direct_copy_kernel_cuda(at::TensorIteratorBase&)::{lambda()#3}::operator()() const::{lambda()#7}::operator()() const::{lambda(float)#1}, std::array<char*, 2ul>, TrivialOffsetCalculator<1, unsigned int>, TrivialOffsetCalculator<1, unsigned int>, at::native::memory::LoadWithCast<1>, at::native::memory::StoreWithCast<1>)",14,operator_shape_matched,"[[51,248320],[51,248320],[]]","[""float"",""c10::BFloat16"",""Scalar""]",null,1,40.801
aten::copy_,"void at::native::unrolled_elementwise_kernel<at::native::direct_copy_kernel_cuda(at::TensorIteratorBase&)::{lambda()#3}::operator()() const::{lambda()#7}::operator()() const::{lambda(float)#1}, std::array<char*, 2ul>, 4, TrivialOffsetCalculator<1, unsigned int>, TrivialOffsetCalculator<1, unsigned int>, at::native::memory::LoadWithCast<1>, at::native::memory::StoreWithCast<1> >(int, at::native::direct_copy_kernel_cuda(at::TensorIteratorBase&)::{lambda()#3}::operator()() const::{lambda()#7}::operator()() const::{lambda(float)#1}, std::array<char*, 2ul>, TrivialOffsetCalculator<1, unsigned int>, TrivialOffsetCalculator<1, unsigned int>, at::native::memory::LoadWithCast<1>, at::native::memory::StoreWithCast<1>)",15,operator_shape_matched,"[[50,248320],[50,248320],[]]","[""float"",""c10::BFloat16"",""Scalar""]",null,1,40.641
aten::copy_,"void at::native::unrolled_elementwise_kernel<at::native::direct_copy_kernel_cuda(at::TensorIteratorBase&)::{lambda()#3}::operator()() const::{lambda()#7}::operator()() const::{lambda(float)#1}, std::array<char*, 2ul>, 4, TrivialOffsetCalculator<1, unsigned int>, TrivialOffsetCalculator<1, unsigned int>, at::native::memory::LoadWithCast<1>, at::native::memory::StoreWithCast<1> >(int, at::native::direct_copy_kernel_cuda(at::TensorIteratorBase&)::{lambda()#3}::operator()() const::{lambda()#7}::operator()() const::{lambda(float)#1}, std::array<char*, 2ul>, TrivialOffsetCalculator<1, unsigned int>, TrivialOffsetCalculator<1, unsigned int>, at::native::memory::LoadWithCast<1>, at::native::memory::StoreWithCast<1>)",16,operator_shape_matched,"[[49,248320],[49,248320],[]]","[""float"",""c10::BFloat16"",""Scalar""]",null,1,39.713
aten::copy_,"void at::native::unrolled_elementwise_kernel<at::native::direct_copy_kernel_cuda(at::TensorIteratorBase&)::{lambda()#3}::operator()() const::{lambda()#7}::operator()() const::{lambda(float)#1}, std::array<char*, 2ul>, 4, TrivialOffsetCalculator<1, unsigned int>, TrivialOffsetCalculator<1, unsigned int>, at::native::memory::LoadWithCast<1>, at::native::memory::StoreWithCast<1> >(int, at::native::direct_copy_kernel_cuda(at::TensorIteratorBase&)::{lambda()#3}::operator()() const::{lambda()#7}::operator()() const::{lambda(float)#1}, std::array<char*, 2ul>, TrivialOffsetCalculator<1, unsigned int>, TrivialOffsetCalculator<1, unsigned int>, at::native::memory::LoadWithCast<1>, at::native::memory::StoreWithCast<1>)",17,operator_shape_matched,"[[48,248320],[48,248320],[]]","[""float"",""c10::BFloat16"",""Scalar""]",null,1,38.529
aten::copy_,"void at::native::unrolled_elementwise_kernel<at::native::direct_copy_kernel_cuda(at::TensorIteratorBase&)::{lambda()#3}::operator()() const::{lambda()#7}::operator()() const::{lambda(float)#1}, std::array<char*, 2ul>, 4, TrivialOffsetCalculator<1, unsigned int>, TrivialOffsetCalculator<1, unsigned int>, at::native::memory::LoadWithCast<1>, at::native::memory::StoreWithCast<1> >(int, at::native::direct_copy_kernel_cuda(at::TensorIteratorBase&)::{lambda()#3}::operator()() const::{lambda()#7}::operator()() const::{lambda(float)#1}, std::array<char*, 2ul>, TrivialOffsetCalculator<1, unsigned int>, TrivialOffsetCalculator<1, unsigned int>, at::native::memory::LoadWithCast<1>, at::native::memory::StoreWithCast<1>)",18,operator_shape_matched,"[[47,248320],[47,248320],[]]","[""float"",""c10::BFloat16"",""Scalar""]",null,1,37.761
aten::copy_,"void at::native::unrolled_elementwise_kernel<at::native::direct_copy_kernel_cuda(at::TensorIteratorBase&)::{lambda()#3}::operator()() const::{lambda()#7}::operator()() const::{lambda(float)#1}, std::array<char*, 2ul>, 4, TrivialOffsetCalculator<1, unsigned int>, TrivialOffsetCalculator<1, unsigned int>, at::native::memory::LoadWithCast<1>, at::native::memory::StoreWithCast<1> >(int, at::native::direct_copy_kernel_cuda(at::TensorIteratorBase&)::{lambda()#3}::operator()() const::{lambda()#7}::operator()() const::{lambda(float)#1}, std::array<char*, 2ul>, TrivialOffsetCalculator<1, unsigned int>, TrivialOffsetCalculator<1, unsigned int>, at::native::memory::LoadWithCast<1>, at::native::memory::StoreWithCast<1>)",19,operator_shape_matched,"[[46,248320],[46,248320],[]]","[""float"",""c10::BFloat16"",""Scalar""]",null,1,37.153
aten::copy_,"void at::native::unrolled_elementwise_kernel<at::native::direct_copy_kernel_cuda(at::TensorIteratorBase&)::{lambda()#3}::operator()() const::{lambda()#7}::operator()() const::{lambda(float)#1}, std::array<char*, 2ul>, 4, TrivialOffsetCalculator<1, unsigned int>, TrivialOffsetCalculator<1, unsigned int>, at::native::memory::LoadWithCast<1>, at::native::memory::StoreWithCast<1> >(int, at::native::direct_copy_kernel_cuda(at::TensorIteratorBase&)::{lambda()#3}::operator()() const::{lambda()#7}::operator()() const::{lambda(float)#1}, std::array<char*, 2ul>, TrivialOffsetCalculator<1, unsigned int>, TrivialOffsetCalculator<1, unsigned int>, at::native::memory::LoadWithCast<1>, at::native::memory::StoreWithCast<1>)",20,operator_shape_matched,"[[45,248320],[45,248320],[]]","[""float"",""c10::BFloat16"",""Scalar""]",null,1,36.321
aten::copy_,"void at::native::unrolled_elementwise_kernel<at::native::direct_copy_kernel_cuda(at::TensorIteratorBase&)::{lambda()#3}::operator()() const::{lambda()#7}::operator()() const::{lambda(float)#1}, std::array<char*, 2ul>, 4, TrivialOffsetCalculator<1, unsigned int>, TrivialOffsetCalculator<1, unsigned int>, at::native::memory::LoadWithCast<1>, at::native::memory::StoreWithCast<1> >(int, at::native::direct_copy_kernel_cuda(at::TensorIteratorBase&)::{lambda()#3}::operator()() const::{lambda()#7}::operator()() const::{lambda(float)#1}, std::array<char*, 2ul>, TrivialOffsetCalculator<1, unsigned int>, TrivialOffsetCalculator<1, unsigned int>, at::native::memory::LoadWithCast<1>, at::native::memory::StoreWithCast<1>)",21,operator_shape_matched,"[[44,248320],[44,248320],[]]","[""float"",""c10::BFloat16"",""Scalar""]",null,1,35.617
aten::copy_,"void at::native::unrolled_elementwise_kernel<at::native::direct_copy_kernel_cuda(at::TensorIteratorBase&)::{lambda()#3}::operator()() const::{lambda()#7}::operator()() const::{lambda(float)#1}, std::array<char*, 2ul>, 4, TrivialOffsetCalculator<1, unsigned int>, TrivialOffsetCalculator<1, unsigned int>, at::native::memory::LoadWithCast<1>, at::native::memory::StoreWithCast<1> >(int, at::native::direct_copy_kernel_cuda(at::TensorIteratorBase&)::{lambda()#3}::operator()() const::{lambda()#7}::operator()() const::{lambda(float)#1}, std::array<char*, 2ul>, TrivialOffsetCalculator<1, unsigned int>, TrivialOffsetCalculator<1, unsigned int>, at::native::memory::LoadWithCast<1>, at::native::memory::StoreWithCast<1>)",22,operator_shape_matched,"[[43,248320],[43,248320],[]]","[""float"",""c10::BFloat16"",""Scalar""]",null,1,34.497
aten::copy_,"void at::native::unrolled_elementwise_kernel<at::native::direct_copy_kernel_cuda(at::TensorIteratorBase&)::{lambda()#3}::operator()() const::{lambda()#7}::operator()() const::{lambda(float)#1}, std::array<char*, 2ul>, 4, TrivialOffsetCalculator<1, unsigned int>, TrivialOffsetCalculator<1, unsigned int>, at::native::memory::LoadWithCast<1>, at::native::memory::StoreWithCast<1> >(int, at::native::direct_copy_kernel_cuda(at::TensorIteratorBase&)::{lambda()#3}::operator()() const::{lambda()#7}::operator()() const::{lambda(float)#1}, std::array<char*, 2ul>, TrivialOffsetCalculator<1, unsigned int>, TrivialOffsetCalculator<1, unsigned int>, at::native::memory::LoadWithCast<1>, at::native::memory::StoreWithCast<1>)",23,operator_shape_matched,"[[42,248320],[42,248320],[]]","[""float"",""c10::BFloat16"",""Scalar""]",null,1,33.537
aten::copy_,"void at::native::unrolled_elementwise_kernel<at::native::direct_copy_kernel_cuda(at::TensorIteratorBase&)::{lambda()#3}::operator()() const::{lambda()#7}::operator()() const::{lambda(float)#1}, std::array<char*, 2ul>, 4, TrivialOffsetCalculator<1, unsigned int>, TrivialOffsetCalculator<1, unsigned int>, at::native::memory::LoadWithCast<1>, at::native::memory::StoreWithCast<1> >(int, at::native::direct_copy_kernel_cuda(at::TensorIteratorBase&)::{lambda()#3}::operator()() const::{lambda()#7}::operator()() const::{lambda(float)#1}, std::array<char*, 2ul>, TrivialOffsetCalculator<1, unsigned int>, TrivialOffsetCalculator<1, unsigned int>, at::native::memory::LoadWithCast<1>, at::native::memory::StoreWithCast<1>)",24,operator_shape_matched,"[[41,248320],[41,248320],[]]","[""float"",""c10::BFloat16"",""Scalar""]",null,1,32.576
aten::copy_,"void at::native::unrolled_elementwise_kernel<at::native::direct_copy_kernel_cuda(at::TensorIteratorBase&)::{lambda()#3}::operator()() const::{lambda()#7}::operator()() const::{lambda(float)#1}, std::array<char*, 2ul>, 4, TrivialOffsetCalculator<1, unsigned int>, TrivialOffsetCalculator<1, unsigned int>, at::native::memory::LoadWithCast<1>, at::native::memory::StoreWithCast<1> >(int, at::native::direct_copy_kernel_cuda(at::TensorIteratorBase&)::{lambda()#3}::operator()() const::{lambda()#7}::operator()() const::{lambda(float)#1}, std::array<char*, 2ul>, TrivialOffsetCalculator<1, unsigned int>, TrivialOffsetCalculator<1, unsigned int>, at::native::memory::LoadWithCast<1>, at::native::memory::StoreWithCast<1>)",25,operator_shape_matched,"[[40,248320],[40,248320],[]]","[""float"",""c10::BFloat16"",""Scalar""]",null,1,31.905
aten::copy_,"void at::native::unrolled_elementwise_kernel<at::native::direct_copy_kernel_cuda(at::TensorIteratorBase&)::{lambda()#3}::operator()() const::{lambda()#7}::operator()() const::{lambda(float)#1}, std::array<char*, 2ul>, 4, TrivialOffsetCalculator<1, unsigned int>, TrivialOffsetCalculator<1, unsigned int>, at::native::memory::LoadWithCast<1>, at::native::memory::StoreWithCast<1> >(int, at::native::direct_copy_kernel_cuda(at::TensorIteratorBase&)::{lambda()#3}::operator()() const::{lambda()#7}::operator()() const::{lambda(float)#1}, std::array<char*, 2ul>, TrivialOffsetCalculator<1, unsigned int>, TrivialOffsetCalculator<1, unsigned int>, at::native::memory::LoadWithCast<1>, at::native::memory::StoreWithCast<1>)",26,operator_shape_matched,"[[39,248320],[39,248320],[]]","[""float"",""c10::BFloat16"",""Scalar""]",null,1,30.753
aten::copy_,"void at::native::unrolled_elementwise_kernel<at::native::direct_copy_kernel_cuda(at::TensorIteratorBase&)::{lambda()#3}::operator()() const::{lambda()#7}::operator()() const::{lambda(float)#1}, std::array<char*, 2ul>, 4, TrivialOffsetCalculator<1, unsigned int>, TrivialOffsetCalculator<1, unsigned int>, at::native::memory::LoadWithCast<1>, at::native::memory::StoreWithCast<1> >(int, at::native::direct_copy_kernel_cuda(at::TensorIteratorBase&)::{lambda()#3}::operator()() const::{lambda()#7}::operator()() const::{lambda(float)#1}, std::array<char*, 2ul>, TrivialOffsetCalculator<1, unsigned int>, TrivialOffsetCalculator<1, unsigned int>, at::native::memory::LoadWithCast<1>, at::native::memory::StoreWithCast<1>)",27,operator_shape_matched,"[[38,248320],[38,248320],[]]","[""float"",""c10::BFloat16"",""Scalar""]",null,1,29.473
aten::copy_,"void at::native::unrolled_elementwise_kernel<at::native::direct_copy_kernel_cuda(at::TensorIteratorBase&)::{lambda()#3}::operator()() const::{lambda()#7}::operator()() const::{lambda(float)#1}, std::array<char*, 2ul>, 4, TrivialOffsetCalculator<1, unsigned int>, TrivialOffsetCalculator<1, unsigned int>, at::native::memory::LoadWithCast<1>, at::native::memory::StoreWithCast<1> >(int, at::native::direct_copy_kernel_cuda(at::TensorIteratorBase&)::{lambda()#3}::operator()() const::{lambda()#7}::operator()() const::{lambda(float)#1}, std::array<char*, 2ul>, TrivialOffsetCalculator<1, unsigned int>, TrivialOffsetCalculator<1, unsigned int>, at::native::memory::LoadWithCast<1>, at::native::memory::StoreWithCast<1>)",28,operator_shape_matched,"[[37,248320],[37,248320],[]]","[""float"",""c10::BFloat16"",""Scalar""]",null,1,28.416
aten::copy_,"void at::native::unrolled_elementwise_kernel<at::native::direct_copy_kernel_cuda(at::TensorIteratorBase&)::{lambda()#3}::operator()() const::{lambda()#7}::operator()() const::{lambda(float)#1}, std::array<char*, 2ul>, 4, TrivialOffsetCalculator<1, unsigned int>, TrivialOffsetCalculator<1, unsigned int>, at::native::memory::LoadWithCast<1>, at::native::memory::StoreWithCast<1> >(int, at::native::direct_copy_kernel_cuda(at::TensorIteratorBase&)::{lambda()#3}::operator()() const::{lambda()#7}::operator()() const::{lambda(float)#1}, std::array<char*, 2ul>, TrivialOffsetCalculator<1, unsigned int>, TrivialOffsetCalculator<1, unsigned int>, at::native::memory::LoadWithCast<1>, at::native::memory::StoreWithCast<1>)",29,operator_shape_matched,"[[36,248320],[36,248320],[]]","[""float"",""c10::BFloat16"",""Scalar""]",null,1,27.584
aten::copy_,"void at::native::unrolled_elementwise_kernel<at::native::direct_copy_kernel_cuda(at::TensorIteratorBase&)::{lambda()#3}::operator()() const::{lambda()#7}::operator()() const::{lambda(float)#1}, std::array<char*, 2ul>, 4, TrivialOffsetCalculator<1, unsigned int>, TrivialOffsetCalculator<1, unsigned int>, at::native::memory::LoadWithCast<1>, at::native::memory::StoreWithCast<1> >(int, at::native::direct_copy_kernel_cuda(at::TensorIteratorBase&)::{lambda()#3}::operator()() const::{lambda()#7}::operator()() const::{lambda(float)#1}, std::array<char*, 2ul>, TrivialOffsetCalculator<1, unsigned int>, TrivialOffsetCalculator<1, unsigned int>, at::native::memory::LoadWithCast<1>, at::native::memory::StoreWithCast<1>)",30,operator_shape_matched,"[[35,248320],[35,248320],[]]","[""float"",""c10::BFloat16"",""Scalar""]",null,1,26.4
aten::copy_,"void at::native::unrolled_elementwise_kernel<at::native::direct_copy_kernel_cuda(at::TensorIteratorBase&)::{lambda()#3}::operator()() const::{lambda()#7}::operator()() const::{lambda(float)#1}, std::array<char*, 2ul>, 4, TrivialOffsetCalculator<1, unsigned int>, TrivialOffsetCalculator<1, unsigned int>, at::native::memory::LoadWithCast<1>, at::native::memory::StoreWithCast<1> >(int, at::native::direct_copy_kernel_cuda(at::TensorIteratorBase&)::{lambda()#3}::operator()() const::{lambda()#7}::operator()() const::{lambda(float)#1}, std::array<char*, 2ul>, TrivialOffsetCalculator<1, unsigned int>, TrivialOffsetCalculator<1, unsigned int>, at::native::memory::LoadWithCast<1>, at::native::memory::StoreWithCast<1>)",31,operator_shape_matched,"[[34,248320],[34,248320],[]]","[""float"",""c10::BFloat16"",""Scalar""]",null,1,25.025
aten::copy_,"void at::native::unrolled_elementwise_kernel<at::native::direct_copy_kernel_cuda(at::TensorIteratorBase&)::{lambda()#3}::operator()() const::{lambda()#7}::operator()() const::{lambda(float)#1}, std::array<char*, 2ul>, 4, TrivialOffsetCalculator<1, unsigned int>, TrivialOffsetCalculator<1, unsigned int>, at::native::memory::LoadWithCast<1>, at::native::memory::StoreWithCast<1> >(int, at::native::direct_copy_kernel_cuda(at::TensorIteratorBase&)::{lambda()#3}::operator()() const::{lambda()#7}::operator()() const::{lambda(float)#1}, std::array<char*, 2ul>, TrivialOffsetCalculator<1, unsigned int>, TrivialOffsetCalculator<1, unsigned int>, at::native::memory::LoadWithCast<1>, at::native::memory::StoreWithCast<1>)",32,operator_shape_matched,"[[33,248320],[33,248320],[]]","[""float"",""c10::BFloat16"",""Scalar""]",null,1,24.16
aten::copy_,"void at::native::unrolled_elementwise_kernel<at::native::direct_copy_kernel_cuda(at::TensorIteratorBase&)::{lambda()#3}::operator()() const::{lambda()#7}::operator()() const::{lambda(float)#1}, std::array<char*, 2ul>, 4, TrivialOffsetCalculator<1, unsigned int>, TrivialOffsetCalculator<1, unsigned int>, at::native::memory::LoadWithCast<1>, at::native::memory::StoreWithCast<1> >(int, at::native::direct_copy_kernel_cuda(at::TensorIteratorBase&)::{lambda()#3}::operator()() const::{lambda()#7}::operator()() const::{lambda(float)#1}, std::array<char*, 2ul>, TrivialOffsetCalculator<1, unsigned int>, TrivialOffsetCalculator<1, unsigned int>, at::native::memory::LoadWithCast<1>, at::native::memory::StoreWithCast<1>)",33,operator_shape_matched,"[[32,248320],[32,248320],[]]","[""float"",""c10::BFloat16"",""Scalar""]",null,1,21.92
aten::copy_,"void at::native::unrolled_elementwise_kernel<at::native::direct_copy_kernel_cuda(at::TensorIteratorBase&)::{lambda()#3}::operator()() const::{lambda()#7}::operator()() const::{lambda(float)#1}, std::array<char*, 2ul>, 4, TrivialOffsetCalculator<1, unsigned int>, TrivialOffsetCalculator<1, unsigned int>, at::native::memory::LoadWithCast<1>, at::native::memory::StoreWithCast<1> >(int, at::native::direct_copy_kernel_cuda(at::TensorIteratorBase&)::{lambda()#3}::operator()() const::{lambda()#7}::operator()() const::{lambda(float)#1}, std::array<char*, 2ul>, TrivialOffsetCalculator<1, unsigned int>, TrivialOffsetCalculator<1, unsigned int>, at::native::memory::LoadWithCast<1>, at::native::memory::StoreWithCast<1>)",34,operator_shape_matched,"[[31,248320],[31,248320],[]]","[""float"",""c10::BFloat16"",""Scalar""]",null,1,21.313
aten::copy_,"void at::native::unrolled_elementwise_kernel<at::native::direct_copy_kernel_cuda(at::TensorIteratorBase&)::{lambda()#3}::operator()() const::{lambda()#7}::operator()() const::{lambda(float)#1}, std::array<char*, 2ul>, 4, TrivialOffsetCalculator<1, unsigned int>, TrivialOffsetCalculator<1, unsigned int>, at::native::memory::LoadWithCast<1>, at::native::memory::StoreWithCast<1> >(int, at::native::direct_copy_kernel_cuda(at::TensorIteratorBase&)::{lambda()#3}::operator()() const::{lambda()#7}::operator()() const::{lambda(float)#1}, std::array<char*, 2ul>, TrivialOffsetCalculator<1, unsigned int>, TrivialOffsetCalculator<1, unsigned int>, at::native::memory::LoadWithCast<1>, at::native::memory::StoreWithCast<1>)",35,operator_shape_matched,"[[30,248320],[30,248320],[]]","[""float"",""c10::BFloat16"",""Scalar""]",null,1,20.384
aten::copy_,"void at::native::unrolled_elementwise_kernel<at::native::direct_copy_kernel_cuda(at::TensorIteratorBase&)::{lambda()#3}::operator()() const::{lambda()#7}::operator()() const::{lambda(float)#1}, std::array<char*, 2ul>, 4, TrivialOffsetCalculator<1, unsigned int>, TrivialOffsetCalculator<1, unsigned int>, at::native::memory::LoadWithCast<1>, at::native::memory::StoreWithCast<1> >(int, at::native::direct_copy_kernel_cuda(at::TensorIteratorBase&)::{lambda()#3}::operator()() const::{lambda()#7}::operator()() const::{lambda(float)#1}, std::array<char*, 2ul>, TrivialOffsetCalculator<1, unsigned int>, TrivialOffsetCalculator<1, unsigned int>, at::native::memory::LoadWithCast<1>, at::native::memory::StoreWithCast<1>)",36,operator_shape_matched,"[[29,248320],[29,248320],[]]","[""float"",""c10::BFloat16"",""Scalar""]",null,1,19.328
aten::copy_,"void at::native::unrolled_elementwise_kernel<at::native::direct_copy_kernel_cuda(at::TensorIteratorBase&)::{lambda()#3}::operator()() const::{lambda()#7}::operator()() const::{lambda(float)#1}, std::array<char*, 2ul>, 4, TrivialOffsetCalculator<1, unsigned int>, TrivialOffsetCalculator<1, unsigned int>, at::native::memory::LoadWithCast<1>, at::native::memory::StoreWithCast<1> >(int, at::native::direct_copy_kernel_cuda(at::TensorIteratorBase&)::{lambda()#3}::operator()() const::{lambda()#7}::operator()() const::{lambda(float)#1}, std::array<char*, 2ul>, TrivialOffsetCalculator<1, unsigned int>, TrivialOffsetCalculator<1, unsigned int>, at::native::memory::LoadWithCast<1>, at::native::memory::StoreWithCast<1>)",37,operator_shape_matched,"[[28,248320],[28,248320],[]]","[""float"",""c10::BFloat16"",""Scalar""]",null,1,18.401
aten::copy_,"void at::native::unrolled_elementwise_kernel<at::native::direct_copy_kernel_cuda(at::TensorIteratorBase&)::{lambda()#3}::operator()() const::{lambda()#7}::operator()() const::{lambda(float)#1}, std::array<char*, 2ul>, 4, TrivialOffsetCalculator<1, unsigned int>, TrivialOffsetCalculator<1, unsigned int>, at::native::memory::LoadWithCast<1>, at::native::memory::StoreWithCast<1> >(int, at::native::direct_copy_kernel_cuda(at::TensorIteratorBase&)::{lambda()#3}::operator()() const::{lambda()#7}::operator()() const::{lambda(float)#1}, std::array<char*, 2ul>, TrivialOffsetCalculator<1, unsigned int>, TrivialOffsetCalculator<1, unsigned int>, at::native::memory::LoadWithCast<1>, at::native::memory::StoreWithCast<1>)",38,operator_shape_matched,"[[27,248320],[27,248320],[]]","[""float"",""c10::BFloat16"",""Scalar""]",null,1,17.505
aten::copy_,"void at::native::unrolled_elementwise_kernel<at::native::direct_copy_kernel_cuda(at::TensorIteratorBase&)::{lambda()#3}::operator()() const::{lambda()#7}::operator()() const::{lambda(float)#1}, std::array<char*, 2ul>, 4, TrivialOffsetCalculator<1, unsigned int>, TrivialOffsetCalculator<1, unsigned int>, at::native::memory::LoadWithCast<1>, at::native::memory::StoreWithCast<1> >(int, at::native::direct_copy_kernel_cuda(at::TensorIteratorBase&)::{lambda()#3}::operator()() const::{lambda()#7}::operator()() const::{lambda(float)#1}, std::array<char*, 2ul>, TrivialOffsetCalculator<1, unsigned int>, TrivialOffsetCalculator<1, unsigned int>, at::native::memory::LoadWithCast<1>, at::native::memory::StoreWithCast<1>)",39,operator_shape_matched,"[[26,248320],[26,248320],[]]","[""float"",""c10::BFloat16"",""Scalar""]",null,1,16.736
aten::copy_,"void at::native::unrolled_elementwise_kernel<at::native::direct_copy_kernel_cuda(at::TensorIteratorBase&)::{lambda()#3}::operator()() const::{lambda()#7}::operator()() const::{lambda(float)#1}, std::array<char*, 2ul>, 4, TrivialOffsetCalculator<1, unsigned int>, TrivialOffsetCalculator<1, unsigned int>, at::native::memory::LoadWithCast<1>, at::native::memory::StoreWithCast<1> >(int, at::native::direct_copy_kernel_cuda(at::TensorIteratorBase&)::{lambda()#3}::operator()() const::{lambda()#7}::operator()() const::{lambda(float)#1}, std::array<char*, 2ul>, TrivialOffsetCalculator<1, unsigned int>, TrivialOffsetCalculator<1, unsigned int>, at::native::memory::LoadWithCast<1>, at::native::memory::StoreWithCast<1>)",40,operator_shape_matched,"[[25,248320],[25,248320],[]]","[""float"",""c10::BFloat16"",""Scalar""]",null,1,16.288
aten::copy_,"void at::native::unrolled_elementwise_kernel<at::native::direct_copy_kernel_cuda(at::TensorIteratorBase&)::{lambda()#3}::operator()() const::{lambda()#7}::operator()() const::{lambda(float)#1}, std::array<char*, 2ul>, 4, TrivialOffsetCalculator<1, unsigned int>, TrivialOffsetCalculator<1, unsigned int>, at::native::memory::LoadWithCast<1>, at::native::memory::StoreWithCast<1> >(int, at::native::direct_copy_kernel_cuda(at::TensorIteratorBase&)::{lambda()#3}::operator()() const::{lambda()#7}::operator()() const::{lambda(float)#1}, std::array<char*, 2ul>, TrivialOffsetCalculator<1, unsigned int>, TrivialOffsetCalculator<1, unsigned int>, at::native::memory::LoadWithCast<1>, at::native::memory::StoreWithCast<1>)",41,operator_shape_matched,"[[24,248320],[24,248320],[]]","[""float"",""c10::BFloat16"",""Scalar""]",null,1,15.296
aten::copy_,"void at::native::unrolled_elementwise_kernel<at::native::direct_copy_kernel_cuda(at::TensorIteratorBase&)::{lambda()#3}::operator()() const::{lambda()#7}::operator()() const::{lambda(float)#1}, std::array<char*, 2ul>, 4, TrivialOffsetCalculator<1, unsigned int>, TrivialOffsetCalculator<1, unsigned int>, at::native::memory::LoadWithCast<1>, at::native::memory::StoreWithCast<1> >(int, at::native::direct_copy_kernel_cuda(at::TensorIteratorBase&)::{lambda()#3}::operator()() const::{lambda()#7}::operator()() const::{lambda(float)#1}, std::array<char*, 2ul>, TrivialOffsetCalculator<1, unsigned int>, TrivialOffsetCalculator<1, unsigned int>, at::native::memory::LoadWithCast<1>, at::native::memory::StoreWithCast<1>)",42,operator_shape_matched,"[[23,248320],[23,248320],[]]","[""float"",""c10::BFloat16"",""Scalar""]",null,1,14.752
aten::copy_,"void at::native::unrolled_elementwise_kernel<at::native::direct_copy_kernel_cuda(at::TensorIteratorBase&)::{lambda()#3}::operator()() const::{lambda()#7}::operator()() const::{lambda(float)#1}, std::array<char*, 2ul>, 4, TrivialOffsetCalculator<1, unsigned int>, TrivialOffsetCalculator<1, unsigned int>, at::native::memory::LoadWithCast<1>, at::native::memory::StoreWithCast<1> >(int, at::native::direct_copy_kernel_cuda(at::TensorIteratorBase&)::{lambda()#3}::operator()() const::{lambda()#7}::operator()() const::{lambda(float)#1}, std::array<char*, 2ul>, TrivialOffsetCalculator<1, unsigned int>, TrivialOffsetCalculator<1, unsigned int>, at::native::memory::LoadWithCast<1>, at::native::memory::StoreWithCast<1>)",43,operator_shape_matched,"[[22,248320],[22,248320],[]]","[""float"",""c10::BFloat16"",""Scalar""]",null,1,13.953
aten::copy_,"void at::native::unrolled_elementwise_kernel<at::native::direct_copy_kernel_cuda(at::TensorIteratorBase&)::{lambda()#3}::operator()() const::{lambda()#7}::operator()() const::{lambda(float)#1}, std::array<char*, 2ul>, 4, TrivialOffsetCalculator<1, unsigned int>, TrivialOffsetCalculator<1, unsigned int>, at::native::memory::LoadWithCast<1>, at::native::memory::StoreWithCast<1> >(int, at::native::direct_copy_kernel_cuda(at::TensorIteratorBase&)::{lambda()#3}::operator()() const::{lambda()#7}::operator()() const::{lambda(float)#1}, std::array<char*, 2ul>, TrivialOffsetCalculator<1, unsigned int>, TrivialOffsetCalculator<1, unsigned int>, at::native::memory::LoadWithCast<1>, at::native::memory::StoreWithCast<1>)",44,operator_shape_matched,"[[21,248320],[21,248320],[]]","[""float"",""c10::BFloat16"",""Scalar""]",null,1,13.504
aten::copy_,"void at::native::unrolled_elementwise_kernel<at::native::direct_copy_kernel_cuda(at::TensorIteratorBase&)::{lambda()#3}::operator()() const::{lambda()#7}::operator()() const::{lambda(float)#1}, std::array<char*, 2ul>, 4, TrivialOffsetCalculator<1, unsigned int>, TrivialOffsetCalculator<1, unsigned int>, at::native::memory::LoadWithCast<1>, at::native::memory::StoreWithCast<1> >(int, at::native::direct_copy_kernel_cuda(at::TensorIteratorBase&)::{lambda()#3}::operator()() const::{lambda()#7}::operator()() const::{lambda(float)#1}, std::array<char*, 2ul>, TrivialOffsetCalculator<1, unsigned int>, TrivialOffsetCalculator<1, unsigned int>, at::native::memory::LoadWithCast<1>, at::native::memory::StoreWithCast<1>)",45,operator_shape_matched,"[[20,248320],[20,248320],[]]","[""float"",""c10::BFloat16"",""Scalar""]",null,1,12.352
aten::copy_,"void at::native::unrolled_elementwise_kernel<at::native::direct_copy_kernel_cuda(at::TensorIteratorBase&)::{lambda()#3}::operator()() const::{lambda()#7}::operator()() const::{lambda(float)#1}, std::array<char*, 2ul>, 4, TrivialOffsetCalculator<1, unsigned int>, TrivialOffsetCalculator<1, unsigned int>, at::native::memory::LoadWithCast<1>, at::native::memory::StoreWithCast<1> >(int, at::native::direct_copy_kernel_cuda(at::TensorIteratorBase&)::{lambda()#3}::operator()() const::{lambda()#7}::operator()() const::{lambda(float)#1}, std::array<char*, 2ul>, TrivialOffsetCalculator<1, unsigned int>, TrivialOffsetCalculator<1, unsigned int>, at::native::memory::LoadWithCast<1>, at::native::memory::StoreWithCast<1>)",46,operator_shape_matched,"[[19,248320],[19,248320],[]]","[""float"",""c10::BFloat16"",""Scalar""]",null,1,11.52
aten::copy_,"void at::native::unrolled_elementwise_kernel<at::native::direct_copy_kernel_cuda(at::TensorIteratorBase&)::{lambda()#3}::operator()() const::{lambda()#7}::operator()() const::{lambda(float)#1}, std::array<char*, 2ul>, 4, TrivialOffsetCalculator<1, unsigned int>, TrivialOffsetCalculator<1, unsigned int>, at::native::memory::LoadWithCast<1>, at::native::memory::StoreWithCast<1> >(int, at::native::direct_copy_kernel_cuda(at::TensorIteratorBase&)::{lambda()#3}::operator()() const::{lambda()#7}::operator()() const::{lambda(float)#1}, std::array<char*, 2ul>, TrivialOffsetCalculator<1, unsigned int>, TrivialOffsetCalculator<1, unsigned int>, at::native::memory::LoadWithCast<1>, at::native::memory::StoreWithCast<1>)",47,operator_shape_matched,"[[18,248320],[18,248320],[]]","[""float"",""c10::BFloat16"",""Scalar""]",null,1,11.168
aten::copy_,"void at::native::unrolled_elementwise_kernel<at::native::direct_copy_kernel_cuda(at::TensorIteratorBase&)::{lambda()#3}::operator()() const::{lambda()#7}::operator()() const::{lambda(float)#1}, std::array<char*, 2ul>, 4, TrivialOffsetCalculator<1, unsigned int>, TrivialOffsetCalculator<1, unsigned int>, at::native::memory::LoadWithCast<1>, at::native::memory::StoreWithCast<1> >(int, at::native::direct_copy_kernel_cuda(at::TensorIteratorBase&)::{lambda()#3}::operator()() const::{lambda()#7}::operator()() const::{lambda(float)#1}, std::array<char*, 2ul>, TrivialOffsetCalculator<1, unsigned int>, TrivialOffsetCalculator<1, unsigned int>, at::native::memory::LoadWithCast<1>, at::native::memory::StoreWithCast<1>)",48,operator_shape_matched,"[[17,248320],[17,248320],[]]","[""float"",""c10::BFloat16"",""Scalar""]",null,1,10.56
aten::copy_,"void at::native::unrolled_elementwise_kernel<at::native::direct_copy_kernel_cuda(at::TensorIteratorBase&)::{lambda()#3}::operator()() const::{lambda()#7}::operator()() const::{lambda(float)#1}, std::array<char*, 2ul>, 4, TrivialOffsetCalculator<1, unsigned int>, TrivialOffsetCalculator<1, unsigned int>, at::native::memory::LoadWithCast<1>, at::native::memory::StoreWithCast<1> >(int, at::native::direct_copy_kernel_cuda(at::TensorIteratorBase&)::{lambda()#3}::operator()() const::{lambda()#7}::operator()() const::{lambda(float)#1}, std::array<char*, 2ul>, TrivialOffsetCalculator<1, unsigned int>, TrivialOffsetCalculator<1, unsigned int>, at::native::memory::LoadWithCast<1>, at::native::memory::StoreWithCast<1>)",49,operator_shape_matched,"[[16,248320],[16,248320],[]]","[""float"",""c10::BFloat16"",""Scalar""]",null,1,10.144
aten::copy_,"void at::native::unrolled_elementwise_kernel<at::native::direct_copy_kernel_cuda(at::TensorIteratorBase&)::{lambda()#3}::operator()() const::{lambda()#7}::operator()() const::{lambda(float)#1}, std::array<char*, 2ul>, 4, TrivialOffsetCalculator<1, unsigned int>, TrivialOffsetCalculator<1, unsigned int>, at::native::memory::LoadWithCast<1>, at::native::memory::StoreWithCast<1> >(int, at::native::direct_copy_kernel_cuda(at::TensorIteratorBase&)::{lambda()#3}::operator()() const::{lambda()#7}::operator()() const::{lambda(float)#1}, std::array<char*, 2ul>, TrivialOffsetCalculator<1, unsigned int>, TrivialOffsetCalculator<1, unsigned int>, at::native::memory::LoadWithCast<1>, at::native::memory::StoreWithCast<1>)",50,operator_shape_matched,"[[15,248320],[15,248320],[]]","[""float"",""c10::BFloat16"",""Scalar""]",null,1,9.728
aten::copy_,"void at::native::unrolled_elementwise_kernel<at::native::direct_copy_kernel_cuda(at::TensorIteratorBase&)::{lambda()#3}::operator()() const::{lambda()#7}::operator()() const::{lambda(float)#1}, std::array<char*, 2ul>, 4, TrivialOffsetCalculator<1, unsigned int>, TrivialOffsetCalculator<1, unsigned int>, at::native::memory::LoadWithCast<1>, at::native::memory::StoreWithCast<1> >(int, at::native::direct_copy_kernel_cuda(at::TensorIteratorBase&)::{lambda()#3}::operator()() const::{lambda()#7}::operator()() const::{lambda(float)#1}, std::array<char*, 2ul>, TrivialOffsetCalculator<1, unsigned int>, TrivialOffsetCalculator<1, unsigned int>, at::native::memory::LoadWithCast<1>, at::native::memory::StoreWithCast<1>)",51,operator_shape_matched,"[[14,248320],[14,248320],[]]","[""float"",""c10::BFloat16"",""Scalar""]",null,1,9.312
aten::copy_,"void at::native::unrolled_elementwise_kernel<at::native::direct_copy_kernel_cuda(at::TensorIteratorBase&)::{lambda()#3}::operator()() const::{lambda()#7}::operator()() const::{lambda(float)#1}, std::array<char*, 2ul>, 4, TrivialOffsetCalculator<1, unsigned int>, TrivialOffsetCalculator<1, unsigned int>, at::native::memory::LoadWithCast<1>, at::native::memory::StoreWithCast<1> >(int, at::native::direct_copy_kernel_cuda(at::TensorIteratorBase&)::{lambda()#3}::operator()() const::{lambda()#7}::operator()() const::{lambda(float)#1}, std::array<char*, 2ul>, TrivialOffsetCalculator<1, unsigned int>, TrivialOffsetCalculator<1, unsigned int>, at::native::memory::LoadWithCast<1>, at::native::memory::StoreWithCast<1>)",52,operator_shape_matched,"[[13,248320],[13,248320],[]]","[""float"",""c10::BFloat16"",""Scalar""]",null,1,8.672
aten::copy_,"void at::native::unrolled_elementwise_kernel<at::native::direct_copy_kernel_cuda(at::TensorIteratorBase&)::{lambda()#3}::operator()() const::{lambda()#7}::operator()() const::{lambda(float)#1}, std::array<char*, 2ul>, 4, TrivialOffsetCalculator<1, unsigned int>, TrivialOffsetCalculator<1, unsigned int>, at::native::memory::LoadWithCast<1>, at::native::memory::StoreWithCast<1> >(int, at::native::direct_copy_kernel_cuda(at::TensorIteratorBase&)::{lambda()#3}::operator()() const::{lambda()#7}::operator()() const::{lambda(float)#1}, std::array<char*, 2ul>, TrivialOffsetCalculator<1, unsigned int>, TrivialOffsetCalculator<1, unsigned int>, at::native::memory::LoadWithCast<1>, at::native::memory::StoreWithCast<1>)",53,operator_shape_matched,"[[12,248320],[12,248320],[]]","[""float"",""c10::BFloat16"",""Scalar""]",null,1,8.353
aten::copy_,"void at::native::unrolled_elementwise_kernel<at::native::direct_copy_kernel_cuda(at::TensorIteratorBase&)::{lambda()#3}::operator()() const::{lambda()#7}::operator()() const::{lambda(float)#1}, std::array<char*, 2ul>, 4, TrivialOffsetCalculator<1, unsigned int>, TrivialOffsetCalculator<1, unsigned int>, at::native::memory::LoadWithCast<1>, at::native::memory::StoreWithCast<1> >(int, at::native::direct_copy_kernel_cuda(at::TensorIteratorBase&)::{lambda()#3}::operator()() const::{lambda()#7}::operator()() const::{lambda(float)#1}, std::array<char*, 2ul>, TrivialOffsetCalculator<1, unsigned int>, TrivialOffsetCalculator<1, unsigned int>, at::native::memory::LoadWithCast<1>, at::native::memory::StoreWithCast<1>)",54,operator_shape_matched,"[[11,248320],[11,248320],[]]","[""float"",""c10::BFloat16"",""Scalar""]",null,1,7.744
aten::copy_,"void at::native::unrolled_elementwise_kernel<at::native::direct_copy_kernel_cuda(at::TensorIteratorBase&)::{lambda()#3}::operator()() const::{lambda()#7}::operator()() const::{lambda(float)#1}, std::array<char*, 2ul>, 4, TrivialOffsetCalculator<1, unsigned int>, TrivialOffsetCalculator<1, unsigned int>, at::native::memory::LoadWithCast<1>, at::native::memory::StoreWithCast<1> >(int, at::native::direct_copy_kernel_cuda(at::TensorIteratorBase&)::{lambda()#3}::operator()() const::{lambda()#7}::operator()() const::{lambda(float)#1}, std::array<char*, 2ul>, TrivialOffsetCalculator<1, unsigned int>, TrivialOffsetCalculator<1, unsigned int>, at::native::memory::LoadWithCast<1>, at::native::memory::StoreWithCast<1>)",55,operator_shape_matched,"[[10,248320],[10,248320],[]]","[""float"",""c10::BFloat16"",""Scalar""]",null,1,7.328
aten::copy_,"void at::native::unrolled_elementwise_kernel<at::native::direct_copy_kernel_cuda(at::TensorIteratorBase&)::{lambda()#3}::operator()() const::{lambda()#7}::operator()() const::{lambda(float)#1}, std::array<char*, 2ul>, 4, TrivialOffsetCalculator<1, unsigned int>, TrivialOffsetCalculator<1, unsigned int>, at::native::memory::LoadWithCast<1>, at::native::memory::StoreWithCast<1> >(int, at::native::direct_copy_kernel_cuda(at::TensorIteratorBase&)::{lambda()#3}::operator()() const::{lambda()#7}::operator()() const::{lambda(float)#1}, std::array<char*, 2ul>, TrivialOffsetCalculator<1, unsigned int>, TrivialOffsetCalculator<1, unsigned int>, at::native::memory::LoadWithCast<1>, at::native::memory::StoreWithCast<1>)",56,operator_shape_matched,"[[9,248320],[9,248320],[]]","[""float"",""c10::BFloat16"",""Scalar""]",null,1,7.073
aten::copy_,"void at::native::unrolled_elementwise_kernel<at::native::direct_copy_kernel_cuda(at::TensorIteratorBase&)::{lambda()#3}::operator()() const::{lambda()#7}::operator()() const::{lambda(float)#1}, std::array<char*, 2ul>, 4, TrivialOffsetCalculator<1, unsigned int>, TrivialOffsetCalculator<1, unsigned int>, at::native::memory::LoadWithCast<1>, at::native::memory::StoreWithCast<1> >(int, at::native::direct_copy_kernel_cuda(at::TensorIteratorBase&)::{lambda()#3}::operator()() const::{lambda()#7}::operator()() const::{lambda(float)#1}, std::array<char*, 2ul>, TrivialOffsetCalculator<1, unsigned int>, TrivialOffsetCalculator<1, unsigned int>, at::native::memory::LoadWithCast<1>, at::native::memory::StoreWithCast<1>)",57,operator_shape_matched,"[[8,248320],[8,248320],[]]","[""float"",""c10::BFloat16"",""Scalar""]",null,1,6.368
aten::copy_,"void at::native::unrolled_elementwise_kernel<at::native::direct_copy_kernel_cuda(at::TensorIteratorBase&)::{lambda()#3}::operator()() const::{lambda()#7}::operator()() const::{lambda(float)#1}, std::array<char*, 2ul>, 4, TrivialOffsetCalculator<1, unsigned int>, TrivialOffsetCalculator<1, unsigned int>, at::native::memory::LoadWithCast<1>, at::native::memory::StoreWithCast<1> >(int, at::native::direct_copy_kernel_cuda(at::TensorIteratorBase&)::{lambda()#3}::operator()() const::{lambda()#7}::operator()() const::{lambda(float)#1}, std::array<char*, 2ul>, TrivialOffsetCalculator<1, unsigned int>, TrivialOffsetCalculator<1, unsigned int>, at::native::memory::LoadWithCast<1>, at::native::memory::StoreWithCast<1>)",58,operator_shape_matched,"[[7,248320],[7,248320],[]]","[""float"",""c10::BFloat16"",""Scalar""]",null,1,5.92
aten::copy_,"void at::native::unrolled_elementwise_kernel<at::native::direct_copy_kernel_cuda(at::TensorIteratorBase&)::{lambda()#3}::operator()() const::{lambda()#7}::operator()() const::{lambda(float)#1}, std::array<char*, 2ul>, 4, TrivialOffsetCalculator<1, unsigned int>, TrivialOffsetCalculator<1, unsigned int>, at::native::memory::LoadWithCast<1>, at::native::memory::StoreWithCast<1> >(int, at::native::direct_copy_kernel_cuda(at::TensorIteratorBase&)::{lambda()#3}::operator()() const::{lambda()#7}::operator()() const::{lambda(float)#1}, std::array<char*, 2ul>, TrivialOffsetCalculator<1, unsigned int>, TrivialOffsetCalculator<1, unsigned int>, at::native::memory::LoadWithCast<1>, at::native::memory::StoreWithCast<1>)",59,operator_shape_matched,"[[1,248320],[1,248320],[]]","[""float"",""c10::BFloat16"",""Scalar""]",null,2,5.568
aten::copy_,"void at::native::unrolled_elementwise_kernel<at::native::direct_copy_kernel_cuda(at::TensorIteratorBase&)::{lambda()#3}::operator()() const::{lambda()#7}::operator()() const::{lambda(float)#1}, std::array<char*, 2ul>, 4, TrivialOffsetCalculator<1, unsigned int>, TrivialOffsetCalculator<1, unsigned int>, at::native::memory::LoadWithCast<1>, at::native::memory::StoreWithCast<1> >(int, at::native::direct_copy_kernel_cuda(at::TensorIteratorBase&)::{lambda()#3}::operator()() const::{lambda()#7}::operator()() const::{lambda(float)#1}, std::array<char*, 2ul>, TrivialOffsetCalculator<1, unsigned int>, TrivialOffsetCalculator<1, unsigned int>, at::native::memory::LoadWithCast<1>, at::native::memory::StoreWithCast<1>)",60,operator_shape_matched,"[[6,248320],[6,248320],[]]","[""float"",""c10::BFloat16"",""Scalar""]",null,1,5.472
aten::copy_,"void at::native::unrolled_elementwise_kernel<at::native::direct_copy_kernel_cuda(at::TensorIteratorBase&)::{lambda()#3}::operator()() const::{lambda()#7}::operator()() const::{lambda(float)#1}, std::array<char*, 2ul>, 4, TrivialOffsetCalculator<1, unsigned int>, TrivialOffsetCalculator<1, unsigned int>, at::native::memory::LoadWithCast<1>, at::native::memory::StoreWithCast<1> >(int, at::native::direct_copy_kernel_cuda(at::TensorIteratorBase&)::{lambda()#3}::operator()() const::{lambda()#7}::operator()() const::{lambda(float)#1}, std::array<char*, 2ul>, TrivialOffsetCalculator<1, unsigned int>, TrivialOffsetCalculator<1, unsigned int>, at::native::memory::LoadWithCast<1>, at::native::memory::StoreWithCast<1>)",61,operator_shape_matched,"[[5,248320],[5,248320],[]]","[""float"",""c10::BFloat16"",""Scalar""]",null,1,5.216
aten::copy_,"void at::native::unrolled_elementwise_kernel<at::native::direct_copy_kernel_cuda(at::TensorIteratorBase&)::{lambda()#3}::operator()() const::{lambda()#7}::operator()() const::{lambda(float)#1}, std::array<char*, 2ul>, 4, TrivialOffsetCalculator<1, unsigned int>, TrivialOffsetCalculator<1, unsigned int>, at::native::memory::LoadWithCast<1>, at::native::memory::StoreWithCast<1> >(int, at::native::direct_copy_kernel_cuda(at::TensorIteratorBase&)::{lambda()#3}::operator()() const::{lambda()#7}::operator()() const::{lambda(float)#1}, std::array<char*, 2ul>, TrivialOffsetCalculator<1, unsigned int>, TrivialOffsetCalculator<1, unsigned int>, at::native::memory::LoadWithCast<1>, at::native::memory::StoreWithCast<1>)",62,operator_shape_matched,"[[4,248320],[4,248320],[]]","[""float"",""c10::BFloat16"",""Scalar""]",null,1,3.872
aten::copy_,"void at::native::unrolled_elementwise_kernel<at::native::direct_copy_kernel_cuda(at::TensorIteratorBase&)::{lambda()#3}::operator()() const::{lambda()#7}::operator()() const::{lambda(float)#1}, std::array<char*, 2ul>, 4, TrivialOffsetCalculator<1, unsigned int>, TrivialOffsetCalculator<1, unsigned int>, at::native::memory::LoadWithCast<1>, at::native::memory::StoreWithCast<1> >(int, at::native::direct_copy_kernel_cuda(at::TensorIteratorBase&)::{lambda()#3}::operator()() const::{lambda()#7}::operator()() const::{lambda(float)#1}, std::array<char*, 2ul>, TrivialOffsetCalculator<1, unsigned int>, TrivialOffsetCalculator<1, unsigned int>, at::native::memory::LoadWithCast<1>, at::native::memory::StoreWithCast<1>)",63,operator_shape_matched,"[[3,248320],[3,248320],[]]","[""float"",""c10::BFloat16"",""Scalar""]",null,1,3.615
aten::copy_,"void at::native::unrolled_elementwise_kernel<at::native::direct_copy_kernel_cuda(at::TensorIteratorBase&)::{lambda()#3}::operator()() const::{lambda()#7}::operator()() const::{lambda(float)#1}, std::array<char*, 2ul>, 4, TrivialOffsetCalculator<1, unsigned int>, TrivialOffsetCalculator<1, unsigned int>, at::native::memory::LoadWithCast<1>, at::native::memory::StoreWithCast<1> >(int, at::native::direct_copy_kernel_cuda(at::TensorIteratorBase&)::{lambda()#3}::operator()() const::{lambda()#7}::operator()() const::{lambda(float)#1}, std::array<char*, 2ul>, TrivialOffsetCalculator<1, unsigned int>, TrivialOffsetCalculator<1, unsigned int>, at::native::memory::LoadWithCast<1>, at::native::memory::StoreWithCast<1>)",64,operator_shape_matched,"[[2,248320],[2,248320],[]]","[""float"",""c10::BFloat16"",""Scalar""]",null,1,3.328
vllm::unified_kv_cache_update,reshape_and_cache_kernel_flash,1,operator_shape_matched,"[[8192,1,256],[8192,1,256],[]]","[""c10::BFloat16"",""c10::BFloat16"",""""]",null,310,6901.827
null,reshape_and_cache_kernel_flash,2,missing_external_id,null,null,null,2560,4172.806
vllm::unified_kv_cache_update,reshape_and_cache_kernel_flash,3,operator_shape_matched,"[[5089,1,256],[5089,1,256],[]]","[""c10::BFloat16"",""c10::BFloat16"",""""]",null,10,145.636
vllm::unified_kv_cache_update,reshape_and_cache_kernel_flash,4,operator_shape_matched,"[[4096,1,256],[4096,1,256],[]]","[""c10::BFloat16"",""c10::BFloat16"",""""]",null,10,121.54
triton_red_fused_6,triton_red_fused_6,1,operator_shape_matched,"[[8192,4608],[8192,8,1],[8192,1,1],[],[]]","[""c10::BFloat16"",""float"",""float"",""Scalar"",""Scalar""]",null,310,5144.369
null,triton_red_fused_6,2,missing_external_id,null,null,null,2560,3896.977
triton_red_fused_6,triton_red_fused_6,3,operator_shape_matched,"[[5089,4608],[5089,8,1],[5089,1,1],[],[]]","[""c10::BFloat16"",""float"",""float"",""Scalar"",""Scalar""]",null,10,111.426
triton_red_fused_6,triton_red_fused_6,4,operator_shape_matched,"[[4096,4608],[4096,8,1],[4096,1,1],[],[]]","[""c10::BFloat16"",""float"",""float"",""Scalar"",""Scalar""]",null,10,90.722
aten::copy_,"void at::native::unrolled_elementwise_kernel<at::native::direct_copy_kernel_cuda(at::TensorIteratorBase&)::{lambda()#3}::operator()() const::{lambda()#4}::operator()() const::{lambda(long)#1}, std::array<char*, 2ul>, 4, TrivialOffsetCalculator<1, unsigned int>, TrivialOffsetCalculator<1, unsigned int>, at::native::memory::LoadWithCast<1>, at::native::memory::StoreWithCast<1> >(int, at::native::direct_copy_kernel_cuda(at::TensorIteratorBase&)::{lambda()#3}::operator()() const::{lambda()#4}::operator()() const::{lambda(long)#1}, std::array<char*, 2ul>, TrivialOffsetCalculator<1, unsigned int>, TrivialOffsetCalculator<1, unsigned int>, at::native::memory::LoadWithCast<1>, at::native::memory::StoreWithCast<1>)",1,operator_shape_matched,"[[3],[3],[]]","[""long int"",""int"",""Scalar""]",null,1831,2730.396
aten::copy_,"void at::native::unrolled_elementwise_kernel<at::native::direct_copy_kernel_cuda(at::TensorIteratorBase&)::{lambda()#3}::operator()() const::{lambda()#4}::operator()() const::{lambda(long)#1}, std::array<char*, 2ul>, 4, TrivialOffsetCalculator<1, unsigned int>, TrivialOffsetCalculator<1, unsigned int>, at::native::memory::LoadWithCast<1>, at::native::memory::StoreWithCast<1> >(int, at::native::direct_copy_kernel_cuda(at::TensorIteratorBase&)::{lambda()#3}::operator()() const::{lambda()#4}::operator()() const::{lambda(long)#1}, std::array<char*, 2ul>, TrivialOffsetCalculator<1, unsigned int>, TrivialOffsetCalculator<1, unsigned int>, at::native::memory::LoadWithCast<1>, at::native::memory::StoreWithCast<1>)",2,operator_shape_matched,"[[4],[4],[]]","[""long int"",""int"",""Scalar""]",null,872,1374.56
aten::copy_,"void at::native::unrolled_elementwise_kernel<at::native::direct_copy_kernel_cuda(at::TensorIteratorBase&)::{lambda()#3}::operator()() const::{lambda()#4}::operator()() const::{lambda(long)#1}, std::array<char*, 2ul>, 4, TrivialOffsetCalculator<1, unsigned int>, TrivialOffsetCalculator<1, unsigned int>, at::native::memory::LoadWithCast<1>, at::native::memory::StoreWithCast<1> >(int, at::native::direct_copy_kernel_cuda(at::TensorIteratorBase&)::{lambda()#3}::operator()() const::{lambda()#4}::operator()() const::{lambda(long)#1}, std::array<char*, 2ul>, TrivialOffsetCalculator<1, unsigned int>, TrivialOffsetCalculator<1, unsigned int>, at::native::memory::LoadWithCast<1>, at::native::memory::StoreWithCast<1>)",3,operator_shape_matched,"[[64],[64],[]]","[""long int"",""int"",""Scalar""]",null,445,711.568
aten::copy_,"void at::native::unrolled_elementwise_kernel<at::native::direct_copy_kernel_cuda(at::TensorIteratorBase&)::{lambda()#3}::operator()() const::{lambda()#4}::operator()() const::{lambda(long)#1}, std::array<char*, 2ul>, 4, TrivialOffsetCalculator<1, unsigned int>, TrivialOffsetCalculator<1, unsigned int>, at::native::memory::LoadWithCast<1>, at::native::memory::StoreWithCast<1> >(int, at::native::direct_copy_kernel_cuda(at::TensorIteratorBase&)::{lambda()#3}::operator()() const::{lambda()#4}::operator()() const::{lambda(long)#1}, std::array<char*, 2ul>, TrivialOffsetCalculator<1, unsigned int>, TrivialOffsetCalculator<1, unsigned int>, at::native::memory::LoadWithCast<1>, at::native::memory::StoreWithCast<1>)",4,operator_shape_matched,"[[2],[2],[]]","[""long int"",""int"",""Scalar""]",null,212,313.83
aten::copy_,"void at::native::unrolled_elementwise_kernel<at::native::direct_copy_kernel_cuda(at::TensorIteratorBase&)::{lambda()#3}::operator()() const::{lambda()#4}::operator()() const::{lambda(long)#1}, std::array<char*, 2ul>, 4, TrivialOffsetCalculator<1, unsigned int>, TrivialOffsetCalculator<1, unsigned int>, at::native::memory::LoadWithCast<1>, at::native::memory::StoreWithCast<1> >(int, at::native::direct_copy_kernel_cuda(at::TensorIteratorBase&)::{lambda()#3}::operator()() const::{lambda()#4}::operator()() const::{lambda(long)#1}, std::array<char*, 2ul>, TrivialOffsetCalculator<1, unsigned int>, TrivialOffsetCalculator<1, unsigned int>, at::native::memory::LoadWithCast<1>, at::native::memory::StoreWithCast<1>)",5,operator_shape_matched,"[[1],[1],[]]","[""long int"",""int"",""Scalar""]",null,63,97.89
aten::copy_,"void at::native::unrolled_elementwise_kernel<at::native::direct_copy_kernel_cuda(at::TensorIteratorBase&)::{lambda()#3}::operator()() const::{lambda()#4}::operator()() const::{lambda(long)#1}, std::array<char*, 2ul>, 4, TrivialOffsetCalculator<1, unsigned int>, TrivialOffsetCalculator<1, unsigned int>, at::native::memory::LoadWithCast<1>, at::native::memory::StoreWithCast<1> >(int, at::native::direct_copy_kernel_cuda(at::TensorIteratorBase&)::{lambda()#3}::operator()() const::{lambda()#4}::operator()() const::{lambda(long)#1}, std::array<char*, 2ul>, TrivialOffsetCalculator<1, unsigned int>, TrivialOffsetCalculator<1, unsigned int>, at::native::memory::LoadWithCast<1>, at::native::memory::StoreWithCast<1>)",6,operator_shape_matched,"[[8192],[8192],[]]","[""long int"",""int"",""Scalar""]",null,31,85.504
aten::copy_,"void at::native::unrolled_elementwise_kernel<at::native::direct_copy_kernel_cuda(at::TensorIteratorBase&)::{lambda()#3}::operator()() const::{lambda()#4}::operator()() const::{lambda(long)#1}, std::array<char*, 2ul>, 4, TrivialOffsetCalculator<1, unsigned int>, TrivialOffsetCalculator<1, unsigned int>, at::native::memory::LoadWithCast<1>, at::native::memory::StoreWithCast<1> >(int, at::native::direct_copy_kernel_cuda(at::TensorIteratorBase&)::{lambda()#3}::operator()() const::{lambda()#4}::operator()() const::{lambda(long)#1}, std::array<char*, 2ul>, TrivialOffsetCalculator<1, unsigned int>, TrivialOffsetCalculator<1, unsigned int>, at::native::memory::LoadWithCast<1>, at::native::memory::StoreWithCast<1>)",7,operator_shape_matched,"[[63],[63],[]]","[""long int"",""int"",""Scalar""]",null,5,8.289
aten::copy_,"void at::native::unrolled_elementwise_kernel<at::native::direct_copy_kernel_cuda(at::TensorIteratorBase&)::{lambda()#3}::operator()() const::{lambda()#4}::operator()() const::{lambda(long)#1}, std::array<char*, 2ul>, 4, TrivialOffsetCalculator<1, unsigned int>, TrivialOffsetCalculator<1, unsigned int>, at::native::memory::LoadWithCast<1>, at::native::memory::StoreWithCast<1> >(int, at::native::direct_copy_kernel_cuda(at::TensorIteratorBase&)::{lambda()#3}::operator()() const::{lambda()#4}::operator()() const::{lambda(long)#1}, std::array<char*, 2ul>, TrivialOffsetCalculator<1, unsigned int>, TrivialOffsetCalculator<1, unsigned int>, at::native::memory::LoadWithCast<1>, at::native::memory::StoreWithCast<1>)",8,operator_shape_matched,"[[56],[56],[]]","[""long int"",""int"",""Scalar""]",null,2,3.456
aten::copy_,"void at::native::unrolled_elementwise_kernel<at::native::direct_copy_kernel_cuda(at::TensorIteratorBase&)::{lambda()#3}::operator()() const::{lambda()#4}::operator()() const::{lambda(long)#1}, std::array<char*, 2ul>, 4, TrivialOffsetCalculator<1, unsigned int>, TrivialOffsetCalculator<1, unsigned int>, at::native::memory::LoadWithCast<1>, at::native::memory::StoreWithCast<1> >(int, at::native::direct_copy_kernel_cuda(at::TensorIteratorBase&)::{lambda()#3}::operator()() const::{lambda()#4}::operator()() const::{lambda(long)#1}, std::array<char*, 2ul>, TrivialOffsetCalculator<1, unsigned int>, TrivialOffsetCalculator<1, unsigned int>, at::native::memory::LoadWithCast<1>, at::native::memory::StoreWithCast<1>)",9,operator_shape_matched,"[[26],[26],[]]","[""long int"",""int"",""Scalar""]",null,2,3.392
aten::copy_,"void at::native::unrolled_elementwise_kernel<at::native::direct_copy_kernel_cuda(at::TensorIteratorBase&)::{lambda()#3}::operator()() const::{lambda()#4}::operator()() const::{lambda(long)#1}, std::array<char*, 2ul>, 4, TrivialOffsetCalculator<1, unsigned int>, TrivialOffsetCalculator<1, unsigned int>, at::native::memory::LoadWithCast<1>, at::native::memory::StoreWithCast<1> >(int, at::native::direct_copy_kernel_cuda(at::TensorIteratorBase&)::{lambda()#3}::operator()() const::{lambda()#4}::operator()() const::{lambda(long)#1}, std::array<char*, 2ul>, TrivialOffsetCalculator<1, unsigned int>, TrivialOffsetCalculator<1, unsigned int>, at::native::memory::LoadWithCast<1>, at::native::memory::StoreWithCast<1>)",10,operator_shape_matched,"[[46],[46],[]]","[""long int"",""int"",""Scalar""]",null,2,3.392
aten::copy_,"void at::native::unrolled_elementwise_kernel<at::native::direct_copy_kernel_cuda(at::TensorIteratorBase&)::{lambda()#3}::operator()() const::{lambda()#4}::operator()() const::{lambda(long)#1}, std::array<char*, 2ul>, 4, TrivialOffsetCalculator<1, unsigned int>, TrivialOffsetCalculator<1, unsigned int>, at::native::memory::LoadWithCast<1>, at::native::memory::StoreWithCast<1> >(int, at::native::direct_copy_kernel_cuda(at::TensorIteratorBase&)::{lambda()#3}::operator()() const::{lambda()#4}::operator()() const::{lambda(long)#1}, std::array<char*, 2ul>, TrivialOffsetCalculator<1, unsigned int>, TrivialOffsetCalculator<1, unsigned int>, at::native::memory::LoadWithCast<1>, at::native::memory::StoreWithCast<1>)",11,operator_shape_matched,"[[54],[54],[]]","[""long int"",""int"",""Scalar""]",null,2,3.36
aten::copy_,"void at::native::unrolled_elementwise_kernel<at::native::direct_copy_kernel_cuda(at::TensorIteratorBase&)::{lambda()#3}::operator()() const::{lambda()#4}::operator()() const::{lambda(long)#1}, std::array<char*, 2ul>, 4, TrivialOffsetCalculator<1, unsigned int>, TrivialOffsetCalculator<1, unsigned int>, at::native::memory::LoadWithCast<1>, at::native::memory::StoreWithCast<1> >(int, at::native::direct_copy_kernel_cuda(at::TensorIteratorBase&)::{lambda()#3}::operator()() const::{lambda()#4}::operator()() const::{lambda(long)#1}, std::array<char*, 2ul>, TrivialOffsetCalculator<1, unsigned int>, TrivialOffsetCalculator<1, unsigned int>, at::native::memory::LoadWithCast<1>, at::native::memory::StoreWithCast<1>)",12,operator_shape_matched,"[[58],[58],[]]","[""long int"",""int"",""Scalar""]",null,2,3.327
aten::copy_,"void at::native::unrolled_elementwise_kernel<at::native::direct_copy_kernel_cuda(at::TensorIteratorBase&)::{lambda()#3}::operator()() const::{lambda()#4}::operator()() const::{lambda(long)#1}, std::array<char*, 2ul>, 4, TrivialOffsetCalculator<1, unsigned int>, TrivialOffsetCalculator<1, unsigned int>, at::native::memory::LoadWithCast<1>, at::native::memory::StoreWithCast<1> >(int, at::native::direct_copy_kernel_cuda(at::TensorIteratorBase&)::{lambda()#3}::operator()() const::{lambda()#4}::operator()() const::{lambda(long)#1}, std::array<char*, 2ul>, TrivialOffsetCalculator<1, unsigned int>, TrivialOffsetCalculator<1, unsigned int>, at::native::memory::LoadWithCast<1>, at::native::memory::StoreWithCast<1>)",13,operator_shape_matched,"[[24],[24],[]]","[""long int"",""int"",""Scalar""]",null,2,3.265
aten::copy_,"void at::native::unrolled_elementwise_kernel<at::native::direct_copy_kernel_cuda(at::TensorIteratorBase&)::{lambda()#3}::operator()() const::{lambda()#4}::operator()() const::{lambda(long)#1}, std::array<char*, 2ul>, 4, TrivialOffsetCalculator<1, unsigned int>, TrivialOffsetCalculator<1, unsigned int>, at::native::memory::LoadWithCast<1>, at::native::memory::StoreWithCast<1> >(int, at::native::direct_copy_kernel_cuda(at::TensorIteratorBase&)::{lambda()#3}::operator()() const::{lambda()#4}::operator()() const::{lambda(long)#1}, std::array<char*, 2ul>, TrivialOffsetCalculator<1, unsigned int>, TrivialOffsetCalculator<1, unsigned int>, at::native::memory::LoadWithCast<1>, at::native::memory::StoreWithCast<1>)",14,operator_shape_matched,"[[52],[52],[]]","[""long int"",""int"",""Scalar""]",null,2,3.265
aten::copy_,"void at::native::unrolled_elementwise_kernel<at::native::direct_copy_kernel_cuda(at::TensorIteratorBase&)::{lambda()#3}::operator()() const::{lambda()#4}::operator()() const::{lambda(long)#1}, std::array<char*, 2ul>, 4, TrivialOffsetCalculator<1, unsigned int>, TrivialOffsetCalculator<1, unsigned int>, at::native::memory::LoadWithCast<1>, at::native::memory::StoreWithCast<1> >(int, at::native::direct_copy_kernel_cuda(at::TensorIteratorBase&)::{lambda()#3}::operator()() const::{lambda()#4}::operator()() const::{lambda(long)#1}, std::array<char*, 2ul>, TrivialOffsetCalculator<1, unsigned int>, TrivialOffsetCalculator<1, unsigned int>, at::native::memory::LoadWithCast<1>, at::native::memory::StoreWithCast<1>)",15,operator_shape_matched,"[[16],[16],[]]","[""long int"",""int"",""Scalar""]",null,2,3.264
aten::copy_,"void at::native::unrolled_elementwise_kernel<at::native::direct_copy_kernel_cuda(at::TensorIteratorBase&)::{lambda()#3}::operator()() const::{lambda()#4}::operator()() const::{lambda(long)#1}, std::array<char*, 2ul>, 4, TrivialOffsetCalculator<1, unsigned int>, TrivialOffsetCalculator<1, unsigned int>, at::native::memory::LoadWithCast<1>, at::native::memory::StoreWithCast<1> >(int, at::native::direct_copy_kernel_cuda(at::TensorIteratorBase&)::{lambda()#3}::operator()() const::{lambda()#4}::operator()() const::{lambda(long)#1}, std::array<char*, 2ul>, TrivialOffsetCalculator<1, unsigned int>, TrivialOffsetCalculator<1, unsigned int>, at::native::memory::LoadWithCast<1>, at::native::memory::StoreWithCast<1>)",16,operator_shape_matched,"[[18],[18],[]]","[""long int"",""int"",""Scalar""]",null,2,3.264
aten::copy_,"void at::native::unrolled_elementwise_kernel<at::native::direct_copy_kernel_cuda(at::TensorIteratorBase&)::{lambda()#3}::operator()() const::{lambda()#4}::operator()() const::{lambda(long)#1}, std::array<char*, 2ul>, 4, TrivialOffsetCalculator<1, unsigned int>, TrivialOffsetCalculator<1, unsigned int>, at::native::memory::LoadWithCast<1>, at::native::memory::StoreWithCast<1> >(int, at::native::direct_copy_kernel_cuda(at::TensorIteratorBase&)::{lambda()#3}::operator()() const::{lambda()#4}::operator()() const::{lambda(long)#1}, std::array<char*, 2ul>, TrivialOffsetCalculator<1, unsigned int>, TrivialOffsetCalculator<1, unsigned int>, at::native::memory::LoadWithCast<1>, at::native::memory::StoreWithCast<1>)",17,operator_shape_matched,"[[30],[30],[]]","[""long int"",""int"",""Scalar""]",null,2,3.264
aten::copy_,"void at::native::unrolled_elementwise_kernel<at::native::direct_copy_kernel_cuda(at::TensorIteratorBase&)::{lambda()#3}::operator()() const::{lambda()#4}::operator()() const::{lambda(long)#1}, std::array<char*, 2ul>, 4, TrivialOffsetCalculator<1, unsigned int>, TrivialOffsetCalculator<1, unsigned int>, at::native::memory::LoadWithCast<1>, at::native::memory::StoreWithCast<1> >(int, at::native::direct_copy_kernel_cuda(at::TensorIteratorBase&)::{lambda()#3}::operator()() const::{lambda()#4}::operator()() const::{lambda(long)#1}, std::array<char*, 2ul>, TrivialOffsetCalculator<1, unsigned int>, TrivialOffsetCalculator<1, unsigned int>, at::native::memory::LoadWithCast<1>, at::native::memory::StoreWithCast<1>)",18,operator_shape_matched,"[[44],[44],[]]","[""long int"",""int"",""Scalar""]",null,2,3.264
aten::copy_,"void at::native::unrolled_elementwise_kernel<at::native::direct_copy_kernel_cuda(at::TensorIteratorBase&)::{lambda()#3}::operator()() const::{lambda()#4}::operator()() const::{lambda(long)#1}, std::array<char*, 2ul>, 4, TrivialOffsetCalculator<1, unsigned int>, TrivialOffsetCalculator<1, unsigned int>, at::native::memory::LoadWithCast<1>, at::native::memory::StoreWithCast<1> >(int, at::native::direct_copy_kernel_cuda(at::TensorIteratorBase&)::{lambda()#3}::operator()() const::{lambda()#4}::operator()() const::{lambda(long)#1}, std::array<char*, 2ul>, TrivialOffsetCalculator<1, unsigned int>, TrivialOffsetCalculator<1, unsigned int>, at::native::memory::LoadWithCast<1>, at::native::memory::StoreWithCast<1>)",19,operator_shape_matched,"[[60],[60],[]]","[""long int"",""int"",""Scalar""]",null,2,3.264
aten::copy_,"void at::native::unrolled_elementwise_kernel<at::native::direct_copy_kernel_cuda(at::TensorIteratorBase&)::{lambda()#3}::operator()() const::{lambda()#4}::operator()() const::{lambda(long)#1}, std::array<char*, 2ul>, 4, TrivialOffsetCalculator<1, unsigned int>, TrivialOffsetCalculator<1, unsigned int>, at::native::memory::LoadWithCast<1>, at::native::memory::StoreWithCast<1> >(int, at::native::direct_copy_kernel_cuda(at::TensorIteratorBase&)::{lambda()#3}::operator()() const::{lambda()#4}::operator()() const::{lambda(long)#1}, std::array<char*, 2ul>, TrivialOffsetCalculator<1, unsigned int>, TrivialOffsetCalculator<1, unsigned int>, at::native::memory::LoadWithCast<1>, at::native::memory::StoreWithCast<1>)",20,operator_shape_matched,"[[32],[32],[]]","[""long int"",""int"",""Scalar""]",null,2,3.232
aten::copy_,"void at::native::unrolled_elementwise_kernel<at::native::direct_copy_kernel_cuda(at::TensorIteratorBase&)::{lambda()#3}::operator()() const::{lambda()#4}::operator()() const::{lambda(long)#1}, std::array<char*, 2ul>, 4, TrivialOffsetCalculator<1, unsigned int>, TrivialOffsetCalculator<1, unsigned int>, at::native::memory::LoadWithCast<1>, at::native::memory::StoreWithCast<1> >(int, at::native::direct_copy_kernel_cuda(at::TensorIteratorBase&)::{lambda()#3}::operator()() const::{lambda()#4}::operator()() const::{lambda(long)#1}, std::array<char*, 2ul>, TrivialOffsetCalculator<1, unsigned int>, TrivialOffsetCalculator<1, unsigned int>, at::native::memory::LoadWithCast<1>, at::native::memory::StoreWithCast<1>)",21,operator_shape_matched,"[[36],[36],[]]","[""long int"",""int"",""Scalar""]",null,2,3.232
aten::copy_,"void at::native::unrolled_elementwise_kernel<at::native::direct_copy_kernel_cuda(at::TensorIteratorBase&)::{lambda()#3}::operator()() const::{lambda()#4}::operator()() const::{lambda(long)#1}, std::array<char*, 2ul>, 4, TrivialOffsetCalculator<1, unsigned int>, TrivialOffsetCalculator<1, unsigned int>, at::native::memory::LoadWithCast<1>, at::native::memory::StoreWithCast<1> >(int, at::native::direct_copy_kernel_cuda(at::TensorIteratorBase&)::{lambda()#3}::operator()() const::{lambda()#4}::operator()() const::{lambda(long)#1}, std::array<char*, 2ul>, TrivialOffsetCalculator<1, unsigned int>, TrivialOffsetCalculator<1, unsigned int>, at::native::memory::LoadWithCast<1>, at::native::memory::StoreWithCast<1>)",22,operator_shape_matched,"[[40],[40],[]]","[""long int"",""int"",""Scalar""]",null,2,3.232
aten::copy_,"void at::native::unrolled_elementwise_kernel<at::native::direct_copy_kernel_cuda(at::TensorIteratorBase&)::{lambda()#3}::operator()() const::{lambda()#4}::operator()() const::{lambda(long)#1}, std::array<char*, 2ul>, 4, TrivialOffsetCalculator<1, unsigned int>, TrivialOffsetCalculator<1, unsigned int>, at::native::memory::LoadWithCast<1>, at::native::memory::StoreWithCast<1> >(int, at::native::direct_copy_kernel_cuda(at::TensorIteratorBase&)::{lambda()#3}::operator()() const::{lambda()#4}::operator()() const::{lambda(long)#1}, std::array<char*, 2ul>, TrivialOffsetCalculator<1, unsigned int>, TrivialOffsetCalculator<1, unsigned int>, at::native::memory::LoadWithCast<1>, at::native::memory::StoreWithCast<1>)",23,operator_shape_matched,"[[22],[22],[]]","[""long int"",""int"",""Scalar""]",null,2,3.2
aten::copy_,"void at::native::unrolled_elementwise_kernel<at::native::direct_copy_kernel_cuda(at::TensorIteratorBase&)::{lambda()#3}::operator()() const::{lambda()#4}::operator()() const::{lambda(long)#1}, std::array<char*, 2ul>, 4, TrivialOffsetCalculator<1, unsigned int>, TrivialOffsetCalculator<1, unsigned int>, at::native::memory::LoadWithCast<1>, at::native::memory::StoreWithCast<1> >(int, at::native::direct_copy_kernel_cuda(at::TensorIteratorBase&)::{lambda()#3}::operator()() const::{lambda()#4}::operator()() const::{lambda(long)#1}, std::array<char*, 2ul>, TrivialOffsetCalculator<1, unsigned int>, TrivialOffsetCalculator<1, unsigned int>, at::native::memory::LoadWithCast<1>, at::native::memory::StoreWithCast<1>)",24,operator_shape_matched,"[[10],[10],[]]","[""long int"",""int"",""Scalar""]",null,2,3.169
aten::copy_,"void at::native::unrolled_elementwise_kernel<at::native::direct_copy_kernel_cuda(at::TensorIteratorBase&)::{lambda()#3}::operator()() const::{lambda()#4}::operator()() const::{lambda(long)#1}, std::array<char*, 2ul>, 4, TrivialOffsetCalculator<1, unsigned int>, TrivialOffsetCalculator<1, unsigned int>, at::native::memory::LoadWithCast<1>, at::native::memory::StoreWithCast<1> >(int, at::native::direct_copy_kernel_cuda(at::TensorIteratorBase&)::{lambda()#3}::operator()() const::{lambda()#4}::operator()() const::{lambda(long)#1}, std::array<char*, 2ul>, TrivialOffsetCalculator<1, unsigned int>, TrivialOffsetCalculator<1, unsigned int>, at::native::memory::LoadWithCast<1>, at::native::memory::StoreWithCast<1>)",25,operator_shape_matched,"[[14],[14],[]]","[""long int"",""int"",""Scalar""]",null,2,3.169
aten::copy_,"void at::native::unrolled_elementwise_kernel<at::native::direct_copy_kernel_cuda(at::TensorIteratorBase&)::{lambda()#3}::operator()() const::{lambda()#4}::operator()() const::{lambda(long)#1}, std::array<char*, 2ul>, 4, TrivialOffsetCalculator<1, unsigned int>, TrivialOffsetCalculator<1, unsigned int>, at::native::memory::LoadWithCast<1>, at::native::memory::StoreWithCast<1> >(int, at::native::direct_copy_kernel_cuda(at::TensorIteratorBase&)::{lambda()#3}::operator()() const::{lambda()#4}::operator()() const::{lambda(long)#1}, std::array<char*, 2ul>, TrivialOffsetCalculator<1, unsigned int>, TrivialOffsetCalculator<1, unsigned int>, at::native::memory::LoadWithCast<1>, at::native::memory::StoreWithCast<1>)",26,operator_shape_matched,"[[48],[48],[]]","[""long int"",""int"",""Scalar""]",null,2,3.169
aten::copy_,"void at::native::unrolled_elementwise_kernel<at::native::direct_copy_kernel_cuda(at::TensorIteratorBase&)::{lambda()#3}::operator()() const::{lambda()#4}::operator()() const::{lambda(long)#1}, std::array<char*, 2ul>, 4, TrivialOffsetCalculator<1, unsigned int>, TrivialOffsetCalculator<1, unsigned int>, at::native::memory::LoadWithCast<1>, at::native::memory::StoreWithCast<1> >(int, at::native::direct_copy_kernel_cuda(at::TensorIteratorBase&)::{lambda()#3}::operator()() const::{lambda()#4}::operator()() const::{lambda(long)#1}, std::array<char*, 2ul>, TrivialOffsetCalculator<1, unsigned int>, TrivialOffsetCalculator<1, unsigned int>, at::native::memory::LoadWithCast<1>, at::native::memory::StoreWithCast<1>)",27,operator_shape_matched,"[[6],[6],[]]","[""long int"",""int"",""Scalar""]",null,2,3.168
aten::copy_,"void at::native::unrolled_elementwise_kernel<at::native::direct_copy_kernel_cuda(at::TensorIteratorBase&)::{lambda()#3}::operator()() const::{lambda()#4}::operator()() const::{lambda(long)#1}, std::array<char*, 2ul>, 4, TrivialOffsetCalculator<1, unsigned int>, TrivialOffsetCalculator<1, unsigned int>, at::native::memory::LoadWithCast<1>, at::native::memory::StoreWithCast<1> >(int, at::native::direct_copy_kernel_cuda(at::TensorIteratorBase&)::{lambda()#3}::operator()() const::{lambda()#4}::operator()() const::{lambda(long)#1}, std::array<char*, 2ul>, TrivialOffsetCalculator<1, unsigned int>, TrivialOffsetCalculator<1, unsigned int>, at::native::memory::LoadWithCast<1>, at::native::memory::StoreWithCast<1>)",28,operator_shape_matched,"[[8],[8],[]]","[""long int"",""int"",""Scalar""]",null,2,3.167
aten::copy_,"void at::native::unrolled_elementwise_kernel<at::native::direct_copy_kernel_cuda(at::TensorIteratorBase&)::{lambda()#3}::operator()() const::{lambda()#4}::operator()() const::{lambda(long)#1}, std::array<char*, 2ul>, 4, TrivialOffsetCalculator<1, unsigned int>, TrivialOffsetCalculator<1, unsigned int>, at::native::memory::LoadWithCast<1>, at::native::memory::StoreWithCast<1> >(int, at::native::direct_copy_kernel_cuda(at::TensorIteratorBase&)::{lambda()#3}::operator()() const::{lambda()#4}::operator()() const::{lambda(long)#1}, std::array<char*, 2ul>, TrivialOffsetCalculator<1, unsigned int>, TrivialOffsetCalculator<1, unsigned int>, at::native::memory::LoadWithCast<1>, at::native::memory::StoreWithCast<1>)",29,operator_shape_matched,"[[20],[20],[]]","[""long int"",""int"",""Scalar""]",null,2,3.136
aten::copy_,"void at::native::unrolled_elementwise_kernel<at::native::direct_copy_kernel_cuda(at::TensorIteratorBase&)::{lambda()#3}::operator()() const::{lambda()#4}::operator()() const::{lambda(long)#1}, std::array<char*, 2ul>, 4, TrivialOffsetCalculator<1, unsigned int>, TrivialOffsetCalculator<1, unsigned int>, at::native::memory::LoadWithCast<1>, at::native::memory::StoreWithCast<1> >(int, at::native::direct_copy_kernel_cuda(at::TensorIteratorBase&)::{lambda()#3}::operator()() const::{lambda()#4}::operator()() const::{lambda(long)#1}, std::array<char*, 2ul>, TrivialOffsetCalculator<1, unsigned int>, TrivialOffsetCalculator<1, unsigned int>, at::native::memory::LoadWithCast<1>, at::native::memory::StoreWithCast<1>)",30,operator_shape_matched,"[[62],[62],[]]","[""long int"",""int"",""Scalar""]",null,2,3.135
aten::copy_,"void at::native::unrolled_elementwise_kernel<at::native::direct_copy_kernel_cuda(at::TensorIteratorBase&)::{lambda()#3}::operator()() const::{lambda()#4}::operator()() const::{lambda(long)#1}, std::array<char*, 2ul>, 4, TrivialOffsetCalculator<1, unsigned int>, TrivialOffsetCalculator<1, unsigned int>, at::native::memory::LoadWithCast<1>, at::native::memory::StoreWithCast<1> >(int, at::native::direct_copy_kernel_cuda(at::TensorIteratorBase&)::{lambda()#3}::operator()() const::{lambda()#4}::operator()() const::{lambda(long)#1}, std::array<char*, 2ul>, TrivialOffsetCalculator<1, unsigned int>, TrivialOffsetCalculator<1, unsigned int>, at::native::memory::LoadWithCast<1>, at::native::memory::StoreWithCast<1>)",31,operator_shape_matched,"[[28],[28],[]]","[""long int"",""int"",""Scalar""]",null,2,3.104
aten::copy_,"void at::native::unrolled_elementwise_kernel<at::native::direct_copy_kernel_cuda(at::TensorIteratorBase&)::{lambda()#3}::operator()() const::{lambda()#4}::operator()() const::{lambda(long)#1}, std::array<char*, 2ul>, 4, TrivialOffsetCalculator<1, unsigned int>, TrivialOffsetCalculator<1, unsigned int>, at::native::memory::LoadWithCast<1>, at::native::memory::StoreWithCast<1> >(int, at::native::direct_copy_kernel_cuda(at::TensorIteratorBase&)::{lambda()#3}::operator()() const::{lambda()#4}::operator()() const::{lambda(long)#1}, std::array<char*, 2ul>, TrivialOffsetCalculator<1, unsigned int>, TrivialOffsetCalculator<1, unsigned int>, at::native::memory::LoadWithCast<1>, at::native::memory::StoreWithCast<1>)",32,operator_shape_matched,"[[50],[50],[]]","[""long int"",""int"",""Scalar""]",null,2,3.104
aten::copy_,"void at::native::unrolled_elementwise_kernel<at::native::direct_copy_kernel_cuda(at::TensorIteratorBase&)::{lambda()#3}::operator()() const::{lambda()#4}::operator()() const::{lambda(long)#1}, std::array<char*, 2ul>, 4, TrivialOffsetCalculator<1, unsigned int>, TrivialOffsetCalculator<1, unsigned int>, at::native::memory::LoadWithCast<1>, at::native::memory::StoreWithCast<1> >(int, at::native::direct_copy_kernel_cuda(at::TensorIteratorBase&)::{lambda()#3}::operator()() const::{lambda()#4}::operator()() const::{lambda(long)#1}, std::array<char*, 2ul>, TrivialOffsetCalculator<1, unsigned int>, TrivialOffsetCalculator<1, unsigned int>, at::native::memory::LoadWithCast<1>, at::native::memory::StoreWithCast<1>)",33,operator_shape_matched,"[[42],[42],[]]","[""long int"",""int"",""Scalar""]",null,2,3.072
aten::copy_,"void at::native::unrolled_elementwise_kernel<at::native::direct_copy_kernel_cuda(at::TensorIteratorBase&)::{lambda()#3}::operator()() const::{lambda()#4}::operator()() const::{lambda(long)#1}, std::array<char*, 2ul>, 4, TrivialOffsetCalculator<1, unsigned int>, TrivialOffsetCalculator<1, unsigned int>, at::native::memory::LoadWithCast<1>, at::native::memory::StoreWithCast<1> >(int, at::native::direct_copy_kernel_cuda(at::TensorIteratorBase&)::{lambda()#3}::operator()() const::{lambda()#4}::operator()() const::{lambda(long)#1}, std::array<char*, 2ul>, TrivialOffsetCalculator<1, unsigned int>, TrivialOffsetCalculator<1, unsigned int>, at::native::memory::LoadWithCast<1>, at::native::memory::StoreWithCast<1>)",34,operator_shape_matched,"[[34],[34],[]]","[""long int"",""int"",""Scalar""]",null,2,3.041
aten::copy_,"void at::native::unrolled_elementwise_kernel<at::native::direct_copy_kernel_cuda(at::TensorIteratorBase&)::{lambda()#3}::operator()() const::{lambda()#4}::operator()() const::{lambda(long)#1}, std::array<char*, 2ul>, 4, TrivialOffsetCalculator<1, unsigned int>, TrivialOffsetCalculator<1, unsigned int>, at::native::memory::LoadWithCast<1>, at::native::memory::StoreWithCast<1> >(int, at::native::direct_copy_kernel_cuda(at::TensorIteratorBase&)::{lambda()#3}::operator()() const::{lambda()#4}::operator()() const::{lambda(long)#1}, std::array<char*, 2ul>, TrivialOffsetCalculator<1, unsigned int>, TrivialOffsetCalculator<1, unsigned int>, at::native::memory::LoadWithCast<1>, at::native::memory::StoreWithCast<1>)",35,operator_shape_matched,"[[38],[38],[]]","[""long int"",""int"",""Scalar""]",null,2,3.041
aten::copy_,"void at::native::unrolled_elementwise_kernel<at::native::direct_copy_kernel_cuda(at::TensorIteratorBase&)::{lambda()#3}::operator()() const::{lambda()#4}::operator()() const::{lambda(long)#1}, std::array<char*, 2ul>, 4, TrivialOffsetCalculator<1, unsigned int>, TrivialOffsetCalculator<1, unsigned int>, at::native::memory::LoadWithCast<1>, at::native::memory::StoreWithCast<1> >(int, at::native::direct_copy_kernel_cuda(at::TensorIteratorBase&)::{lambda()#3}::operator()() const::{lambda()#4}::operator()() const::{lambda(long)#1}, std::array<char*, 2ul>, TrivialOffsetCalculator<1, unsigned int>, TrivialOffsetCalculator<1, unsigned int>, at::native::memory::LoadWithCast<1>, at::native::memory::StoreWithCast<1>)",36,operator_shape_matched,"[[12],[12],[]]","[""long int"",""int"",""Scalar""]",null,2,3.008
aten::copy_,"void at::native::unrolled_elementwise_kernel<at::native::direct_copy_kernel_cuda(at::TensorIteratorBase&)::{lambda()#3}::operator()() const::{lambda()#4}::operator()() const::{lambda(long)#1}, std::array<char*, 2ul>, 4, TrivialOffsetCalculator<1, unsigned int>, TrivialOffsetCalculator<1, unsigned int>, at::native::memory::LoadWithCast<1>, at::native::memory::StoreWithCast<1> >(int, at::native::direct_copy_kernel_cuda(at::TensorIteratorBase&)::{lambda()#3}::operator()() const::{lambda()#4}::operator()() const::{lambda(long)#1}, std::array<char*, 2ul>, TrivialOffsetCalculator<1, unsigned int>, TrivialOffsetCalculator<1, unsigned int>, at::native::memory::LoadWithCast<1>, at::native::memory::StoreWithCast<1>)",37,operator_shape_matched,"[[4096],[4096],[]]","[""long int"",""int"",""Scalar""]",null,1,2.72
aten::copy_,"void at::native::unrolled_elementwise_kernel<at::native::direct_copy_kernel_cuda(at::TensorIteratorBase&)::{lambda()#3}::operator()() const::{lambda()#4}::operator()() const::{lambda(long)#1}, std::array<char*, 2ul>, 4, TrivialOffsetCalculator<1, unsigned int>, TrivialOffsetCalculator<1, unsigned int>, at::native::memory::LoadWithCast<1>, at::native::memory::StoreWithCast<1> >(int, at::native::direct_copy_kernel_cuda(at::TensorIteratorBase&)::{lambda()#3}::operator()() const::{lambda()#4}::operator()() const::{lambda(long)#1}, std::array<char*, 2ul>, TrivialOffsetCalculator<1, unsigned int>, TrivialOffsetCalculator<1, unsigned int>, at::native::memory::LoadWithCast<1>, at::native::memory::StoreWithCast<1>)",38,operator_shape_matched,"[[5089],[5089],[]]","[""long int"",""int"",""Scalar""]",null,1,2.688
aten::copy_,"void at::native::unrolled_elementwise_kernel<at::native::direct_copy_kernel_cuda(at::TensorIteratorBase&)::{lambda()#3}::operator()() const::{lambda()#4}::operator()() const::{lambda(long)#1}, std::array<char*, 2ul>, 4, TrivialOffsetCalculator<1, unsigned int>, TrivialOffsetCalculator<1, unsigned int>, at::native::memory::LoadWithCast<1>, at::native::memory::StoreWithCast<1> >(int, at::native::direct_copy_kernel_cuda(at::TensorIteratorBase&)::{lambda()#3}::operator()() const::{lambda()#4}::operator()() const::{lambda(long)#1}, std::array<char*, 2ul>, TrivialOffsetCalculator<1, unsigned int>, TrivialOffsetCalculator<1, unsigned int>, at::native::memory::LoadWithCast<1>, at::native::memory::StoreWithCast<1>)",39,operator_shape_matched,"[[21],[21],[]]","[""long int"",""int"",""Scalar""]",null,1,1.984
aten::copy_,"void at::native::unrolled_elementwise_kernel<at::native::direct_copy_kernel_cuda(at::TensorIteratorBase&)::{lambda()#3}::operator()() const::{lambda()#4}::operator()() const::{lambda(long)#1}, std::array<char*, 2ul>, 4, TrivialOffsetCalculator<1, unsigned int>, TrivialOffsetCalculator<1, unsigned int>, at::native::memory::LoadWithCast<1>, at::native::memory::StoreWithCast<1> >(int, at::native::direct_copy_kernel_cuda(at::TensorIteratorBase&)::{lambda()#3}::operator()() const::{lambda()#4}::operator()() const::{lambda(long)#1}, std::array<char*, 2ul>, TrivialOffsetCalculator<1, unsigned int>, TrivialOffsetCalculator<1, unsigned int>, at::native::memory::LoadWithCast<1>, at::native::memory::StoreWithCast<1>)",40,operator_shape_matched,"[[5],[5],[]]","[""long int"",""int"",""Scalar""]",null,1,1.952
aten::copy_,"void at::native::unrolled_elementwise_kernel<at::native::direct_copy_kernel_cuda(at::TensorIteratorBase&)::{lambda()#3}::operator()() const::{lambda()#4}::operator()() const::{lambda(long)#1}, std::array<char*, 2ul>, 4, TrivialOffsetCalculator<1, unsigned int>, TrivialOffsetCalculator<1, unsigned int>, at::native::memory::LoadWithCast<1>, at::native::memory::StoreWithCast<1> >(int, at::native::direct_copy_kernel_cuda(at::TensorIteratorBase&)::{lambda()#3}::operator()() const::{lambda()#4}::operator()() const::{lambda(long)#1}, std::array<char*, 2ul>, TrivialOffsetCalculator<1, unsigned int>, TrivialOffsetCalculator<1, unsigned int>, at::native::memory::LoadWithCast<1>, at::native::memory::StoreWithCast<1>)",41,operator_shape_matched,"[[37],[37],[]]","[""long int"",""int"",""Scalar""]",null,1,1.888
aten::copy_,"void at::native::unrolled_elementwise_kernel<at::native::direct_copy_kernel_cuda(at::TensorIteratorBase&)::{lambda()#3}::operator()() const::{lambda()#4}::operator()() const::{lambda(long)#1}, std::array<char*, 2ul>, 4, TrivialOffsetCalculator<1, unsigned int>, TrivialOffsetCalculator<1, unsigned int>, at::native::memory::LoadWithCast<1>, at::native::memory::StoreWithCast<1> >(int, at::native::direct_copy_kernel_cuda(at::TensorIteratorBase&)::{lambda()#3}::operator()() const::{lambda()#4}::operator()() const::{lambda(long)#1}, std::array<char*, 2ul>, TrivialOffsetCalculator<1, unsigned int>, TrivialOffsetCalculator<1, unsigned int>, at::native::memory::LoadWithCast<1>, at::native::memory::StoreWithCast<1>)",42,operator_shape_matched,"[[49],[49],[]]","[""long int"",""int"",""Scalar""]",null,1,1.856
aten::copy_,"void at::native::unrolled_elementwise_kernel<at::native::direct_copy_kernel_cuda(at::TensorIteratorBase&)::{lambda()#3}::operator()() const::{lambda()#4}::operator()() const::{lambda(long)#1}, std::array<char*, 2ul>, 4, TrivialOffsetCalculator<1, unsigned int>, TrivialOffsetCalculator<1, unsigned int>, at::native::memory::LoadWithCast<1>, at::native::memory::StoreWithCast<1> >(int, at::native::direct_copy_kernel_cuda(at::TensorIteratorBase&)::{lambda()#3}::operator()() const::{lambda()#4}::operator()() const::{lambda(long)#1}, std::array<char*, 2ul>, TrivialOffsetCalculator<1, unsigned int>, TrivialOffsetCalculator<1, unsigned int>, at::native::memory::LoadWithCast<1>, at::native::memory::StoreWithCast<1>)",43,operator_shape_matched,"[[9],[9],[]]","[""long int"",""int"",""Scalar""]",null,1,1.856
aten::copy_,"void at::native::unrolled_elementwise_kernel<at::native::direct_copy_kernel_cuda(at::TensorIteratorBase&)::{lambda()#3}::operator()() const::{lambda()#4}::operator()() const::{lambda(long)#1}, std::array<char*, 2ul>, 4, TrivialOffsetCalculator<1, unsigned int>, TrivialOffsetCalculator<1, unsigned int>, at::native::memory::LoadWithCast<1>, at::native::memory::StoreWithCast<1> >(int, at::native::direct_copy_kernel_cuda(at::TensorIteratorBase&)::{lambda()#3}::operator()() const::{lambda()#4}::operator()() const::{lambda(long)#1}, std::array<char*, 2ul>, TrivialOffsetCalculator<1, unsigned int>, TrivialOffsetCalculator<1, unsigned int>, at::native::memory::LoadWithCast<1>, at::native::memory::StoreWithCast<1>)",44,operator_shape_matched,"[[31],[31],[]]","[""long int"",""int"",""Scalar""]",null,1,1.792
aten::copy_,"void at::native::unrolled_elementwise_kernel<at::native::direct_copy_kernel_cuda(at::TensorIteratorBase&)::{lambda()#3}::operator()() const::{lambda()#4}::operator()() const::{lambda(long)#1}, std::array<char*, 2ul>, 4, TrivialOffsetCalculator<1, unsigned int>, TrivialOffsetCalculator<1, unsigned int>, at::native::memory::LoadWithCast<1>, at::native::memory::StoreWithCast<1> >(int, at::native::direct_copy_kernel_cuda(at::TensorIteratorBase&)::{lambda()#3}::operator()() const::{lambda()#4}::operator()() const::{lambda(long)#1}, std::array<char*, 2ul>, TrivialOffsetCalculator<1, unsigned int>, TrivialOffsetCalculator<1, unsigned int>, at::native::memory::LoadWithCast<1>, at::native::memory::StoreWithCast<1>)",45,operator_shape_matched,"[[45],[45],[]]","[""long int"",""int"",""Scalar""]",null,1,1.792
aten::copy_,"void at::native::unrolled_elementwise_kernel<at::native::direct_copy_kernel_cuda(at::TensorIteratorBase&)::{lambda()#3}::operator()() const::{lambda()#4}::operator()() const::{lambda(long)#1}, std::array<char*, 2ul>, 4, TrivialOffsetCalculator<1, unsigned int>, TrivialOffsetCalculator<1, unsigned int>, at::native::memory::LoadWithCast<1>, at::native::memory::StoreWithCast<1> >(int, at::native::direct_copy_kernel_cuda(at::TensorIteratorBase&)::{lambda()#3}::operator()() const::{lambda()#4}::operator()() const::{lambda(long)#1}, std::array<char*, 2ul>, TrivialOffsetCalculator<1, unsigned int>, TrivialOffsetCalculator<1, unsigned int>, at::native::memory::LoadWithCast<1>, at::native::memory::StoreWithCast<1>)",46,operator_shape_matched,"[[51],[51],[]]","[""long int"",""int"",""Scalar""]",null,1,1.792
aten::copy_,"void at::native::unrolled_elementwise_kernel<at::native::direct_copy_kernel_cuda(at::TensorIteratorBase&)::{lambda()#3}::operator()() const::{lambda()#4}::operator()() const::{lambda(long)#1}, std::array<char*, 2ul>, 4, TrivialOffsetCalculator<1, unsigned int>, TrivialOffsetCalculator<1, unsigned int>, at::native::memory::LoadWithCast<1>, at::native::memory::StoreWithCast<1> >(int, at::native::direct_copy_kernel_cuda(at::TensorIteratorBase&)::{lambda()#3}::operator()() const::{lambda()#4}::operator()() const::{lambda(long)#1}, std::array<char*, 2ul>, TrivialOffsetCalculator<1, unsigned int>, TrivialOffsetCalculator<1, unsigned int>, at::native::memory::LoadWithCast<1>, at::native::memory::StoreWithCast<1>)",47,operator_shape_matched,"[[59],[59],[]]","[""long int"",""int"",""Scalar""]",null,1,1.792
aten::copy_,"void at::native::unrolled_elementwise_kernel<at::native::direct_copy_kernel_cuda(at::TensorIteratorBase&)::{lambda()#3}::operator()() const::{lambda()#4}::operator()() const::{lambda(long)#1}, std::array<char*, 2ul>, 4, TrivialOffsetCalculator<1, unsigned int>, TrivialOffsetCalculator<1, unsigned int>, at::native::memory::LoadWithCast<1>, at::native::memory::StoreWithCast<1> >(int, at::native::direct_copy_kernel_cuda(at::TensorIteratorBase&)::{lambda()#3}::operator()() const::{lambda()#4}::operator()() const::{lambda(long)#1}, std::array<char*, 2ul>, TrivialOffsetCalculator<1, unsigned int>, TrivialOffsetCalculator<1, unsigned int>, at::native::memory::LoadWithCast<1>, at::native::memory::StoreWithCast<1>)",48,operator_shape_matched,"[[11],[11],[]]","[""long int"",""int"",""Scalar""]",null,1,1.76
aten::copy_,"void at::native::unrolled_elementwise_kernel<at::native::direct_copy_kernel_cuda(at::TensorIteratorBase&)::{lambda()#3}::operator()() const::{lambda()#4}::operator()() const::{lambda(long)#1}, std::array<char*, 2ul>, 4, TrivialOffsetCalculator<1, unsigned int>, TrivialOffsetCalculator<1, unsigned int>, at::native::memory::LoadWithCast<1>, at::native::memory::StoreWithCast<1> >(int, at::native::direct_copy_kernel_cuda(at::TensorIteratorBase&)::{lambda()#3}::operator()() const::{lambda()#4}::operator()() const::{lambda(long)#1}, std::array<char*, 2ul>, TrivialOffsetCalculator<1, unsigned int>, TrivialOffsetCalculator<1, unsigned int>, at::native::memory::LoadWithCast<1>, at::native::memory::StoreWithCast<1>)",49,operator_shape_matched,"[[19],[19],[]]","[""long int"",""int"",""Scalar""]",null,1,1.76
aten::copy_,"void at::native::unrolled_elementwise_kernel<at::native::direct_copy_kernel_cuda(at::TensorIteratorBase&)::{lambda()#3}::operator()() const::{lambda()#4}::operator()() const::{lambda(long)#1}, std::array<char*, 2ul>, 4, TrivialOffsetCalculator<1, unsigned int>, TrivialOffsetCalculator<1, unsigned int>, at::native::memory::LoadWithCast<1>, at::native::memory::StoreWithCast<1> >(int, at::native::direct_copy_kernel_cuda(at::TensorIteratorBase&)::{lambda()#3}::operator()() const::{lambda()#4}::operator()() const::{lambda(long)#1}, std::array<char*, 2ul>, TrivialOffsetCalculator<1, unsigned int>, TrivialOffsetCalculator<1, unsigned int>, at::native::memory::LoadWithCast<1>, at::native::memory::StoreWithCast<1>)",50,operator_shape_matched,"[[27],[27],[]]","[""long int"",""int"",""Scalar""]",null,1,1.76
aten::copy_,"void at::native::unrolled_elementwise_kernel<at::native::direct_copy_kernel_cuda(at::TensorIteratorBase&)::{lambda()#3}::operator()() const::{lambda()#4}::operator()() const::{lambda(long)#1}, std::array<char*, 2ul>, 4, TrivialOffsetCalculator<1, unsigned int>, TrivialOffsetCalculator<1, unsigned int>, at::native::memory::LoadWithCast<1>, at::native::memory::StoreWithCast<1> >(int, at::native::direct_copy_kernel_cuda(at::TensorIteratorBase&)::{lambda()#3}::operator()() const::{lambda()#4}::operator()() const::{lambda(long)#1}, std::array<char*, 2ul>, TrivialOffsetCalculator<1, unsigned int>, TrivialOffsetCalculator<1, unsigned int>, at::native::memory::LoadWithCast<1>, at::native::memory::StoreWithCast<1>)",51,operator_shape_matched,"[[29],[29],[]]","[""long int"",""int"",""Scalar""]",null,1,1.76
aten::copy_,"void at::native::unrolled_elementwise_kernel<at::native::direct_copy_kernel_cuda(at::TensorIteratorBase&)::{lambda()#3}::operator()() const::{lambda()#4}::operator()() const::{lambda(long)#1}, std::array<char*, 2ul>, 4, TrivialOffsetCalculator<1, unsigned int>, TrivialOffsetCalculator<1, unsigned int>, at::native::memory::LoadWithCast<1>, at::native::memory::StoreWithCast<1> >(int, at::native::direct_copy_kernel_cuda(at::TensorIteratorBase&)::{lambda()#3}::operator()() const::{lambda()#4}::operator()() const::{lambda(long)#1}, std::array<char*, 2ul>, TrivialOffsetCalculator<1, unsigned int>, TrivialOffsetCalculator<1, unsigned int>, at::native::memory::LoadWithCast<1>, at::native::memory::StoreWithCast<1>)",52,operator_shape_matched,"[[35],[35],[]]","[""long int"",""int"",""Scalar""]",null,1,1.76
aten::copy_,"void at::native::unrolled_elementwise_kernel<at::native::direct_copy_kernel_cuda(at::TensorIteratorBase&)::{lambda()#3}::operator()() const::{lambda()#4}::operator()() const::{lambda(long)#1}, std::array<char*, 2ul>, 4, TrivialOffsetCalculator<1, unsigned int>, TrivialOffsetCalculator<1, unsigned int>, at::native::memory::LoadWithCast<1>, at::native::memory::StoreWithCast<1> >(int, at::native::direct_copy_kernel_cuda(at::TensorIteratorBase&)::{lambda()#3}::operator()() const::{lambda()#4}::operator()() const::{lambda(long)#1}, std::array<char*, 2ul>, TrivialOffsetCalculator<1, unsigned int>, TrivialOffsetCalculator<1, unsigned int>, at::native::memory::LoadWithCast<1>, at::native::memory::StoreWithCast<1>)",53,operator_shape_matched,"[[43],[43],[]]","[""long int"",""int"",""Scalar""]",null,1,1.76
aten::copy_,"void at::native::unrolled_elementwise_kernel<at::native::direct_copy_kernel_cuda(at::TensorIteratorBase&)::{lambda()#3}::operator()() const::{lambda()#4}::operator()() const::{lambda(long)#1}, std::array<char*, 2ul>, 4, TrivialOffsetCalculator<1, unsigned int>, TrivialOffsetCalculator<1, unsigned int>, at::native::memory::LoadWithCast<1>, at::native::memory::StoreWithCast<1> >(int, at::native::direct_copy_kernel_cuda(at::TensorIteratorBase&)::{lambda()#3}::operator()() const::{lambda()#4}::operator()() const::{lambda(long)#1}, std::array<char*, 2ul>, TrivialOffsetCalculator<1, unsigned int>, TrivialOffsetCalculator<1, unsigned int>, at::native::memory::LoadWithCast<1>, at::native::memory::StoreWithCast<1>)",54,operator_shape_matched,"[[53],[53],[]]","[""long int"",""int"",""Scalar""]",null,1,1.76
aten::copy_,"void at::native::unrolled_elementwise_kernel<at::native::direct_copy_kernel_cuda(at::TensorIteratorBase&)::{lambda()#3}::operator()() const::{lambda()#4}::operator()() const::{lambda(long)#1}, std::array<char*, 2ul>, 4, TrivialOffsetCalculator<1, unsigned int>, TrivialOffsetCalculator<1, unsigned int>, at::native::memory::LoadWithCast<1>, at::native::memory::StoreWithCast<1> >(int, at::native::direct_copy_kernel_cuda(at::TensorIteratorBase&)::{lambda()#3}::operator()() const::{lambda()#4}::operator()() const::{lambda(long)#1}, std::array<char*, 2ul>, TrivialOffsetCalculator<1, unsigned int>, TrivialOffsetCalculator<1, unsigned int>, at::native::memory::LoadWithCast<1>, at::native::memory::StoreWithCast<1>)",55,operator_shape_matched,"[[61],[61],[]]","[""long int"",""int"",""Scalar""]",null,1,1.76
aten::copy_,"void at::native::unrolled_elementwise_kernel<at::native::direct_copy_kernel_cuda(at::TensorIteratorBase&)::{lambda()#3}::operator()() const::{lambda()#4}::operator()() const::{lambda(long)#1}, std::array<char*, 2ul>, 4, TrivialOffsetCalculator<1, unsigned int>, TrivialOffsetCalculator<1, unsigned int>, at::native::memory::LoadWithCast<1>, at::native::memory::StoreWithCast<1> >(int, at::native::direct_copy_kernel_cuda(at::TensorIteratorBase&)::{lambda()#3}::operator()() const::{lambda()#4}::operator()() const::{lambda(long)#1}, std::array<char*, 2ul>, TrivialOffsetCalculator<1, unsigned int>, TrivialOffsetCalculator<1, unsigned int>, at::native::memory::LoadWithCast<1>, at::native::memory::StoreWithCast<1>)",56,operator_shape_matched,"[[13],[13],[]]","[""long int"",""int"",""Scalar""]",null,1,1.728
aten::copy_,"void at::native::unrolled_elementwise_kernel<at::native::direct_copy_kernel_cuda(at::TensorIteratorBase&)::{lambda()#3}::operator()() const::{lambda()#4}::operator()() const::{lambda(long)#1}, std::array<char*, 2ul>, 4, TrivialOffsetCalculator<1, unsigned int>, TrivialOffsetCalculator<1, unsigned int>, at::native::memory::LoadWithCast<1>, at::native::memory::StoreWithCast<1> >(int, at::native::direct_copy_kernel_cuda(at::TensorIteratorBase&)::{lambda()#3}::operator()() const::{lambda()#4}::operator()() const::{lambda(long)#1}, std::array<char*, 2ul>, TrivialOffsetCalculator<1, unsigned int>, TrivialOffsetCalculator<1, unsigned int>, at::native::memory::LoadWithCast<1>, at::native::memory::StoreWithCast<1>)",57,operator_shape_matched,"[[47],[47],[]]","[""long int"",""int"",""Scalar""]",null,1,1.696
aten::copy_,"void at::native::unrolled_elementwise_kernel<at::native::direct_copy_kernel_cuda(at::TensorIteratorBase&)::{lambda()#3}::operator()() const::{lambda()#4}::operator()() const::{lambda(long)#1}, std::array<char*, 2ul>, 4, TrivialOffsetCalculator<1, unsigned int>, TrivialOffsetCalculator<1, unsigned int>, at::native::memory::LoadWithCast<1>, at::native::memory::StoreWithCast<1> >(int, at::native::direct_copy_kernel_cuda(at::TensorIteratorBase&)::{lambda()#3}::operator()() const::{lambda()#4}::operator()() const::{lambda(long)#1}, std::array<char*, 2ul>, TrivialOffsetCalculator<1, unsigned int>, TrivialOffsetCalculator<1, unsigned int>, at::native::memory::LoadWithCast<1>, at::native::memory::StoreWithCast<1>)",58,operator_shape_matched,"[[57],[57],[]]","[""long int"",""int"",""Scalar""]",null,1,1.696
aten::copy_,"void at::native::unrolled_elementwise_kernel<at::native::direct_copy_kernel_cuda(at::TensorIteratorBase&)::{lambda()#3}::operator()() const::{lambda()#4}::operator()() const::{lambda(long)#1}, std::array<char*, 2ul>, 4, TrivialOffsetCalculator<1, unsigned int>, TrivialOffsetCalculator<1, unsigned int>, at::native::memory::LoadWithCast<1>, at::native::memory::StoreWithCast<1> >(int, at::native::direct_copy_kernel_cuda(at::TensorIteratorBase&)::{lambda()#3}::operator()() const::{lambda()#4}::operator()() const::{lambda(long)#1}, std::array<char*, 2ul>, TrivialOffsetCalculator<1, unsigned int>, TrivialOffsetCalculator<1, unsigned int>, at::native::memory::LoadWithCast<1>, at::native::memory::StoreWithCast<1>)",59,operator_shape_matched,"[[55],[55],[]]","[""long int"",""int"",""Scalar""]",null,1,1.665
aten::copy_,"void at::native::unrolled_elementwise_kernel<at::native::direct_copy_kernel_cuda(at::TensorIteratorBase&)::{lambda()#3}::operator()() const::{lambda()#4}::operator()() const::{lambda(long)#1}, std::array<char*, 2ul>, 4, TrivialOffsetCalculator<1, unsigned int>, TrivialOffsetCalculator<1, unsigned int>, at::native::memory::LoadWithCast<1>, at::native::memory::StoreWithCast<1> >(int, at::native::direct_copy_kernel_cuda(at::TensorIteratorBase&)::{lambda()#3}::operator()() const::{lambda()#4}::operator()() const::{lambda(long)#1}, std::array<char*, 2ul>, TrivialOffsetCalculator<1, unsigned int>, TrivialOffsetCalculator<1, unsigned int>, at::native::memory::LoadWithCast<1>, at::native::memory::StoreWithCast<1>)",60,operator_shape_matched,"[[15],[15],[]]","[""long int"",""int"",""Scalar""]",null,1,1.632
aten::copy_,"void at::native::unrolled_elementwise_kernel<at::native::direct_copy_kernel_cuda(at::TensorIteratorBase&)::{lambda()#3}::operator()() const::{lambda()#4}::operator()() const::{lambda(long)#1}, std::array<char*, 2ul>, 4, TrivialOffsetCalculator<1, unsigned int>, TrivialOffsetCalculator<1, unsigned int>, at::native::memory::LoadWithCast<1>, at::native::memory::StoreWithCast<1> >(int, at::native::direct_copy_kernel_cuda(at::TensorIteratorBase&)::{lambda()#3}::operator()() const::{lambda()#4}::operator()() const::{lambda(long)#1}, std::array<char*, 2ul>, TrivialOffsetCalculator<1, unsigned int>, TrivialOffsetCalculator<1, unsigned int>, at::native::memory::LoadWithCast<1>, at::native::memory::StoreWithCast<1>)",61,operator_shape_matched,"[[17],[17],[]]","[""long int"",""int"",""Scalar""]",null,1,1.632
aten::copy_,"void at::native::unrolled_elementwise_kernel<at::native::direct_copy_kernel_cuda(at::TensorIteratorBase&)::{lambda()#3}::operator()() const::{lambda()#4}::operator()() const::{lambda(long)#1}, std::array<char*, 2ul>, 4, TrivialOffsetCalculator<1, unsigned int>, TrivialOffsetCalculator<1, unsigned int>, at::native::memory::LoadWithCast<1>, at::native::memory::StoreWithCast<1> >(int, at::native::direct_copy_kernel_cuda(at::TensorIteratorBase&)::{lambda()#3}::operator()() const::{lambda()#4}::operator()() const::{lambda(long)#1}, std::array<char*, 2ul>, TrivialOffsetCalculator<1, unsigned int>, TrivialOffsetCalculator<1, unsigned int>, at::native::memory::LoadWithCast<1>, at::native::memory::StoreWithCast<1>)",62,operator_shape_matched,"[[23],[23],[]]","[""long int"",""int"",""Scalar""]",null,1,1.632
aten::copy_,"void at::native::unrolled_elementwise_kernel<at::native::direct_copy_kernel_cuda(at::TensorIteratorBase&)::{lambda()#3}::operator()() const::{lambda()#4}::operator()() const::{lambda(long)#1}, std::array<char*, 2ul>, 4, TrivialOffsetCalculator<1, unsigned int>, TrivialOffsetCalculator<1, unsigned int>, at::native::memory::LoadWithCast<1>, at::native::memory::StoreWithCast<1> >(int, at::native::direct_copy_kernel_cuda(at::TensorIteratorBase&)::{lambda()#3}::operator()() const::{lambda()#4}::operator()() const::{lambda(long)#1}, std::array<char*, 2ul>, TrivialOffsetCalculator<1, unsigned int>, TrivialOffsetCalculator<1, unsigned int>, at::native::memory::LoadWithCast<1>, at::native::memory::StoreWithCast<1>)",63,operator_shape_matched,"[[25],[25],[]]","[""long int"",""int"",""Scalar""]",null,1,1.6
aten::copy_,"void at::native::unrolled_elementwise_kernel<at::native::direct_copy_kernel_cuda(at::TensorIteratorBase&)::{lambda()#3}::operator()() const::{lambda()#4}::operator()() const::{lambda(long)#1}, std::array<char*, 2ul>, 4, TrivialOffsetCalculator<1, unsigned int>, TrivialOffsetCalculator<1, unsigned int>, at::native::memory::LoadWithCast<1>, at::native::memory::StoreWithCast<1> >(int, at::native::direct_copy_kernel_cuda(at::TensorIteratorBase&)::{lambda()#3}::operator()() const::{lambda()#4}::operator()() const::{lambda(long)#1}, std::array<char*, 2ul>, TrivialOffsetCalculator<1, unsigned int>, TrivialOffsetCalculator<1, unsigned int>, at::native::memory::LoadWithCast<1>, at::native::memory::StoreWithCast<1>)",64,operator_shape_matched,"[[33],[33],[]]","[""long int"",""int"",""Scalar""]",null,1,1.6
aten::copy_,"void at::native::unrolled_elementwise_kernel<at::native::direct_copy_kernel_cuda(at::TensorIteratorBase&)::{lambda()#3}::operator()() const::{lambda()#4}::operator()() const::{lambda(long)#1}, std::array<char*, 2ul>, 4, TrivialOffsetCalculator<1, unsigned int>, TrivialOffsetCalculator<1, unsigned int>, at::native::memory::LoadWithCast<1>, at::native::memory::StoreWithCast<1> >(int, at::native::direct_copy_kernel_cuda(at::TensorIteratorBase&)::{lambda()#3}::operator()() const::{lambda()#4}::operator()() const::{lambda(long)#1}, std::array<char*, 2ul>, TrivialOffsetCalculator<1, unsigned int>, TrivialOffsetCalculator<1, unsigned int>, at::native::memory::LoadWithCast<1>, at::native::memory::StoreWithCast<1>)",65,operator_shape_matched,"[[39],[39],[]]","[""long int"",""int"",""Scalar""]",null,1,1.6
aten::copy_,"void at::native::unrolled_elementwise_kernel<at::native::direct_copy_kernel_cuda(at::TensorIteratorBase&)::{lambda()#3}::operator()() const::{lambda()#4}::operator()() const::{lambda(long)#1}, std::array<char*, 2ul>, 4, TrivialOffsetCalculator<1, unsigned int>, TrivialOffsetCalculator<1, unsigned int>, at::native::memory::LoadWithCast<1>, at::native::memory::StoreWithCast<1> >(int, at::native::direct_copy_kernel_cuda(at::TensorIteratorBase&)::{lambda()#3}::operator()() const::{lambda()#4}::operator()() const::{lambda(long)#1}, std::array<char*, 2ul>, TrivialOffsetCalculator<1, unsigned int>, TrivialOffsetCalculator<1, unsigned int>, at::native::memory::LoadWithCast<1>, at::native::memory::StoreWithCast<1>)",66,operator_shape_matched,"[[41],[41],[]]","[""long int"",""int"",""Scalar""]",null,1,1.6
aten::copy_,"void at::native::unrolled_elementwise_kernel<at::native::direct_copy_kernel_cuda(at::TensorIteratorBase&)::{lambda()#3}::operator()() const::{lambda()#4}::operator()() const::{lambda(long)#1}, std::array<char*, 2ul>, 4, TrivialOffsetCalculator<1, unsigned int>, TrivialOffsetCalculator<1, unsigned int>, at::native::memory::LoadWithCast<1>, at::native::memory::StoreWithCast<1> >(int, at::native::direct_copy_kernel_cuda(at::TensorIteratorBase&)::{lambda()#3}::operator()() const::{lambda()#4}::operator()() const::{lambda(long)#1}, std::array<char*, 2ul>, TrivialOffsetCalculator<1, unsigned int>, TrivialOffsetCalculator<1, unsigned int>, at::native::memory::LoadWithCast<1>, at::native::memory::StoreWithCast<1>)",67,operator_shape_matched,"[[7],[7],[]]","[""long int"",""int"",""Scalar""]",null,1,1.6
aten::_index_put_impl_,"void at::native::index_elementwise_kernel<128, 4, at::native::gpu_index_kernel<at::native::index_put_kernel_impl<at::native::OpaqueType<4> >(at::TensorIterator&, c10::ArrayRef<long>, c10::ArrayRef<long>)::{lambda(char*, char const*, long)#1}>(at::TensorIteratorBase&, c10::ArrayRef<long>, c10::ArrayRef<long>, at::native::index_put_kernel_impl<at::native::OpaqueType<4> >(at::TensorIterator&, c10::ArrayRef<long>, c10::ArrayRef<long>)::{lambda(char*, char const*, long)#1} const&, bool)::{lambda(int)#1}>(long, at::native::gpu_index_kernel<at::native::index_put_kernel_impl<at::native::OpaqueType<4> >(at::TensorIterator&, c10::ArrayRef<long>, c10::ArrayRef<long>)::{lambda(char*, char const*, long)#1}>(at::TensorIteratorBase&, c10::ArrayRef<long>, c10::ArrayRef<long>, at::native::index_put_kernel_impl<at::native::OpaqueType<4> >(at::TensorIterator&, c10::ArrayRef<long>, c10::ArrayRef<long>)::{lambda(char*, char const*, long)#1} const&, bool)::{lambda(int)#1})",1,operator_shape_matched,"[[3625,16,128,128],[],[3,16,128,128],[],[]]","[""float"","""",""float"",""Scalar"",""Scalar""]",null,870,4694.011
aten::_index_put_impl_,"void at::native::index_elementwise_kernel<128, 4, at::native::gpu_index_kernel<at::native::index_put_kernel_impl<at::native::OpaqueType<4> >(at::TensorIterator&, c10::ArrayRef<long>, c10::ArrayRef<long>)::{lambda(char*, char const*, long)#1}>(at::TensorIteratorBase&, c10::ArrayRef<long>, c10::ArrayRef<long>, at::native::index_put_kernel_impl<at::native::OpaqueType<4> >(at::TensorIterator&, c10::ArrayRef<long>, c10::ArrayRef<long>)::{lambda(char*, char const*, long)#1} const&, bool)::{lambda(int)#1}>(long, at::native::gpu_index_kernel<at::native::index_put_kernel_impl<at::native::OpaqueType<4> >(at::TensorIterator&, c10::ArrayRef<long>, c10::ArrayRef<long>)::{lambda(char*, char const*, long)#1}>(at::TensorIteratorBase&, c10::ArrayRef<long>, c10::ArrayRef<long>, at::native::index_put_kernel_impl<at::native::OpaqueType<4> >(at::TensorIterator&, c10::ArrayRef<long>, c10::ArrayRef<long>)::{lambda(char*, char const*, long)#1} const&, bool)::{lambda(int)#1})",2,operator_shape_matched,"[[3625,16,128,128],[],[2,16,128,128],[],[]]","[""float"","""",""float"",""Scalar"",""Scalar""]",null,90,414.25
aten::_index_put_impl_,"void at::native::index_elementwise_kernel<128, 4, at::native::gpu_index_kernel<at::native::index_put_kernel_impl<at::native::OpaqueType<4> >(at::TensorIterator&, c10::ArrayRef<long>, c10::ArrayRef<long>)::{lambda(char*, char const*, long)#1}>(at::TensorIteratorBase&, c10::ArrayRef<long>, c10::ArrayRef<long>, at::native::index_put_kernel_impl<at::native::OpaqueType<4> >(at::TensorIterator&, c10::ArrayRef<long>, c10::ArrayRef<long>)::{lambda(char*, char const*, long)#1} const&, bool)::{lambda(int)#1}>(long, at::native::gpu_index_kernel<at::native::index_put_kernel_impl<at::native::OpaqueType<4> >(at::TensorIterator&, c10::ArrayRef<long>, c10::ArrayRef<long>)::{lambda(char*, char const*, long)#1}>(at::TensorIteratorBase&, c10::ArrayRef<long>, c10::ArrayRef<long>, at::native::index_put_kernel_impl<at::native::OpaqueType<4> >(at::TensorIterator&, c10::ArrayRef<long>, c10::ArrayRef<long>)::{lambda(char*, char const*, long)#1} const&, bool)::{lambda(int)#1})",3,operator_shape_matched,"[[3625,16,128,128],[],[16,128,128],[],[]]","[""float"","""",""float"",""Scalar"",""Scalar""]",null,30,117.795
aten::index,"void at::native::vectorized_gather_kernel<16, long>(char*, char*, long*, int, long, long, long, long, bool)",1,operator_shape_matched,"[[3625,16,128,128],[]]","[""float"",""""]",null,960,4275.675
aten::index,"void at::native::vectorized_gather_kernel<16, long>(char*, char*, long*, int, long, long, long, long, bool)",2,operator_shape_matched,"[[64,2048],[]]","[""c10::BFloat16"",""""]",null,239,396.106
aten::index,"void at::native::vectorized_gather_kernel<16, long>(char*, char*, long*, int, long, long, long, long, bool)",3,operator_shape_matched,"[[8192,2048],[]]","[""c10::BFloat16"",""""]",null,31,61.697
aten::index,"void at::native::vectorized_gather_kernel<16, long>(char*, char*, long*, int, long, long, long, long, bool)",4,operator_shape_matched,"[[32,2048],[]]","[""c10::BFloat16"",""""]",null,8,13.248
aten::index,"void at::native::vectorized_gather_kernel<16, long>(char*, char*, long*, int, long, long, long, long, bool)",5,operator_shape_matched,"[[16,2048],[]]","[""c10::BFloat16"",""""]",null,4,6.657
aten::index,"void at::native::vectorized_gather_kernel<16, long>(char*, char*, long*, int, long, long, long, long, bool)",6,operator_shape_matched,"[[8,2048],[]]","[""c10::BFloat16"",""""]",null,2,3.231
aten::index,"void at::native::vectorized_gather_kernel<16, long>(char*, char*, long*, int, long, long, long, long, bool)",7,operator_shape_matched,"[[5089,2048],[]]","[""c10::BFloat16"",""""]",null,1,2.112
aten::index,"void at::native::vectorized_gather_kernel<16, long>(char*, char*, long*, int, long, long, long, long, bool)",8,operator_shape_matched,"[[4,2048],[]]","[""c10::BFloat16"",""""]",null,1,1.631
aten::index,"void at::native::vectorized_gather_kernel<16, long>(char*, char*, long*, int, long, long, long, long, bool)",9,operator_shape_matched,"[[2,2048],[]]","[""c10::BFloat16"",""""]",null,1,1.6
null,_compute_slot_mapping_kernel,1,missing_external_id,null,null,null,1156,3303.362
aten::masked_fill_,masked_fill_kernel_kernel_rank_4,1,operator_shape_matched,"[[3,16,128,128],[3,1,1,1],[]]","[""float"",""bool"",""Scalar""]",null,870,2794.172
aten::masked_fill_,masked_fill_kernel_kernel_rank_4,2,operator_shape_matched,"[[2,16,128,128],[2,1,1,1],[]]","[""float"",""bool"",""Scalar""]",null,90,236.938
aten::masked_fill_,masked_fill_kernel_kernel_rank_4,3,operator_shape_matched,"[[1,16,128,128],[1,1,1,1],[]]","[""float"",""bool"",""Scalar""]",null,30,61.285
null,triton_poi_fused_3,1,missing_external_id,null,null,null,2304,2416.181
triton_poi_fused_3,triton_poi_fused_3,2,operator_shape_matched,"[[8192,32],[8192,16],[8192,16],[],[]]","[""c10::BFloat16"",""c10::BFloat16"",""c10::BFloat16"",""Scalar"",""Scalar""]",null,279,385.788
triton_poi_fused_3,triton_poi_fused_3,3,operator_shape_matched,"[[5089,32],[5089,16],[5089,16],[],[]]","[""c10::BFloat16"",""c10::BFloat16"",""c10::BFloat16"",""Scalar"",""Scalar""]",null,9,12.703
triton_poi_fused_3,triton_poi_fused_3,4,operator_shape_matched,"[[4096,32],[4096,16],[4096,16],[],[]]","[""c10::BFloat16"",""c10::BFloat16"",""c10::BFloat16"",""Scalar"",""Scalar""]",null,9,12.288
null,nvjet_tst_64x8_64x16_4x2_h_bz_TNT,1,missing_external_id,null,null,null,480,2251.459
null,nvjet_tst_8x64_64x16_4x1_v_bz_TNN,1,missing_external_id,null,null,null,320,1804.413
aten::sub,sub_func_kernel_rank_1,1,operator_shape_matched,"[[64],[64],[]]","[""int"",""int"",""Scalar""]",null,1440,1444.781
aten::sub,sub_func_kernel_rank_1,2,operator_shape_matched,"[[32],[32],[]]","[""int"",""int"",""Scalar""]",null,48,48.162
aten::sub,sub_func_kernel_rank_1,3,operator_shape_matched,"[[16],[16],[]]","[""int"",""int"",""Scalar""]",null,24,23.97
aten::sub,sub_func_kernel_rank_1,4,operator_shape_matched,"[[8],[8],[]]","[""int"",""int"",""Scalar""]",null,12,12.256
aten::sub,sub_func_kernel_rank_1,5,operator_shape_matched,"[[1],[1],[]]","[""int"",""int"",""Scalar""]",null,12,12.226
aten::sub,sub_func_kernel_rank_1,6,operator_shape_matched,"[[35],[35],[]]","[""int"",""int"",""Scalar""]",null,6,6.367
aten::sub,sub_func_kernel_rank_1,7,operator_shape_matched,"[[45],[45],[]]","[""int"",""int"",""Scalar""]",null,6,6.337
aten::sub,sub_func_kernel_rank_1,8,operator_shape_matched,"[[23],[23],[]]","[""int"",""int"",""Scalar""]",null,6,6.336
aten::sub,sub_func_kernel_rank_1,9,operator_shape_matched,"[[53],[53],[]]","[""int"",""int"",""Scalar""]",null,6,6.336
aten::sub,sub_func_kernel_rank_1,10,operator_shape_matched,"[[9],[9],[]]","[""int"",""int"",""Scalar""]",null,6,6.336
aten::sub,sub_func_kernel_rank_1,11,operator_shape_matched,"[[19],[19],[]]","[""int"",""int"",""Scalar""]",null,6,6.302
aten::sub,sub_func_kernel_rank_1,12,operator_shape_matched,"[[25],[25],[]]","[""int"",""int"",""Scalar""]",null,6,6.271
aten::sub,sub_func_kernel_rank_1,13,operator_shape_matched,"[[17],[17],[]]","[""int"",""int"",""Scalar""]",null,6,6.241
aten::sub,sub_func_kernel_rank_1,14,operator_shape_matched,"[[21],[21],[]]","[""int"",""int"",""Scalar""]",null,6,6.241
aten::sub,sub_func_kernel_rank_1,15,operator_shape_matched,"[[27],[27],[]]","[""int"",""int"",""Scalar""]",null,6,6.239
aten::sub,sub_func_kernel_rank_1,16,operator_shape_matched,"[[2],[2],[]]","[""int"",""int"",""Scalar""]",null,6,6.238
aten::sub,sub_func_kernel_rank_1,17,operator_shape_matched,"[[5],[5],[]]","[""int"",""int"",""Scalar""]",null,6,6.209
aten::sub,sub_func_kernel_rank_1,18,operator_shape_matched,"[[15],[15],[]]","[""int"",""int"",""Scalar""]",null,6,6.208
aten::sub,sub_func_kernel_rank_1,19,operator_shape_matched,"[[55],[55],[]]","[""int"",""int"",""Scalar""]",null,6,6.208
aten::sub,sub_func_kernel_rank_1,20,operator_shape_matched,"[[7],[7],[]]","[""int"",""int"",""Scalar""]",null,6,6.208
aten::sub,sub_func_kernel_rank_1,21,operator_shape_matched,"[[11],[11],[]]","[""int"",""int"",""Scalar""]",null,6,6.177
aten::sub,sub_func_kernel_rank_1,22,operator_shape_matched,"[[13],[13],[]]","[""int"",""int"",""Scalar""]",null,6,6.177
aten::sub,sub_func_kernel_rank_1,23,operator_shape_matched,"[[49],[49],[]]","[""int"",""int"",""Scalar""]",null,6,6.177
aten::sub,sub_func_kernel_rank_1,24,operator_shape_matched,"[[43],[43],[]]","[""int"",""int"",""Scalar""]",null,6,6.174
aten::sub,sub_func_kernel_rank_1,25,operator_shape_matched,"[[47],[47],[]]","[""int"",""int"",""Scalar""]",null,6,6.147
aten::sub,sub_func_kernel_rank_1,26,operator_shape_matched,"[[29],[29],[]]","[""int"",""int"",""Scalar""]",null,6,6.145
aten::sub,sub_func_kernel_rank_1,27,operator_shape_matched,"[[31],[31],[]]","[""int"",""int"",""Scalar""]",null,6,6.145
aten::sub,sub_func_kernel_rank_1,28,operator_shape_matched,"[[63],[63],[]]","[""int"",""int"",""Scalar""]",null,6,6.145
aten::sub,sub_func_kernel_rank_1,29,operator_shape_matched,"[[33],[33],[]]","[""int"",""int"",""Scalar""]",null,6,6.144
aten::sub,sub_func_kernel_rank_1,30,operator_shape_matched,"[[51],[51],[]]","[""int"",""int"",""Scalar""]",null,6,6.144
aten::sub,sub_func_kernel_rank_1,31,operator_shape_matched,"[[57],[57],[]]","[""int"",""int"",""Scalar""]",null,6,6.144
aten::sub,sub_func_kernel_rank_1,32,operator_shape_matched,"[[59],[59],[]]","[""int"",""int"",""Scalar""]",null,6,6.144
aten::sub,sub_func_kernel_rank_1,33,operator_shape_matched,"[[37],[37],[]]","[""int"",""int"",""Scalar""]",null,6,6.143
aten::sub,sub_func_kernel_rank_1,34,operator_shape_matched,"[[41],[41],[]]","[""int"",""int"",""Scalar""]",null,6,6.142
aten::sub,sub_func_kernel_rank_1,35,operator_shape_matched,"[[39],[39],[]]","[""int"",""int"",""Scalar""]",null,6,6.111
aten::sub,sub_func_kernel_rank_1,36,operator_shape_matched,"[[3],[3],[]]","[""int"",""int"",""Scalar""]",null,6,6.111
aten::sub,sub_func_kernel_rank_1,37,operator_shape_matched,"[[61],[61],[]]","[""int"",""int"",""Scalar""]",null,6,6.111
aten::sub,sub_func_kernel_rank_1,38,operator_shape_matched,"[[4],[4],[]]","[""int"",""int"",""Scalar""]",null,6,6.019
null,nvjet_tst_64x8_64x16_4x1_v_bz_TNT,1,missing_external_id,null,null,null,280,1247.67
aten::mm,nvjet_tst_64x8_64x16_4x1_v_bz_TNT,2,operator_shape_matched,"[[4096,2048],[2048,1]]","[""c10::BFloat16"",""c10::BFloat16""]",null,40,398.498
aten::exp,exp_func_kernel_rank_1,1,operator_shape_matched,"[[5027,16]]","[""float""]",null,30,55.107
aten::exp,exp_func_kernel_rank_1,2,operator_shape_matched,"[[8142,16]]","[""float""]",null,30,52.898
aten::exp,exp_func_kernel_rank_1,3,operator_shape_matched,"[[8134,16]]","[""float""]",null,30,52.863
aten::exp,exp_func_kernel_rank_1,4,operator_shape_matched,"[[8138,16]]","[""float""]",null,30,52.673
aten::exp,exp_func_kernel_rank_1,5,operator_shape_matched,"[[8148,16]]","[""float""]",null,30,52.606
aten::exp,exp_func_kernel_rank_1,6,operator_shape_matched,"[[8140,16]]","[""float""]",null,30,52.481
aten::exp,exp_func_kernel_rank_1,7,operator_shape_matched,"[[8132,16]]","[""float""]",null,30,52.453
aten::exp,exp_func_kernel_rank_1,8,operator_shape_matched,"[[8154,16]]","[""float""]",null,30,52.447
aten::exp,exp_func_kernel_rank_1,9,operator_shape_matched,"[[8152,16]]","[""float""]",null,30,52.254
aten::exp,exp_func_kernel_rank_1,10,operator_shape_matched,"[[8136,16]]","[""float""]",null,30,52.228
aten::exp,exp_func_kernel_rank_1,11,operator_shape_matched,"[[8158,16]]","[""float""]",null,30,52.192
aten::exp,exp_func_kernel_rank_1,12,operator_shape_matched,"[[8144,16]]","[""float""]",null,30,52.159
aten::exp,exp_func_kernel_rank_1,13,operator_shape_matched,"[[8146,16]]","[""float""]",null,30,52.037
aten::exp,exp_func_kernel_rank_1,14,operator_shape_matched,"[[8150,16]]","[""float""]",null,30,51.807
aten::exp,exp_func_kernel_rank_1,15,operator_shape_matched,"[[8156,16]]","[""float""]",null,30,51.778
aten::exp,exp_func_kernel_rank_1,16,operator_shape_matched,"[[8160,16]]","[""float""]",null,30,51.068
aten::exp,exp_func_kernel_rank_1,17,operator_shape_matched,"[[8164,16]]","[""float""]",null,30,50.974
aten::exp,exp_func_kernel_rank_1,18,operator_shape_matched,"[[8162,16]]","[""float""]",null,30,50.846
aten::exp,exp_func_kernel_rank_1,19,operator_shape_matched,"[[8166,16]]","[""float""]",null,30,50.05
aten::exp,exp_func_kernel_rank_1,20,operator_shape_matched,"[[8170,16]]","[""float""]",null,30,49.573
aten::exp,exp_func_kernel_rank_1,21,operator_shape_matched,"[[8168,16]]","[""float""]",null,30,49.088
aten::exp,exp_func_kernel_rank_1,22,operator_shape_matched,"[[8172,16]]","[""float""]",null,30,48.453
aten::exp,exp_func_kernel_rank_1,23,operator_shape_matched,"[[8174,16]]","[""float""]",null,30,47.875
aten::exp,exp_func_kernel_rank_1,24,operator_shape_matched,"[[8176,16]]","[""float""]",null,30,46.782
aten::exp,exp_func_kernel_rank_1,25,operator_shape_matched,"[[8178,16]]","[""float""]",null,30,45.92
aten::exp,exp_func_kernel_rank_1,26,operator_shape_matched,"[[8180,16]]","[""float""]",null,30,44.673
aten::exp,exp_func_kernel_rank_1,27,operator_shape_matched,"[[8182,16]]","[""float""]",null,30,43.615
aten::exp,exp_func_kernel_rank_1,28,operator_shape_matched,"[[8184,16]]","[""float""]",null,30,42.657
aten::exp,exp_func_kernel_rank_1,29,operator_shape_matched,"[[8191,16]]","[""float""]",null,30,42.37
aten::exp,exp_func_kernel_rank_1,30,operator_shape_matched,"[[8186,16]]","[""float""]",null,30,42.051
aten::exp,exp_func_kernel_rank_1,31,operator_shape_matched,"[[8188,16]]","[""float""]",null,30,41.891
aten::exp,exp_func_kernel_rank_1,32,operator_shape_matched,"[[8189,16]]","[""float""]",null,30,41.794
aten::exp,exp_func_kernel_rank_1,33,operator_shape_matched,"[[4096,16]]","[""float""]",null,30,40.255
aten::mm,nvjet_tst_256x8_64x6_2x1_v_bz_TNT,1,operator_shape_matched,"[[1,2048],[2048,124160]]","[""c10::BFloat16"",""c10::BFloat16""]",null,2,341.256
aten::mm,nvjet_tst_256x8_64x6_2x1_v_bz_TNT,2,operator_shape_matched,"[[7,2048],[2048,124160]]","[""c10::BFloat16"",""c10::BFloat16""]",null,1,176.548
aten::mm,nvjet_tst_256x8_64x6_2x1_v_bz_TNT,3,operator_shape_matched,"[[5,2048],[2048,124160]]","[""c10::BFloat16"",""c10::BFloat16""]",null,1,175.3
aten::mm,nvjet_tst_256x8_64x6_2x1_v_bz_TNT,4,operator_shape_matched,"[[3,2048],[2048,124160]]","[""c10::BFloat16"",""c10::BFloat16""]",null,1,174.724
aten::mm,nvjet_tst_256x8_64x6_2x1_v_bz_TNT,5,operator_shape_matched,"[[8,2048],[2048,124160]]","[""c10::BFloat16"",""c10::BFloat16""]",null,1,169.315
aten::mm,nvjet_tst_256x8_64x6_2x1_v_bz_TNT,6,operator_shape_matched,"[[6,2048],[2048,124160]]","[""c10::BFloat16"",""c10::BFloat16""]",null,1,169.188
aten::mm,nvjet_tst_256x8_64x6_2x1_v_bz_TNT,7,operator_shape_matched,"[[4,2048],[2048,124160]]","[""c10::BFloat16"",""c10::BFloat16""]",null,1,168.099
aten::mm,nvjet_tst_256x8_64x6_2x1_v_bz_TNT,8,operator_shape_matched,"[[2,2048],[2048,124160]]","[""c10::BFloat16"",""c10::BFloat16""]",null,1,167.172
aten::cat,"void at::native::(anonymous namespace)::CatArrayBatchedCopy_vectorized<at::native::(anonymous namespace)::OpaqueType<2u>, unsigned int, 1, 128, 1, 16, 8>(char*, at::native::(anonymous namespace)::CatArrInputTensorMetadata<at::native::(anonymous namespace)::OpaqueType<2u>, unsigned int, 128, 1>, at::native::(anonymous namespace)::TensorSizeStride<unsigned int, 4u>, int, unsigned int)",1,operator_shape_matched,"[[[61440],[61440],[122880]],[]]","[""TensorList"",""Scalar""]",null,30,48.226
aten::cat,"void at::native::(anonymous namespace)::CatArrayBatchedCopy_vectorized<at::native::(anonymous namespace)::OpaqueType<2u>, unsigned int, 1, 128, 1, 16, 8>(char*, at::native::(anonymous namespace)::CatArrInputTensorMetadata<at::native::(anonymous namespace)::OpaqueType<2u>, unsigned int, 128, 1>, at::native::(anonymous namespace)::TensorSizeStride<unsigned int, 4u>, int, unsigned int)",2,operator_shape_matched,"[[[57344],[57344],[114688]],[]]","[""TensorList"",""Scalar""]",null,30,48.189
aten::cat,"void at::native::(anonymous namespace)::CatArrayBatchedCopy_vectorized<at::native::(anonymous namespace)::OpaqueType<2u>, unsigned int, 1, 128, 1, 16, 8>(char*, at::native::(anonymous namespace)::CatArrInputTensorMetadata<at::native::(anonymous namespace)::OpaqueType<2u>, unsigned int, 128, 1>, at::native::(anonymous namespace)::TensorSizeStride<unsigned int, 4u>, int, unsigned int)",3,operator_shape_matched,"[[[59392],[59392],[118784]],[]]","[""TensorList"",""Scalar""]",null,30,48.062
aten::cat,"void at::native::(anonymous namespace)::CatArrayBatchedCopy_vectorized<at::native::(anonymous namespace)::OpaqueType<2u>, unsigned int, 1, 128, 1, 16, 8>(char*, at::native::(anonymous namespace)::CatArrInputTensorMetadata<at::native::(anonymous namespace)::OpaqueType<2u>, unsigned int, 128, 1>, at::native::(anonymous namespace)::TensorSizeStride<unsigned int, 4u>, int, unsigned int)",4,operator_shape_matched,"[[[55296],[55296],[110592]],[]]","[""TensorList"",""Scalar""]",null,30,47.904
aten::cat,"void at::native::(anonymous namespace)::CatArrayBatchedCopy_vectorized<at::native::(anonymous namespace)::OpaqueType<2u>, unsigned int, 1, 128, 1, 16, 8>(char*, at::native::(anonymous namespace)::CatArrInputTensorMetadata<at::native::(anonymous namespace)::OpaqueType<2u>, unsigned int, 128, 1>, at::native::(anonymous namespace)::TensorSizeStride<unsigned int, 4u>, int, unsigned int)",5,operator_shape_matched,"[[[63488],[63488],[126976]],[]]","[""TensorList"",""Scalar""]",null,30,47.715
aten::cat,"void at::native::(anonymous namespace)::CatArrayBatchedCopy_vectorized<at::native::(anonymous namespace)::OpaqueType<2u>, unsigned int, 1, 128, 1, 16, 8>(char*, at::native::(anonymous namespace)::CatArrInputTensorMetadata<at::native::(anonymous namespace)::OpaqueType<2u>, unsigned int, 128, 1>, at::native::(anonymous namespace)::TensorSizeStride<unsigned int, 4u>, int, unsigned int)",6,operator_shape_matched,"[[[53248],[53248],[106496]],[]]","[""TensorList"",""Scalar""]",null,30,47.458
aten::cat,"void at::native::(anonymous namespace)::CatArrayBatchedCopy_vectorized<at::native::(anonymous namespace)::OpaqueType<2u>, unsigned int, 1, 128, 1, 16, 8>(char*, at::native::(anonymous namespace)::CatArrInputTensorMetadata<at::native::(anonymous namespace)::OpaqueType<2u>, unsigned int, 128, 1>, at::native::(anonymous namespace)::TensorSizeStride<unsigned int, 4u>, int, unsigned int)",7,operator_shape_matched,"[[[49152],[49152],[98304]],[]]","[""TensorList"",""Scalar""]",null,30,47.457
aten::cat,"void at::native::(anonymous namespace)::CatArrayBatchedCopy_vectorized<at::native::(anonymous namespace)::OpaqueType<2u>, unsigned int, 1, 128, 1, 16, 8>(char*, at::native::(anonymous namespace)::CatArrInputTensorMetadata<at::native::(anonymous namespace)::OpaqueType<2u>, unsigned int, 128, 1>, at::native::(anonymous namespace)::TensorSizeStride<unsigned int, 4u>, int, unsigned int)",8,operator_shape_matched,"[[[51200],[51200],[102400]],[]]","[""TensorList"",""Scalar""]",null,30,47.421
aten::cat,"void at::native::(anonymous namespace)::CatArrayBatchedCopy_vectorized<at::native::(anonymous namespace)::OpaqueType<2u>, unsigned int, 1, 128, 1, 16, 8>(char*, at::native::(anonymous namespace)::CatArrInputTensorMetadata<at::native::(anonymous namespace)::OpaqueType<2u>, unsigned int, 128, 1>, at::native::(anonymous namespace)::TensorSizeStride<unsigned int, 4u>, int, unsigned int)",9,operator_shape_matched,"[[[45056],[45056],[90112]],[]]","[""TensorList"",""Scalar""]",null,30,47.298
aten::cat,"void at::native::(anonymous namespace)::CatArrayBatchedCopy_vectorized<at::native::(anonymous namespace)::OpaqueType<2u>, unsigned int, 1, 128, 1, 16, 8>(char*, at::native::(anonymous namespace)::CatArrInputTensorMetadata<at::native::(anonymous namespace)::OpaqueType<2u>, unsigned int, 128, 1>, at::native::(anonymous namespace)::TensorSizeStride<unsigned int, 4u>, int, unsigned int)",10,operator_shape_matched,"[[[47104],[47104],[94208]],[]]","[""TensorList"",""Scalar""]",null,30,47.298
aten::cat,"void at::native::(anonymous namespace)::CatArrayBatchedCopy_vectorized<at::native::(anonymous namespace)::OpaqueType<2u>, unsigned int, 1, 128, 1, 16, 8>(char*, at::native::(anonymous namespace)::CatArrInputTensorMetadata<at::native::(anonymous namespace)::OpaqueType<2u>, unsigned int, 128, 1>, at::native::(anonymous namespace)::TensorSizeStride<unsigned int, 4u>, int, unsigned int)",11,operator_shape_matched,"[[[36864],[36864],[73728]],[]]","[""TensorList"",""Scalar""]",null,30,47.008
aten::cat,"void at::native::(anonymous namespace)::CatArrayBatchedCopy_vectorized<at::native::(anonymous namespace)::OpaqueType<2u>, unsigned int, 1, 128, 1, 16, 8>(char*, at::native::(anonymous namespace)::CatArrInputTensorMetadata<at::native::(anonymous namespace)::OpaqueType<2u>, unsigned int, 128, 1>, at::native::(anonymous namespace)::TensorSizeStride<unsigned int, 4u>, int, unsigned int)",12,operator_shape_matched,"[[[43008],[43008],[86016]],[]]","[""TensorList"",""Scalar""]",null,30,46.947
aten::cat,"void at::native::(anonymous namespace)::CatArrayBatchedCopy_vectorized<at::native::(anonymous namespace)::OpaqueType<2u>, unsigned int, 1, 128, 1, 16, 8>(char*, at::native::(anonymous namespace)::CatArrInputTensorMetadata<at::native::(anonymous namespace)::OpaqueType<2u>, unsigned int, 128, 1>, at::native::(anonymous namespace)::TensorSizeStride<unsigned int, 4u>, int, unsigned int)",13,operator_shape_matched,"[[[26624],[26624],[53248]],[]]","[""TensorList"",""Scalar""]",null,30,46.945
aten::cat,"void at::native::(anonymous namespace)::CatArrayBatchedCopy_vectorized<at::native::(anonymous namespace)::OpaqueType<2u>, unsigned int, 1, 128, 1, 16, 8>(char*, at::native::(anonymous namespace)::CatArrInputTensorMetadata<at::native::(anonymous namespace)::OpaqueType<2u>, unsigned int, 128, 1>, at::native::(anonymous namespace)::TensorSizeStride<unsigned int, 4u>, int, unsigned int)",14,operator_shape_matched,"[[[24576],[24576],[49152]],[]]","[""TensorList"",""Scalar""]",null,30,46.818
aten::cat,"void at::native::(anonymous namespace)::CatArrayBatchedCopy_vectorized<at::native::(anonymous namespace)::OpaqueType<2u>, unsigned int, 1, 128, 1, 16, 8>(char*, at::native::(anonymous namespace)::CatArrInputTensorMetadata<at::native::(anonymous namespace)::OpaqueType<2u>, unsigned int, 128, 1>, at::native::(anonymous namespace)::TensorSizeStride<unsigned int, 4u>, int, unsigned int)",15,operator_shape_matched,"[[[40960],[40960],[81920]],[]]","[""TensorList"",""Scalar""]",null,30,46.816
aten::cat,"void at::native::(anonymous namespace)::CatArrayBatchedCopy_vectorized<at::native::(anonymous namespace)::OpaqueType<2u>, unsigned int, 1, 128, 1, 16, 8>(char*, at::native::(anonymous namespace)::CatArrInputTensorMetadata<at::native::(anonymous namespace)::OpaqueType<2u>, unsigned int, 128, 1>, at::native::(anonymous namespace)::TensorSizeStride<unsigned int, 4u>, int, unsigned int)",16,operator_shape_matched,"[[[38912],[38912],[77824]],[]]","[""TensorList"",""Scalar""]",null,30,46.756
aten::cat,"void at::native::(anonymous namespace)::CatArrayBatchedCopy_vectorized<at::native::(anonymous namespace)::OpaqueType<2u>, unsigned int, 1, 128, 1, 16, 8>(char*, at::native::(anonymous namespace)::CatArrInputTensorMetadata<at::native::(anonymous namespace)::OpaqueType<2u>, unsigned int, 128, 1>, at::native::(anonymous namespace)::TensorSizeStride<unsigned int, 4u>, int, unsigned int)",17,operator_shape_matched,"[[[28672],[28672],[57344]],[]]","[""TensorList"",""Scalar""]",null,30,46.594
aten::cat,"void at::native::(anonymous namespace)::CatArrayBatchedCopy_vectorized<at::native::(anonymous namespace)::OpaqueType<2u>, unsigned int, 1, 128, 1, 16, 8>(char*, at::native::(anonymous namespace)::CatArrInputTensorMetadata<at::native::(anonymous namespace)::OpaqueType<2u>, unsigned int, 128, 1>, at::native::(anonymous namespace)::TensorSizeStride<unsigned int, 4u>, int, unsigned int)",18,operator_shape_matched,"[[[22528],[22528],[45056]],[]]","[""TensorList"",""Scalar""]",null,30,46.498
aten::cat,"void at::native::(anonymous namespace)::CatArrayBatchedCopy_vectorized<at::native::(anonymous namespace)::OpaqueType<2u>, unsigned int, 1, 128, 1, 16, 8>(char*, at::native::(anonymous namespace)::CatArrInputTensorMetadata<at::native::(anonymous namespace)::OpaqueType<2u>, unsigned int, 128, 1>, at::native::(anonymous namespace)::TensorSizeStride<unsigned int, 4u>, int, unsigned int)",19,operator_shape_matched,"[[[30720],[30720],[61440]],[]]","[""TensorList"",""Scalar""]",null,30,46.498
aten::cat,"void at::native::(anonymous namespace)::CatArrayBatchedCopy_vectorized<at::native::(anonymous namespace)::OpaqueType<2u>, unsigned int, 1, 128, 1, 16, 8>(char*, at::native::(anonymous namespace)::CatArrInputTensorMetadata<at::native::(anonymous namespace)::OpaqueType<2u>, unsigned int, 128, 1>, at::native::(anonymous namespace)::TensorSizeStride<unsigned int, 4u>, int, unsigned int)",20,operator_shape_matched,"[[[34816],[34816],[69632]],[]]","[""TensorList"",""Scalar""]",null,30,46.272
aten::cat,"void at::native::(anonymous namespace)::CatArrayBatchedCopy_vectorized<at::native::(anonymous namespace)::OpaqueType<2u>, unsigned int, 1, 128, 1, 16, 8>(char*, at::native::(anonymous namespace)::CatArrInputTensorMetadata<at::native::(anonymous namespace)::OpaqueType<2u>, unsigned int, 128, 1>, at::native::(anonymous namespace)::TensorSizeStride<unsigned int, 4u>, int, unsigned int)",21,operator_shape_matched,"[[[32768],[32768],[65536]],[]]","[""TensorList"",""Scalar""]",null,30,46.242
aten::cat,"void at::native::(anonymous namespace)::CatArrayBatchedCopy_vectorized<at::native::(anonymous namespace)::OpaqueType<2u>, unsigned int, 1, 128, 1, 16, 8>(char*, at::native::(anonymous namespace)::CatArrInputTensorMetadata<at::native::(anonymous namespace)::OpaqueType<2u>, unsigned int, 128, 1>, at::native::(anonymous namespace)::TensorSizeStride<unsigned int, 4u>, int, unsigned int)",22,operator_shape_matched,"[[[1024],[1024],[2048]],[]]","[""TensorList"",""Scalar""]",null,30,46.18
aten::cat,"void at::native::(anonymous namespace)::CatArrayBatchedCopy_vectorized<at::native::(anonymous namespace)::OpaqueType<2u>, unsigned int, 1, 128, 1, 16, 8>(char*, at::native::(anonymous namespace)::CatArrInputTensorMetadata<at::native::(anonymous namespace)::OpaqueType<2u>, unsigned int, 128, 1>, at::native::(anonymous namespace)::TensorSizeStride<unsigned int, 4u>, int, unsigned int)",23,operator_shape_matched,"[[[20480],[20480],[40960]],[]]","[""TensorList"",""Scalar""]",null,30,45.371
aten::cat,"void at::native::(anonymous namespace)::CatArrayBatchedCopy_vectorized<at::native::(anonymous namespace)::OpaqueType<2u>, unsigned int, 1, 128, 1, 16, 8>(char*, at::native::(anonymous namespace)::CatArrInputTensorMetadata<at::native::(anonymous namespace)::OpaqueType<2u>, unsigned int, 128, 1>, at::native::(anonymous namespace)::TensorSizeStride<unsigned int, 4u>, int, unsigned int)",24,operator_shape_matched,"[[[18432],[18432],[36864]],[]]","[""TensorList"",""Scalar""]",null,30,44.675
aten::cat,"void at::native::(anonymous namespace)::CatArrayBatchedCopy_vectorized<at::native::(anonymous namespace)::OpaqueType<2u>, unsigned int, 1, 128, 1, 16, 8>(char*, at::native::(anonymous namespace)::CatArrInputTensorMetadata<at::native::(anonymous namespace)::OpaqueType<2u>, unsigned int, 128, 1>, at::native::(anonymous namespace)::TensorSizeStride<unsigned int, 4u>, int, unsigned int)",25,operator_shape_matched,"[[[16384],[16384],[32768]],[]]","[""TensorList"",""Scalar""]",null,30,43.805
aten::cat,"void at::native::(anonymous namespace)::CatArrayBatchedCopy_vectorized<at::native::(anonymous namespace)::OpaqueType<2u>, unsigned int, 1, 128, 1, 16, 8>(char*, at::native::(anonymous namespace)::CatArrInputTensorMetadata<at::native::(anonymous namespace)::OpaqueType<2u>, unsigned int, 128, 1>, at::native::(anonymous namespace)::TensorSizeStride<unsigned int, 4u>, int, unsigned int)",26,operator_shape_matched,"[[[14336],[14336],[28672]],[]]","[""TensorList"",""Scalar""]",null,30,43.073
aten::cat,"void at::native::(anonymous namespace)::CatArrayBatchedCopy_vectorized<at::native::(anonymous namespace)::OpaqueType<2u>, unsigned int, 1, 128, 1, 16, 8>(char*, at::native::(anonymous namespace)::CatArrInputTensorMetadata<at::native::(anonymous namespace)::OpaqueType<2u>, unsigned int, 128, 1>, at::native::(anonymous namespace)::TensorSizeStride<unsigned int, 4u>, int, unsigned int)",27,operator_shape_matched,"[[[12288],[12288],[24576]],[]]","[""TensorList"",""Scalar""]",null,30,42.212
aten::cat,"void at::native::(anonymous namespace)::CatArrayBatchedCopy_vectorized<at::native::(anonymous namespace)::OpaqueType<2u>, unsigned int, 1, 128, 1, 16, 8>(char*, at::native::(anonymous namespace)::CatArrInputTensorMetadata<at::native::(anonymous namespace)::OpaqueType<2u>, unsigned int, 128, 1>, at::native::(anonymous namespace)::TensorSizeStride<unsigned int, 4u>, int, unsigned int)",28,operator_shape_matched,"[[[10240],[10240],[20480]],[]]","[""TensorList"",""Scalar""]",null,30,41.567
aten::cat,"void at::native::(anonymous namespace)::CatArrayBatchedCopy_vectorized<at::native::(anonymous namespace)::OpaqueType<2u>, unsigned int, 1, 128, 1, 16, 8>(char*, at::native::(anonymous namespace)::CatArrInputTensorMetadata<at::native::(anonymous namespace)::OpaqueType<2u>, unsigned int, 128, 1>, at::native::(anonymous namespace)::TensorSizeStride<unsigned int, 4u>, int, unsigned int)",29,operator_shape_matched,"[[[8192],[8192],[16384]],[]]","[""TensorList"",""Scalar""]",null,30,41.027
aten::cat,"void at::native::(anonymous namespace)::CatArrayBatchedCopy_vectorized<at::native::(anonymous namespace)::OpaqueType<2u>, unsigned int, 1, 128, 1, 16, 8>(char*, at::native::(anonymous namespace)::CatArrInputTensorMetadata<at::native::(anonymous namespace)::OpaqueType<2u>, unsigned int, 128, 1>, at::native::(anonymous namespace)::TensorSizeStride<unsigned int, 4u>, int, unsigned int)",30,operator_shape_matched,"[[[4096],[4096],[8192]],[]]","[""TensorList"",""Scalar""]",null,30,40.835
aten::cat,"void at::native::(anonymous namespace)::CatArrayBatchedCopy_vectorized<at::native::(anonymous namespace)::OpaqueType<2u>, unsigned int, 1, 128, 1, 16, 8>(char*, at::native::(anonymous namespace)::CatArrInputTensorMetadata<at::native::(anonymous namespace)::OpaqueType<2u>, unsigned int, 128, 1>, at::native::(anonymous namespace)::TensorSizeStride<unsigned int, 4u>, int, unsigned int)",31,operator_shape_matched,"[[[6144],[6144],[12288]],[]]","[""TensorList"",""Scalar""]",null,30,40.61
aten::cat,"void at::native::(anonymous namespace)::CatArrayBatchedCopy_vectorized<at::native::(anonymous namespace)::OpaqueType<2u>, unsigned int, 1, 128, 1, 16, 8>(char*, at::native::(anonymous namespace)::CatArrInputTensorMetadata<at::native::(anonymous namespace)::OpaqueType<2u>, unsigned int, 128, 1>, at::native::(anonymous namespace)::TensorSizeStride<unsigned int, 4u>, int, unsigned int)",32,operator_shape_matched,"[[[3072],[3072],[6144]],[]]","[""TensorList"",""Scalar""]",null,30,40.451
triton_poi_fused_mul_sigmoid_view_0,triton_poi_fused_mul_sigmoid_view_0,1,operator_shape_matched,"[[8192,8,256],[8192,2048],[8192,2048],[]]","[""c10::BFloat16"",""c10::BFloat16"",""c10::BFloat16"",""Scalar""]",null,31,1000.563
null,triton_poi_fused_mul_sigmoid_view_0,2,missing_external_id,null,null,null,256,423.531
triton_poi_fused_mul_sigmoid_view_0,triton_poi_fused_mul_sigmoid_view_0,3,operator_shape_matched,"[[5089,8,256],[5089,2048],[5089,2048],[]]","[""c10::BFloat16"",""c10::BFloat16"",""c10::BFloat16"",""Scalar""]",null,1,18.753
triton_poi_fused_mul_sigmoid_view_0,triton_poi_fused_mul_sigmoid_view_0,4,operator_shape_matched,"[[4096,8,256],[4096,2048],[4096,2048],[]]","[""c10::BFloat16"",""c10::BFloat16"",""c10::BFloat16"",""Scalar""]",null,1,14.784
aten::mm,nvjet_tst_256x56_64x5_2x1_v_bz_TNT,1,operator_shape_matched,"[[53,2048],[2048,124160]]","[""c10::BFloat16"",""c10::BFloat16""]",null,1,182.5
aten::mm,nvjet_tst_256x56_64x5_2x1_v_bz_TNT,2,operator_shape_matched,"[[49,2048],[2048,124160]]","[""c10::BFloat16"",""c10::BFloat16""]",null,1,182.34
aten::mm,nvjet_tst_256x56_64x5_2x1_v_bz_TNT,3,operator_shape_matched,"[[55,2048],[2048,124160]]","[""c10::BFloat16"",""c10::BFloat16""]",null,1,182.211
aten::mm,nvjet_tst_256x56_64x5_2x1_v_bz_TNT,4,operator_shape_matched,"[[51,2048],[2048,124160]]","[""c10::BFloat16"",""c10::BFloat16""]",null,1,181.86
aten::mm,nvjet_tst_256x56_64x5_2x1_v_bz_TNT,5,operator_shape_matched,"[[54,2048],[2048,124160]]","[""c10::BFloat16"",""c10::BFloat16""]",null,1,179.491
aten::mm,nvjet_tst_256x56_64x5_2x1_v_bz_TNT,6,operator_shape_matched,"[[52,2048],[2048,124160]]","[""c10::BFloat16"",""c10::BFloat16""]",null,1,178.404
aten::mm,nvjet_tst_256x56_64x5_2x1_v_bz_TNT,7,operator_shape_matched,"[[56,2048],[2048,124160]]","[""c10::BFloat16"",""c10::BFloat16""]",null,1,178.403
aten::mm,nvjet_tst_256x56_64x5_2x1_v_bz_TNT,8,operator_shape_matched,"[[50,2048],[2048,124160]]","[""c10::BFloat16"",""c10::BFloat16""]",null,1,178.275
aten::mm,nvjet_tst_256x48_64x5_2x1_v_bz_TNT,1,operator_shape_matched,"[[45,2048],[2048,124160]]","[""c10::BFloat16"",""c10::BFloat16""]",null,1,182.596
aten::mm,nvjet_tst_256x48_64x5_2x1_v_bz_TNT,2,operator_shape_matched,"[[47,2048],[2048,124160]]","[""c10::BFloat16"",""c10::BFloat16""]",null,1,182.212
aten::mm,nvjet_tst_256x48_64x5_2x1_v_bz_TNT,3,operator_shape_matched,"[[43,2048],[2048,124160]]","[""c10::BFloat16"",""c10::BFloat16""]",null,1,181.988
aten::mm,nvjet_tst_256x48_64x5_2x1_v_bz_TNT,4,operator_shape_matched,"[[41,2048],[2048,124160]]","[""c10::BFloat16"",""c10::BFloat16""]",null,1,180.548
aten::mm,nvjet_tst_256x48_64x5_2x1_v_bz_TNT,5,operator_shape_matched,"[[48,2048],[2048,124160]]","[""c10::BFloat16"",""c10::BFloat16""]",null,1,178.788
aten::mm,nvjet_tst_256x48_64x5_2x1_v_bz_TNT,6,operator_shape_matched,"[[44,2048],[2048,124160]]","[""c10::BFloat16"",""c10::BFloat16""]",null,1,178.404
aten::mm,nvjet_tst_256x48_64x5_2x1_v_bz_TNT,7,operator_shape_matched,"[[42,2048],[2048,124160]]","[""c10::BFloat16"",""c10::BFloat16""]",null,1,178.052
aten::mm,nvjet_tst_256x48_64x5_2x1_v_bz_TNT,8,operator_shape_matched,"[[46,2048],[2048,124160]]","[""c10::BFloat16"",""c10::BFloat16""]",null,1,177.22
aten::mm,nvjet_tst_256x40_64x5_2x1_v_bz_TNT,1,operator_shape_matched,"[[35,2048],[2048,124160]]","[""c10::BFloat16"",""c10::BFloat16""]",null,1,180.995
aten::mm,nvjet_tst_256x40_64x5_2x1_v_bz_TNT,2,operator_shape_matched,"[[39,2048],[2048,124160]]","[""c10::BFloat16"",""c10::BFloat16""]",null,1,180.323
aten::mm,nvjet_tst_256x40_64x5_2x1_v_bz_TNT,3,operator_shape_matched,"[[33,2048],[2048,124160]]","[""c10::BFloat16"",""c10::BFloat16""]",null,1,180.227
aten::mm,nvjet_tst_256x40_64x5_2x1_v_bz_TNT,4,operator_shape_matched,"[[37,2048],[2048,124160]]","[""c10::BFloat16"",""c10::BFloat16""]",null,1,180.196
aten::mm,nvjet_tst_256x40_64x5_2x1_v_bz_TNT,5,operator_shape_matched,"[[36,2048],[2048,124160]]","[""c10::BFloat16"",""c10::BFloat16""]",null,1,177.828
aten::mm,nvjet_tst_256x40_64x5_2x1_v_bz_TNT,6,operator_shape_matched,"[[38,2048],[2048,124160]]","[""c10::BFloat16"",""c10::BFloat16""]",null,1,177.508
aten::mm,nvjet_tst_256x40_64x5_2x1_v_bz_TNT,7,operator_shape_matched,"[[40,2048],[2048,124160]]","[""c10::BFloat16"",""c10::BFloat16""]",null,1,177.188
aten::mm,nvjet_tst_256x40_64x5_2x1_v_bz_TNT,8,operator_shape_matched,"[[34,2048],[2048,124160]]","[""c10::BFloat16"",""c10::BFloat16""]",null,1,176.548
aten::mm,nvjet_tst_256x24_64x6_2x1_v_bz_TNT,1,operator_shape_matched,"[[17,2048],[2048,124160]]","[""c10::BFloat16"",""c10::BFloat16""]",null,1,180.132
aten::mm,nvjet_tst_256x24_64x6_2x1_v_bz_TNT,2,operator_shape_matched,"[[21,2048],[2048,124160]]","[""c10::BFloat16"",""c10::BFloat16""]",null,1,179.556
aten::mm,nvjet_tst_256x24_64x6_2x1_v_bz_TNT,3,operator_shape_matched,"[[23,2048],[2048,124160]]","[""c10::BFloat16"",""c10::BFloat16""]",null,1,179.043
aten::mm,nvjet_tst_256x24_64x6_2x1_v_bz_TNT,4,operator_shape_matched,"[[19,2048],[2048,124160]]","[""c10::BFloat16"",""c10::BFloat16""]",null,1,178.915
aten::mm,nvjet_tst_256x24_64x6_2x1_v_bz_TNT,5,operator_shape_matched,"[[22,2048],[2048,124160]]","[""c10::BFloat16"",""c10::BFloat16""]",null,1,174.147
aten::mm,nvjet_tst_256x24_64x6_2x1_v_bz_TNT,6,operator_shape_matched,"[[20,2048],[2048,124160]]","[""c10::BFloat16"",""c10::BFloat16""]",null,1,173.764
aten::mm,nvjet_tst_256x24_64x6_2x1_v_bz_TNT,7,operator_shape_matched,"[[18,2048],[2048,124160]]","[""c10::BFloat16"",""c10::BFloat16""]",null,1,173.668
aten::mm,nvjet_tst_256x24_64x6_2x1_v_bz_TNT,8,operator_shape_matched,"[[24,2048],[2048,124160]]","[""c10::BFloat16"",""c10::BFloat16""]",null,1,173.411
aten::mm,nvjet_tst_256x32_64x5_2x1_v_bz_TNT,1,operator_shape_matched,"[[27,2048],[2048,124160]]","[""c10::BFloat16"",""c10::BFloat16""]",null,1,179.619
aten::mm,nvjet_tst_256x32_64x5_2x1_v_bz_TNT,2,operator_shape_matched,"[[31,2048],[2048,124160]]","[""c10::BFloat16"",""c10::BFloat16""]",null,1,179.492
aten::mm,nvjet_tst_256x32_64x5_2x1_v_bz_TNT,3,operator_shape_matched,"[[29,2048],[2048,124160]]","[""c10::BFloat16"",""c10::BFloat16""]",null,1,179.236
aten::mm,nvjet_tst_256x32_64x5_2x1_v_bz_TNT,4,operator_shape_matched,"[[25,2048],[2048,124160]]","[""c10::BFloat16"",""c10::BFloat16""]",null,1,178.308
aten::mm,nvjet_tst_256x32_64x5_2x1_v_bz_TNT,5,operator_shape_matched,"[[28,2048],[2048,124160]]","[""c10::BFloat16"",""c10::BFloat16""]",null,1,174.372
aten::mm,nvjet_tst_256x32_64x5_2x1_v_bz_TNT,6,operator_shape_matched,"[[30,2048],[2048,124160]]","[""c10::BFloat16"",""c10::BFloat16""]",null,1,174.34
aten::mm,nvjet_tst_256x32_64x5_2x1_v_bz_TNT,7,operator_shape_matched,"[[32,2048],[2048,124160]]","[""c10::BFloat16"",""c10::BFloat16""]",null,1,173.859
aten::mm,nvjet_tst_256x32_64x5_2x1_v_bz_TNT,8,operator_shape_matched,"[[26,2048],[2048,124160]]","[""c10::BFloat16"",""c10::BFloat16""]",null,1,173.028
aten::mm,nvjet_tst_256x16_64x6_2x1_v_bz_TNT,1,operator_shape_matched,"[[13,2048],[2048,124160]]","[""c10::BFloat16"",""c10::BFloat16""]",null,1,177.476
aten::mm,nvjet_tst_256x16_64x6_2x1_v_bz_TNT,2,operator_shape_matched,"[[11,2048],[2048,124160]]","[""c10::BFloat16"",""c10::BFloat16""]",null,1,177.284
aten::mm,nvjet_tst_256x16_64x6_2x1_v_bz_TNT,3,operator_shape_matched,"[[15,2048],[2048,124160]]","[""c10::BFloat16"",""c10::BFloat16""]",null,1,177.188
aten::mm,nvjet_tst_256x16_64x6_2x1_v_bz_TNT,4,operator_shape_matched,"[[9,2048],[2048,124160]]","[""c10::BFloat16"",""c10::BFloat16""]",null,1,177.156
aten::mm,nvjet_tst_256x16_64x6_2x1_v_bz_TNT,5,operator_shape_matched,"[[16,2048],[2048,124160]]","[""c10::BFloat16"",""c10::BFloat16""]",null,1,172.516
aten::mm,nvjet_tst_256x16_64x6_2x1_v_bz_TNT,6,operator_shape_matched,"[[14,2048],[2048,124160]]","[""c10::BFloat16"",""c10::BFloat16""]",null,1,171.555
aten::mm,nvjet_tst_256x16_64x6_2x1_v_bz_TNT,7,operator_shape_matched,"[[12,2048],[2048,124160]]","[""c10::BFloat16"",""c10::BFloat16""]",null,1,171.204
aten::mm,nvjet_tst_256x16_64x6_2x1_v_bz_TNT,8,operator_shape_matched,"[[10,2048],[2048,124160]]","[""c10::BFloat16"",""c10::BFloat16""]",null,1,170.18
triton_red_fused_1,triton_red_fused_1,1,operator_shape_matched,"[[8192,2048],[2048],[8192,2048],[],[]]","[""c10::BFloat16"",""c10::BFloat16"",""c10::BFloat16"",""Scalar"",""Scalar""]",null,31,815.921
null,triton_red_fused_1,2,missing_external_id,null,null,null,256,495.176
triton_red_fused_1,triton_red_fused_1,3,operator_shape_matched,"[[5089,2048],[2048],[5089,2048],[],[]]","[""c10::BFloat16"",""c10::BFloat16"",""c10::BFloat16"",""Scalar"",""Scalar""]",null,1,17.537
triton_red_fused_1,triton_red_fused_1,4,operator_shape_matched,"[[4096,2048],[2048],[4096,2048],[],[]]","[""c10::BFloat16"",""c10::BFloat16"",""c10::BFloat16"",""Scalar"",""Scalar""]",null,1,14.624
aten::bitwise_not,bitwise_not_func_kernel_rank_1,1,operator_shape_matched,[[3]],"[""bool""]",null,870,1087.135
aten::bitwise_not,bitwise_not_func_kernel_rank_1,2,operator_shape_matched,[[2]],"[""bool""]",null,90,112.097
aten::bitwise_not,bitwise_not_func_kernel_rank_1,3,operator_shape_matched,[[1]],"[""bool""]",null,30,36.994
aten::masked_fill_,masked_fill_kernel_kernel_rank_2,1,operator_shape_matched,"[[8192,2048],[8192,1],[]]","[""c10::BFloat16"",""bool"",""Scalar""]",null,31,802.838
aten::masked_fill_,masked_fill_kernel_kernel_rank_2,2,operator_shape_matched,"[[64,2048],[64,1],[]]","[""c10::BFloat16"",""bool"",""Scalar""]",null,222,340.797
aten::masked_fill_,masked_fill_kernel_kernel_rank_2,3,operator_shape_matched,"[[5089,2048],[5089,1],[]]","[""c10::BFloat16"",""bool"",""Scalar""]",null,1,16.352
aten::masked_fill_,masked_fill_kernel_kernel_rank_2,4,operator_shape_matched,"[[4096,2048],[4096,1],[]]","[""c10::BFloat16"",""bool"",""Scalar""]",null,1,13.121
aten::masked_fill_,masked_fill_kernel_kernel_rank_2,5,operator_shape_matched,"[[63,2048],[63,1],[]]","[""c10::BFloat16"",""bool"",""Scalar""]",null,2,3.104
aten::masked_fill_,masked_fill_kernel_kernel_rank_2,6,operator_shape_matched,"[[48,2048],[48,1],[]]","[""c10::BFloat16"",""bool"",""Scalar""]",null,1,1.537
aten::masked_fill_,masked_fill_kernel_kernel_rank_2,7,operator_shape_matched,"[[34,2048],[34,1],[]]","[""c10::BFloat16"",""bool"",""Scalar""]",null,1,1.536
aten::masked_fill_,masked_fill_kernel_kernel_rank_2,8,operator_shape_matched,"[[44,2048],[44,1],[]]","[""c10::BFloat16"",""bool"",""Scalar""]",null,1,1.536
aten::masked_fill_,masked_fill_kernel_kernel_rank_2,9,operator_shape_matched,"[[62,2048],[62,1],[]]","[""c10::BFloat16"",""bool"",""Scalar""]",null,1,1.536
aten::masked_fill_,masked_fill_kernel_kernel_rank_2,10,operator_shape_matched,"[[30,2048],[30,1],[]]","[""c10::BFloat16"",""bool"",""Scalar""]",null,1,1.535
aten::masked_fill_,masked_fill_kernel_kernel_rank_2,11,operator_shape_matched,"[[52,2048],[52,1],[]]","[""c10::BFloat16"",""bool"",""Scalar""]",null,1,1.535
aten::masked_fill_,masked_fill_kernel_kernel_rank_2,12,operator_shape_matched,"[[58,2048],[58,1],[]]","[""c10::BFloat16"",""bool"",""Scalar""]",null,1,1.535
aten::masked_fill_,masked_fill_kernel_kernel_rank_2,13,operator_shape_matched,"[[36,2048],[36,1],[]]","[""c10::BFloat16"",""bool"",""Scalar""]",null,1,1.504
aten::masked_fill_,masked_fill_kernel_kernel_rank_2,14,operator_shape_matched,"[[42,2048],[42,1],[]]","[""c10::BFloat16"",""bool"",""Scalar""]",null,1,1.504
aten::masked_fill_,masked_fill_kernel_kernel_rank_2,15,operator_shape_matched,"[[46,2048],[46,1],[]]","[""c10::BFloat16"",""bool"",""Scalar""]",null,1,1.504
aten::masked_fill_,masked_fill_kernel_kernel_rank_2,16,operator_shape_matched,"[[50,2048],[50,1],[]]","[""c10::BFloat16"",""bool"",""Scalar""]",null,1,1.504
aten::masked_fill_,masked_fill_kernel_kernel_rank_2,17,operator_shape_matched,"[[54,2048],[54,1],[]]","[""c10::BFloat16"",""bool"",""Scalar""]",null,1,1.504
aten::masked_fill_,masked_fill_kernel_kernel_rank_2,18,operator_shape_matched,"[[56,2048],[56,1],[]]","[""c10::BFloat16"",""bool"",""Scalar""]",null,1,1.504
aten::masked_fill_,masked_fill_kernel_kernel_rank_2,19,operator_shape_matched,"[[32,2048],[32,1],[]]","[""c10::BFloat16"",""bool"",""Scalar""]",null,1,1.472
aten::masked_fill_,masked_fill_kernel_kernel_rank_2,20,operator_shape_matched,"[[38,2048],[38,1],[]]","[""c10::BFloat16"",""bool"",""Scalar""]",null,1,1.472
aten::masked_fill_,masked_fill_kernel_kernel_rank_2,21,operator_shape_matched,"[[40,2048],[40,1],[]]","[""c10::BFloat16"",""bool"",""Scalar""]",null,1,1.472
aten::masked_fill_,masked_fill_kernel_kernel_rank_2,22,operator_shape_matched,"[[60,2048],[60,1],[]]","[""c10::BFloat16"",""bool"",""Scalar""]",null,1,1.472
aten::masked_fill_,masked_fill_kernel_kernel_rank_2,23,operator_shape_matched,"[[26,2048],[26,1],[]]","[""c10::BFloat16"",""bool"",""Scalar""]",null,1,1.44
aten::masked_fill_,masked_fill_kernel_kernel_rank_2,24,operator_shape_matched,"[[28,2048],[28,1],[]]","[""c10::BFloat16"",""bool"",""Scalar""]",null,1,1.44
aten::masked_fill_,masked_fill_kernel_kernel_rank_2,25,operator_shape_matched,"[[24,2048],[24,1],[]]","[""c10::BFloat16"",""bool"",""Scalar""]",null,1,1.409
aten::masked_fill_,masked_fill_kernel_kernel_rank_2,26,operator_shape_matched,"[[16,2048],[16,1],[]]","[""c10::BFloat16"",""bool"",""Scalar""]",null,1,1.408
aten::masked_fill_,masked_fill_kernel_kernel_rank_2,27,operator_shape_matched,"[[22,2048],[22,1],[]]","[""c10::BFloat16"",""bool"",""Scalar""]",null,1,1.408
aten::masked_fill_,masked_fill_kernel_kernel_rank_2,28,operator_shape_matched,"[[1,2048],[1,1],[]]","[""c10::BFloat16"",""bool"",""Scalar""]",null,1,1.376
aten::masked_fill_,masked_fill_kernel_kernel_rank_2,29,operator_shape_matched,"[[12,2048],[12,1],[]]","[""c10::BFloat16"",""bool"",""Scalar""]",null,1,1.376
aten::masked_fill_,masked_fill_kernel_kernel_rank_2,30,operator_shape_matched,"[[14,2048],[14,1],[]]","[""c10::BFloat16"",""bool"",""Scalar""]",null,1,1.376
aten::masked_fill_,masked_fill_kernel_kernel_rank_2,31,operator_shape_matched,"[[4,2048],[4,1],[]]","[""c10::BFloat16"",""bool"",""Scalar""]",null,1,1.376
aten::masked_fill_,masked_fill_kernel_kernel_rank_2,32,operator_shape_matched,"[[18,2048],[18,1],[]]","[""c10::BFloat16"",""bool"",""Scalar""]",null,1,1.375
aten::masked_fill_,masked_fill_kernel_kernel_rank_2,33,operator_shape_matched,"[[20,2048],[20,1],[]]","[""c10::BFloat16"",""bool"",""Scalar""]",null,1,1.375
aten::masked_fill_,masked_fill_kernel_kernel_rank_2,34,operator_shape_matched,"[[10,2048],[10,1],[]]","[""c10::BFloat16"",""bool"",""Scalar""]",null,1,1.344
aten::masked_fill_,masked_fill_kernel_kernel_rank_2,35,operator_shape_matched,"[[2,2048],[2,1],[]]","[""c10::BFloat16"",""bool"",""Scalar""]",null,1,1.344
aten::masked_fill_,masked_fill_kernel_kernel_rank_2,36,operator_shape_matched,"[[8,2048],[8,1],[]]","[""c10::BFloat16"",""bool"",""Scalar""]",null,1,1.344
aten::masked_fill_,masked_fill_kernel_kernel_rank_2,37,operator_shape_matched,"[[6,2048],[6,1],[]]","[""c10::BFloat16"",""bool"",""Scalar""]",null,1,1.312
null,nvjet_tst_64x16_64x16_4x2_h_bz_TNT,1,missing_external_id,null,null,null,320,1136.295
null,fill_scalar_kernel,1,missing_external_id,null,null,null,200,321.448
aten::fill_,fill_scalar_kernel,2,operator_shape_matched,"[[64],[]]","[""int"",""Scalar""]",null,289,268.993
aten::fill_,fill_scalar_kernel,3,operator_shape_matched,"[[2],[]]","[""long int"",""Scalar""]",null,16,14.303
aten::fill_,fill_scalar_kernel,4,operator_shape_matched,"[[2,1],[]]","[""int"",""Scalar""]",null,12,11.36
aten::fill_,fill_scalar_kernel,5,operator_shape_matched,"[[6],[]]","[""long int"",""Scalar""]",null,12,10.751
aten::fill_,fill_scalar_kernel,6,operator_shape_matched,"[[4],[]]","[""long int"",""Scalar""]",null,12,10.686
aten::fill_,fill_scalar_kernel,7,operator_shape_matched,"[[6,1],[]]","[""int"",""Scalar""]",null,9,8.609
aten::fill_,fill_scalar_kernel,8,operator_shape_matched,"[[4,1],[]]","[""int"",""Scalar""]",null,9,8.577
aten::fill_,fill_scalar_kernel,9,operator_shape_matched,"[[12],[]]","[""long int"",""Scalar""]",null,8,7.231
aten::fill_,fill_scalar_kernel,10,operator_shape_matched,"[[14],[]]","[""long int"",""Scalar""]",null,8,7.171
aten::fill_,fill_scalar_kernel,11,operator_shape_matched,"[[10],[]]","[""long int"",""Scalar""]",null,8,7.17
aten::fill_,fill_scalar_kernel,12,operator_shape_matched,"[[8],[]]","[""long int"",""Scalar""]",null,8,7.167
aten::fill_,fill_scalar_kernel,13,operator_shape_matched,"[[1],[]]","[""long int"",""Scalar""]",null,8,7.136
aten::fill_,fill_scalar_kernel,14,operator_shape_matched,"[[12,1],[]]","[""int"",""Scalar""]",null,6,5.696
aten::fill_,fill_scalar_kernel,15,operator_shape_matched,"[[14,1],[]]","[""int"",""Scalar""]",null,6,5.696
aten::fill_,fill_scalar_kernel,16,operator_shape_matched,"[[8,1],[]]","[""int"",""Scalar""]",null,6,5.696
aten::fill_,fill_scalar_kernel,17,operator_shape_matched,"[[1,1],[]]","[""int"",""Scalar""]",null,6,5.666
aten::fill_,fill_scalar_kernel,18,operator_shape_matched,"[[10,1],[]]","[""int"",""Scalar""]",null,6,5.632
aten::fill_,fill_scalar_kernel,19,operator_shape_matched,"[[2,32],[]]","[""int"",""Scalar""]",null,4,3.809
aten::fill_,fill_scalar_kernel,20,operator_shape_matched,"[[26],[]]","[""long int"",""Scalar""]",null,4,3.616
aten::fill_,fill_scalar_kernel,21,operator_shape_matched,"[[28],[]]","[""long int"",""Scalar""]",null,4,3.586
aten::fill_,fill_scalar_kernel,22,operator_shape_matched,"[[20],[]]","[""long int"",""Scalar""]",null,4,3.584
aten::fill_,fill_scalar_kernel,23,operator_shape_matched,"[[22],[]]","[""long int"",""Scalar""]",null,4,3.584
aten::fill_,fill_scalar_kernel,24,operator_shape_matched,"[[24],[]]","[""long int"",""Scalar""]",null,4,3.584
aten::fill_,fill_scalar_kernel,25,operator_shape_matched,"[[30],[]]","[""long int"",""Scalar""]",null,4,3.584
aten::fill_,fill_scalar_kernel,26,operator_shape_matched,"[[16],[]]","[""long int"",""Scalar""]",null,4,3.55
aten::fill_,fill_scalar_kernel,27,operator_shape_matched,"[[18],[]]","[""long int"",""Scalar""]",null,4,3.55
aten::fill_,fill_scalar_kernel,28,operator_shape_matched,"[[20,1],[]]","[""int"",""Scalar""]",null,3,2.88
aten::fill_,fill_scalar_kernel,29,operator_shape_matched,"[[26,1],[]]","[""int"",""Scalar""]",null,3,2.88
aten::fill_,fill_scalar_kernel,30,operator_shape_matched,"[[24,1],[]]","[""int"",""Scalar""]",null,3,2.849
aten::fill_,fill_scalar_kernel,31,operator_shape_matched,"[[18,1],[]]","[""int"",""Scalar""]",null,3,2.848
aten::fill_,fill_scalar_kernel,32,operator_shape_matched,"[[28,1],[]]","[""int"",""Scalar""]",null,3,2.848
aten::fill_,fill_scalar_kernel,33,operator_shape_matched,"[[30,1],[]]","[""int"",""Scalar""]",null,3,2.848
aten::fill_,fill_scalar_kernel,34,operator_shape_matched,"[[22,1],[]]","[""int"",""Scalar""]",null,3,2.816
aten::fill_,fill_scalar_kernel,35,operator_shape_matched,"[[16,1],[]]","[""int"",""Scalar""]",null,3,2.815
aten::fill_,fill_scalar_kernel,36,operator_shape_matched,"[[1],[]]","[""int"",""Scalar""]",null,3,2.785
aten::fill_,fill_scalar_kernel,37,operator_shape_matched,"[[4,32],[]]","[""int"",""Scalar""]",null,3,2.784
aten::fill_,fill_scalar_kernel,38,operator_shape_matched,"[[6,32],[]]","[""int"",""Scalar""]",null,3,2.72
aten::fill_,fill_scalar_kernel,39,operator_shape_matched,"[[8,32],[]]","[""int"",""Scalar""]",null,2,2.016
aten::fill_,fill_scalar_kernel,40,operator_shape_matched,"[[63],[]]","[""int"",""Scalar""]",null,2,1.985
aten::fill_,fill_scalar_kernel,41,operator_shape_matched,"[[1,32],[]]","[""int"",""Scalar""]",null,2,1.888
aten::fill_,fill_scalar_kernel,42,operator_shape_matched,"[[12,32],[]]","[""int"",""Scalar""]",null,2,1.856
aten::fill_,fill_scalar_kernel,43,operator_shape_matched,"[[14,32],[]]","[""int"",""Scalar""]",null,2,1.856
aten::fill_,fill_scalar_kernel,44,operator_shape_matched,"[[10,32],[]]","[""int"",""Scalar""]",null,2,1.855
aten::fill_,fill_scalar_kernel,45,operator_shape_matched,"[[20],[]]","[""int"",""Scalar""]",null,1,1.12
aten::fill_,fill_scalar_kernel,46,operator_shape_matched,"[[59],[]]","[""int"",""Scalar""]",null,1,1.088
aten::fill_,fill_scalar_kernel,47,operator_shape_matched,"[[11],[]]","[""int"",""Scalar""]",null,1,1.056
aten::fill_,fill_scalar_kernel,48,operator_shape_matched,"[[25],[]]","[""int"",""Scalar""]",null,1,1.056
aten::fill_,fill_scalar_kernel,49,operator_shape_matched,"[[36],[]]","[""int"",""Scalar""]",null,1,1.056
aten::fill_,fill_scalar_kernel,50,operator_shape_matched,"[[51],[]]","[""int"",""Scalar""]",null,1,1.056
aten::fill_,fill_scalar_kernel,51,operator_shape_matched,"[[14],[]]","[""int"",""Scalar""]",null,1,1.024
aten::fill_,fill_scalar_kernel,52,operator_shape_matched,"[[54],[]]","[""int"",""Scalar""]",null,1,1.024
aten::fill_,fill_scalar_kernel,53,operator_shape_matched,"[[12],[]]","[""int"",""Scalar""]",null,1,0.992
aten::fill_,fill_scalar_kernel,54,operator_shape_matched,"[[45],[]]","[""int"",""Scalar""]",null,1,0.992
aten::fill_,fill_scalar_kernel,55,operator_shape_matched,"[[49],[]]","[""int"",""Scalar""]",null,1,0.992
aten::fill_,fill_scalar_kernel,56,operator_shape_matched,"[[10],[]]","[""int"",""Scalar""]",null,1,0.96
aten::fill_,fill_scalar_kernel,57,operator_shape_matched,"[[15],[]]","[""int"",""Scalar""]",null,1,0.96
aten::fill_,fill_scalar_kernel,58,operator_shape_matched,"[[18,32],[]]","[""int"",""Scalar""]",null,1,0.96
aten::fill_,fill_scalar_kernel,59,operator_shape_matched,"[[18],[]]","[""int"",""Scalar""]",null,1,0.96
aten::fill_,fill_scalar_kernel,60,operator_shape_matched,"[[20,32],[]]","[""int"",""Scalar""]",null,1,0.96
aten::fill_,fill_scalar_kernel,61,operator_shape_matched,"[[21],[]]","[""int"",""Scalar""]",null,1,0.96
aten::fill_,fill_scalar_kernel,62,operator_shape_matched,"[[22],[]]","[""int"",""Scalar""]",null,1,0.96
aten::fill_,fill_scalar_kernel,63,operator_shape_matched,"[[24,32],[]]","[""int"",""Scalar""]",null,1,0.96
aten::fill_,fill_scalar_kernel,64,operator_shape_matched,"[[24],[]]","[""int"",""Scalar""]",null,1,0.96
aten::fill_,fill_scalar_kernel,65,operator_shape_matched,"[[26,32],[]]","[""int"",""Scalar""]",null,1,0.96
aten::fill_,fill_scalar_kernel,66,operator_shape_matched,"[[26],[]]","[""int"",""Scalar""]",null,1,0.96
aten::fill_,fill_scalar_kernel,67,operator_shape_matched,"[[28,32],[]]","[""int"",""Scalar""]",null,1,0.96
aten::fill_,fill_scalar_kernel,68,operator_shape_matched,"[[29],[]]","[""int"",""Scalar""]",null,1,0.96
aten::fill_,fill_scalar_kernel,69,operator_shape_matched,"[[2],[]]","[""int"",""Scalar""]",null,1,0.96
aten::fill_,fill_scalar_kernel,70,operator_shape_matched,"[[30,32],[]]","[""int"",""Scalar""]",null,1,0.96
aten::fill_,fill_scalar_kernel,71,operator_shape_matched,"[[30],[]]","[""int"",""Scalar""]",null,1,0.96
aten::fill_,fill_scalar_kernel,72,operator_shape_matched,"[[31],[]]","[""int"",""Scalar""]",null,1,0.96
aten::fill_,fill_scalar_kernel,73,operator_shape_matched,"[[34],[]]","[""int"",""Scalar""]",null,1,0.96
aten::fill_,fill_scalar_kernel,74,operator_shape_matched,"[[35],[]]","[""int"",""Scalar""]",null,1,0.96
aten::fill_,fill_scalar_kernel,75,operator_shape_matched,"[[38],[]]","[""int"",""Scalar""]",null,1,0.96
aten::fill_,fill_scalar_kernel,76,operator_shape_matched,"[[39],[]]","[""int"",""Scalar""]",null,1,0.96
aten::fill_,fill_scalar_kernel,77,operator_shape_matched,"[[43],[]]","[""int"",""Scalar""]",null,1,0.96
aten::fill_,fill_scalar_kernel,78,operator_shape_matched,"[[44],[]]","[""int"",""Scalar""]",null,1,0.96
aten::fill_,fill_scalar_kernel,79,operator_shape_matched,"[[4],[]]","[""int"",""Scalar""]",null,1,0.96
aten::fill_,fill_scalar_kernel,80,operator_shape_matched,"[[56],[]]","[""int"",""Scalar""]",null,1,0.96
aten::fill_,fill_scalar_kernel,81,operator_shape_matched,"[[5],[]]","[""int"",""Scalar""]",null,1,0.96
aten::fill_,fill_scalar_kernel,82,operator_shape_matched,"[[60],[]]","[""int"",""Scalar""]",null,1,0.96
aten::fill_,fill_scalar_kernel,83,operator_shape_matched,"[[7],[]]","[""int"",""Scalar""]",null,1,0.96
aten::fill_,fill_scalar_kernel,84,operator_shape_matched,"[[32],[]]","[""int"",""Scalar""]",null,1,0.929
aten::fill_,fill_scalar_kernel,85,operator_shape_matched,"[[37],[]]","[""int"",""Scalar""]",null,1,0.929
aten::fill_,fill_scalar_kernel,86,operator_shape_matched,"[[42],[]]","[""int"",""Scalar""]",null,1,0.929
aten::fill_,fill_scalar_kernel,87,operator_shape_matched,"[[13],[]]","[""int"",""Scalar""]",null,1,0.928
aten::fill_,fill_scalar_kernel,88,operator_shape_matched,"[[16,32],[]]","[""int"",""Scalar""]",null,1,0.928
aten::fill_,fill_scalar_kernel,89,operator_shape_matched,"[[17],[]]","[""int"",""Scalar""]",null,1,0.928
aten::fill_,fill_scalar_kernel,90,operator_shape_matched,"[[22,32],[]]","[""int"",""Scalar""]",null,1,0.928
aten::fill_,fill_scalar_kernel,91,operator_shape_matched,"[[23],[]]","[""int"",""Scalar""]",null,1,0.928
aten::fill_,fill_scalar_kernel,92,operator_shape_matched,"[[27],[]]","[""int"",""Scalar""]",null,1,0.928
aten::fill_,fill_scalar_kernel,93,operator_shape_matched,"[[28],[]]","[""int"",""Scalar""]",null,1,0.928
aten::fill_,fill_scalar_kernel,94,operator_shape_matched,"[[33],[]]","[""int"",""Scalar""]",null,1,0.928
aten::fill_,fill_scalar_kernel,95,operator_shape_matched,"[[40],[]]","[""int"",""Scalar""]",null,1,0.928
aten::fill_,fill_scalar_kernel,96,operator_shape_matched,"[[41],[]]","[""int"",""Scalar""]",null,1,0.928
aten::fill_,fill_scalar_kernel,97,operator_shape_matched,"[[46],[]]","[""int"",""Scalar""]",null,1,0.928
aten::fill_,fill_scalar_kernel,98,operator_shape_matched,"[[47],[]]","[""int"",""Scalar""]",null,1,0.928
aten::fill_,fill_scalar_kernel,99,operator_shape_matched,"[[48],[]]","[""int"",""Scalar""]",null,1,0.928
aten::fill_,fill_scalar_kernel,100,operator_shape_matched,"[[50],[]]","[""int"",""Scalar""]",null,1,0.928
aten::fill_,fill_scalar_kernel,101,operator_shape_matched,"[[52],[]]","[""int"",""Scalar""]",null,1,0.928
aten::fill_,fill_scalar_kernel,102,operator_shape_matched,"[[53],[]]","[""int"",""Scalar""]",null,1,0.928
aten::fill_,fill_scalar_kernel,103,operator_shape_matched,"[[55],[]]","[""int"",""Scalar""]",null,1,0.928
aten::fill_,fill_scalar_kernel,104,operator_shape_matched,"[[57],[]]","[""int"",""Scalar""]",null,1,0.928
aten::fill_,fill_scalar_kernel,105,operator_shape_matched,"[[58],[]]","[""int"",""Scalar""]",null,1,0.928
aten::fill_,fill_scalar_kernel,106,operator_shape_matched,"[[61],[]]","[""int"",""Scalar""]",null,1,0.928
aten::fill_,fill_scalar_kernel,107,operator_shape_matched,"[[62],[]]","[""int"",""Scalar""]",null,1,0.928
aten::fill_,fill_scalar_kernel,108,operator_shape_matched,"[[8],[]]","[""int"",""Scalar""]",null,1,0.928
aten::fill_,fill_scalar_kernel,109,operator_shape_matched,"[[9],[]]","[""int"",""Scalar""]",null,1,0.928
aten::fill_,fill_scalar_kernel,110,operator_shape_matched,"[[16],[]]","[""int"",""Scalar""]",null,1,0.927
aten::fill_,fill_scalar_kernel,111,operator_shape_matched,"[[19],[]]","[""int"",""Scalar""]",null,1,0.927
aten::fill_,fill_scalar_kernel,112,operator_shape_matched,"[[3],[]]","[""int"",""Scalar""]",null,1,0.927
aten::fill_,fill_scalar_kernel,113,operator_shape_matched,"[[6],[]]","[""int"",""Scalar""]",null,1,0.927
aten::embedding,embedding_kernel,1,operator_shape_matched,"[[124160,2048],[64],[],[],[]]","[""c10::BFloat16"",""long int"",""Scalar"",""Scalar"",""Scalar""]",null,222,400.904
aten::embedding,embedding_kernel,2,operator_shape_matched,"[[124160,2048],[8192],[],[],[]]","[""c10::BFloat16"",""long int"",""Scalar"",""Scalar"",""Scalar""]",null,31,328.33
aten::embedding,embedding_kernel,3,operator_shape_matched,"[[124160,2048],[5089],[],[],[]]","[""c10::BFloat16"",""long int"",""Scalar"",""Scalar"",""Scalar""]",null,1,7.104
aten::embedding,embedding_kernel,4,operator_shape_matched,"[[124160,2048],[4096],[],[],[]]","[""c10::BFloat16"",""long int"",""Scalar"",""Scalar"",""Scalar""]",null,1,6.529
aten::embedding,embedding_kernel,5,operator_shape_matched,"[[124160,2048],[63],[],[],[]]","[""c10::BFloat16"",""long int"",""Scalar"",""Scalar"",""Scalar""]",null,2,3.52
aten::embedding,embedding_kernel,6,operator_shape_matched,"[[124160,2048],[60],[],[],[]]","[""c10::BFloat16"",""long int"",""Scalar"",""Scalar"",""Scalar""]",null,1,2.016
aten::embedding,embedding_kernel,7,operator_shape_matched,"[[124160,2048],[42],[],[],[]]","[""c10::BFloat16"",""long int"",""Scalar"",""Scalar"",""Scalar""]",null,1,1.984
aten::embedding,embedding_kernel,8,operator_shape_matched,"[[124160,2048],[34],[],[],[]]","[""c10::BFloat16"",""long int"",""Scalar"",""Scalar"",""Scalar""]",null,1,1.92
aten::embedding,embedding_kernel,9,operator_shape_matched,"[[124160,2048],[36],[],[],[]]","[""c10::BFloat16"",""long int"",""Scalar"",""Scalar"",""Scalar""]",null,1,1.92
aten::embedding,embedding_kernel,10,operator_shape_matched,"[[124160,2048],[44],[],[],[]]","[""c10::BFloat16"",""long int"",""Scalar"",""Scalar"",""Scalar""]",null,1,1.92
aten::embedding,embedding_kernel,11,operator_shape_matched,"[[124160,2048],[52],[],[],[]]","[""c10::BFloat16"",""long int"",""Scalar"",""Scalar"",""Scalar""]",null,1,1.92
aten::embedding,embedding_kernel,12,operator_shape_matched,"[[124160,2048],[56],[],[],[]]","[""c10::BFloat16"",""long int"",""Scalar"",""Scalar"",""Scalar""]",null,1,1.92
aten::embedding,embedding_kernel,13,operator_shape_matched,"[[124160,2048],[62],[],[],[]]","[""c10::BFloat16"",""long int"",""Scalar"",""Scalar"",""Scalar""]",null,1,1.92
aten::embedding,embedding_kernel,14,operator_shape_matched,"[[124160,2048],[20],[],[],[]]","[""c10::BFloat16"",""long int"",""Scalar"",""Scalar"",""Scalar""]",null,1,1.889
aten::embedding,embedding_kernel,15,operator_shape_matched,"[[124160,2048],[46],[],[],[]]","[""c10::BFloat16"",""long int"",""Scalar"",""Scalar"",""Scalar""]",null,1,1.888
aten::embedding,embedding_kernel,16,operator_shape_matched,"[[124160,2048],[48],[],[],[]]","[""c10::BFloat16"",""long int"",""Scalar"",""Scalar"",""Scalar""]",null,1,1.857
aten::embedding,embedding_kernel,17,operator_shape_matched,"[[124160,2048],[28],[],[],[]]","[""c10::BFloat16"",""long int"",""Scalar"",""Scalar"",""Scalar""]",null,1,1.856
aten::embedding,embedding_kernel,18,operator_shape_matched,"[[124160,2048],[40],[],[],[]]","[""c10::BFloat16"",""long int"",""Scalar"",""Scalar"",""Scalar""]",null,1,1.856
aten::embedding,embedding_kernel,19,operator_shape_matched,"[[124160,2048],[54],[],[],[]]","[""c10::BFloat16"",""long int"",""Scalar"",""Scalar"",""Scalar""]",null,1,1.856
aten::embedding,embedding_kernel,20,operator_shape_matched,"[[124160,2048],[22],[],[],[]]","[""c10::BFloat16"",""long int"",""Scalar"",""Scalar"",""Scalar""]",null,1,1.824
aten::embedding,embedding_kernel,21,operator_shape_matched,"[[124160,2048],[24],[],[],[]]","[""c10::BFloat16"",""long int"",""Scalar"",""Scalar"",""Scalar""]",null,1,1.824
aten::embedding,embedding_kernel,22,operator_shape_matched,"[[124160,2048],[32],[],[],[]]","[""c10::BFloat16"",""long int"",""Scalar"",""Scalar"",""Scalar""]",null,1,1.792
aten::embedding,embedding_kernel,23,operator_shape_matched,"[[124160,2048],[38],[],[],[]]","[""c10::BFloat16"",""long int"",""Scalar"",""Scalar"",""Scalar""]",null,1,1.792
aten::embedding,embedding_kernel,24,operator_shape_matched,"[[124160,2048],[4],[],[],[]]","[""c10::BFloat16"",""long int"",""Scalar"",""Scalar"",""Scalar""]",null,1,1.792
aten::embedding,embedding_kernel,25,operator_shape_matched,"[[124160,2048],[50],[],[],[]]","[""c10::BFloat16"",""long int"",""Scalar"",""Scalar"",""Scalar""]",null,1,1.792
aten::embedding,embedding_kernel,26,operator_shape_matched,"[[124160,2048],[14],[],[],[]]","[""c10::BFloat16"",""long int"",""Scalar"",""Scalar"",""Scalar""]",null,1,1.76
aten::embedding,embedding_kernel,27,operator_shape_matched,"[[124160,2048],[30],[],[],[]]","[""c10::BFloat16"",""long int"",""Scalar"",""Scalar"",""Scalar""]",null,1,1.76
aten::embedding,embedding_kernel,28,operator_shape_matched,"[[124160,2048],[58],[],[],[]]","[""c10::BFloat16"",""long int"",""Scalar"",""Scalar"",""Scalar""]",null,1,1.76
aten::embedding,embedding_kernel,29,operator_shape_matched,"[[124160,2048],[12],[],[],[]]","[""c10::BFloat16"",""long int"",""Scalar"",""Scalar"",""Scalar""]",null,1,1.728
aten::embedding,embedding_kernel,30,operator_shape_matched,"[[124160,2048],[26],[],[],[]]","[""c10::BFloat16"",""long int"",""Scalar"",""Scalar"",""Scalar""]",null,1,1.728
aten::embedding,embedding_kernel,31,operator_shape_matched,"[[124160,2048],[2],[],[],[]]","[""c10::BFloat16"",""long int"",""Scalar"",""Scalar"",""Scalar""]",null,1,1.728
aten::embedding,embedding_kernel,32,operator_shape_matched,"[[124160,2048],[8],[],[],[]]","[""c10::BFloat16"",""long int"",""Scalar"",""Scalar"",""Scalar""]",null,1,1.728
aten::embedding,embedding_kernel,33,operator_shape_matched,"[[124160,2048],[16],[],[],[]]","[""c10::BFloat16"",""long int"",""Scalar"",""Scalar"",""Scalar""]",null,1,1.696
aten::embedding,embedding_kernel,34,operator_shape_matched,"[[124160,2048],[18],[],[],[]]","[""c10::BFloat16"",""long int"",""Scalar"",""Scalar"",""Scalar""]",null,1,1.631
aten::embedding,embedding_kernel,35,operator_shape_matched,"[[124160,2048],[10],[],[],[]]","[""c10::BFloat16"",""long int"",""Scalar"",""Scalar"",""Scalar""]",null,1,1.568
aten::embedding,embedding_kernel,36,operator_shape_matched,"[[124160,2048],[6],[],[],[]]","[""c10::BFloat16"",""long int"",""Scalar"",""Scalar"",""Scalar""]",null,1,1.568
aten::embedding,embedding_kernel,37,operator_shape_matched,"[[124160,2048],[1],[],[],[]]","[""c10::BFloat16"",""long int"",""Scalar"",""Scalar"",""Scalar""]",null,1,1.408
aten::mm,nvjet_tst_128x160_64x5_2x1_v_bz_TNT,1,operator_shape_matched,"[[5089,2048],[2048,512]]","[""c10::BFloat16"",""c10::BFloat16""]",null,40,784.723
aten::index,"void at::native::index_elementwise_kernel<128, 4, at::native::gpu_index_kernel<at::native::index_kernel_impl<at::native::OpaqueType<4> >(at::TensorIteratorBase&, c10::ArrayRef<long>, c10::ArrayRef<long>)::{lambda(char*, char const*, long)#1}>(at::TensorIteratorBase&, c10::ArrayRef<long>, c10::ArrayRef<long>, at::native::index_kernel_impl<at::native::OpaqueType<4> >(at::TensorIteratorBase&, c10::ArrayRef<long>, c10::ArrayRef<long>)::{lambda(char*, char const*, long)#1} const&, bool)::{lambda(int)#1}>(long, at::native::gpu_index_kernel<at::native::index_kernel_impl<at::native::OpaqueType<4> >(at::TensorIteratorBase&, c10::ArrayRef<long>, c10::ArrayRef<long>)::{lambda(char*, char const*, long)#1}>(at::TensorIteratorBase&, c10::ArrayRef<long>, c10::ArrayRef<long>, at::native::index_kernel_impl<at::native::OpaqueType<4> >(at::TensorIteratorBase&, c10::ArrayRef<long>, c10::ArrayRef<long>)::{lambda(char*, char const*, long)#1} const&, bool)::{lambda(int)#1})",1,operator_shape_matched,"[[64],[]]","[""int"",""""]",null,290,577.846
aten::index,"void at::native::index_elementwise_kernel<128, 4, at::native::gpu_index_kernel<at::native::index_kernel_impl<at::native::OpaqueType<4> >(at::TensorIteratorBase&, c10::ArrayRef<long>, c10::ArrayRef<long>)::{lambda(char*, char const*, long)#1}>(at::TensorIteratorBase&, c10::ArrayRef<long>, c10::ArrayRef<long>, at::native::index_kernel_impl<at::native::OpaqueType<4> >(at::TensorIteratorBase&, c10::ArrayRef<long>, c10::ArrayRef<long>)::{lambda(char*, char const*, long)#1} const&, bool)::{lambda(int)#1}>(long, at::native::gpu_index_kernel<at::native::index_kernel_impl<at::native::OpaqueType<4> >(at::TensorIteratorBase&, c10::ArrayRef<long>, c10::ArrayRef<long>)::{lambda(char*, char const*, long)#1}>(at::TensorIteratorBase&, c10::ArrayRef<long>, c10::ArrayRef<long>, at::native::index_kernel_impl<at::native::OpaqueType<4> >(at::TensorIteratorBase&, c10::ArrayRef<long>, c10::ArrayRef<long>)::{lambda(char*, char const*, long)#1} const&, bool)::{lambda(int)#1})",2,operator_shape_matched,"[[3625,16,128,128],[]]","[""float"",""""]",null,30,158.531
aten::index,"void at::native::index_elementwise_kernel<128, 4, at::native::gpu_index_kernel<at::native::index_kernel_impl<at::native::OpaqueType<4> >(at::TensorIteratorBase&, c10::ArrayRef<long>, c10::ArrayRef<long>)::{lambda(char*, char const*, long)#1}>(at::TensorIteratorBase&, c10::ArrayRef<long>, c10::ArrayRef<long>, at::native::index_kernel_impl<at::native::OpaqueType<4> >(at::TensorIteratorBase&, c10::ArrayRef<long>, c10::ArrayRef<long>)::{lambda(char*, char const*, long)#1} const&, bool)::{lambda(int)#1}>(long, at::native::gpu_index_kernel<at::native::index_kernel_impl<at::native::OpaqueType<4> >(at::TensorIteratorBase&, c10::ArrayRef<long>, c10::ArrayRef<long>)::{lambda(char*, char const*, long)#1}>(at::TensorIteratorBase&, c10::ArrayRef<long>, c10::ArrayRef<long>, at::native::index_kernel_impl<at::native::OpaqueType<4> >(at::TensorIteratorBase&, c10::ArrayRef<long>, c10::ArrayRef<long>)::{lambda(char*, char const*, long)#1} const&, bool)::{lambda(int)#1})",3,operator_shape_matched,"[[42],[]]","[""int"",""""]",null,1,1.632
aten::index,"void at::native::index_elementwise_kernel<128, 4, at::native::gpu_index_kernel<at::native::index_kernel_impl<at::native::OpaqueType<4> >(at::TensorIteratorBase&, c10::ArrayRef<long>, c10::ArrayRef<long>)::{lambda(char*, char const*, long)#1}>(at::TensorIteratorBase&, c10::ArrayRef<long>, c10::ArrayRef<long>, at::native::index_kernel_impl<at::native::OpaqueType<4> >(at::TensorIteratorBase&, c10::ArrayRef<long>, c10::ArrayRef<long>)::{lambda(char*, char const*, long)#1} const&, bool)::{lambda(int)#1}>(long, at::native::gpu_index_kernel<at::native::index_kernel_impl<at::native::OpaqueType<4> >(at::TensorIteratorBase&, c10::ArrayRef<long>, c10::ArrayRef<long>)::{lambda(char*, char const*, long)#1}>(at::TensorIteratorBase&, c10::ArrayRef<long>, c10::ArrayRef<long>, at::native::index_kernel_impl<at::native::OpaqueType<4> >(at::TensorIteratorBase&, c10::ArrayRef<long>, c10::ArrayRef<long>)::{lambda(char*, char const*, long)#1} const&, bool)::{lambda(int)#1})",4,operator_shape_matched,"[[44],[]]","[""int"",""""]",null,1,1.632
aten::index,"void at::native::index_elementwise_kernel<128, 4, at::native::gpu_index_kernel<at::native::index_kernel_impl<at::native::OpaqueType<4> >(at::TensorIteratorBase&, c10::ArrayRef<long>, c10::ArrayRef<long>)::{lambda(char*, char const*, long)#1}>(at::TensorIteratorBase&, c10::ArrayRef<long>, c10::ArrayRef<long>, at::native::index_kernel_impl<at::native::OpaqueType<4> >(at::TensorIteratorBase&, c10::ArrayRef<long>, c10::ArrayRef<long>)::{lambda(char*, char const*, long)#1} const&, bool)::{lambda(int)#1}>(long, at::native::gpu_index_kernel<at::native::index_kernel_impl<at::native::OpaqueType<4> >(at::TensorIteratorBase&, c10::ArrayRef<long>, c10::ArrayRef<long>)::{lambda(char*, char const*, long)#1}>(at::TensorIteratorBase&, c10::ArrayRef<long>, c10::ArrayRef<long>, at::native::index_kernel_impl<at::native::OpaqueType<4> >(at::TensorIteratorBase&, c10::ArrayRef<long>, c10::ArrayRef<long>)::{lambda(char*, char const*, long)#1} const&, bool)::{lambda(int)#1})",5,operator_shape_matched,"[[46],[]]","[""int"",""""]",null,1,1.632
aten::index,"void at::native::index_elementwise_kernel<128, 4, at::native::gpu_index_kernel<at::native::index_kernel_impl<at::native::OpaqueType<4> >(at::TensorIteratorBase&, c10::ArrayRef<long>, c10::ArrayRef<long>)::{lambda(char*, char const*, long)#1}>(at::TensorIteratorBase&, c10::ArrayRef<long>, c10::ArrayRef<long>, at::native::index_kernel_impl<at::native::OpaqueType<4> >(at::TensorIteratorBase&, c10::ArrayRef<long>, c10::ArrayRef<long>)::{lambda(char*, char const*, long)#1} const&, bool)::{lambda(int)#1}>(long, at::native::gpu_index_kernel<at::native::index_kernel_impl<at::native::OpaqueType<4> >(at::TensorIteratorBase&, c10::ArrayRef<long>, c10::ArrayRef<long>)::{lambda(char*, char const*, long)#1}>(at::TensorIteratorBase&, c10::ArrayRef<long>, c10::ArrayRef<long>, at::native::index_kernel_impl<at::native::OpaqueType<4> >(at::TensorIteratorBase&, c10::ArrayRef<long>, c10::ArrayRef<long>)::{lambda(char*, char const*, long)#1} const&, bool)::{lambda(int)#1})",6,operator_shape_matched,"[[52],[]]","[""int"",""""]",null,1,1.632
aten::index,"void at::native::index_elementwise_kernel<128, 4, at::native::gpu_index_kernel<at::native::index_kernel_impl<at::native::OpaqueType<4> >(at::TensorIteratorBase&, c10::ArrayRef<long>, c10::ArrayRef<long>)::{lambda(char*, char const*, long)#1}>(at::TensorIteratorBase&, c10::ArrayRef<long>, c10::ArrayRef<long>, at::native::index_kernel_impl<at::native::OpaqueType<4> >(at::TensorIteratorBase&, c10::ArrayRef<long>, c10::ArrayRef<long>)::{lambda(char*, char const*, long)#1} const&, bool)::{lambda(int)#1}>(long, at::native::gpu_index_kernel<at::native::index_kernel_impl<at::native::OpaqueType<4> >(at::TensorIteratorBase&, c10::ArrayRef<long>, c10::ArrayRef<long>)::{lambda(char*, char const*, long)#1}>(at::TensorIteratorBase&, c10::ArrayRef<long>, c10::ArrayRef<long>, at::native::index_kernel_impl<at::native::OpaqueType<4> >(at::TensorIteratorBase&, c10::ArrayRef<long>, c10::ArrayRef<long>)::{lambda(char*, char const*, long)#1} const&, bool)::{lambda(int)#1})",7,operator_shape_matched,"[[56],[]]","[""int"",""""]",null,1,1.632
aten::index,"void at::native::index_elementwise_kernel<128, 4, at::native::gpu_index_kernel<at::native::index_kernel_impl<at::native::OpaqueType<4> >(at::TensorIteratorBase&, c10::ArrayRef<long>, c10::ArrayRef<long>)::{lambda(char*, char const*, long)#1}>(at::TensorIteratorBase&, c10::ArrayRef<long>, c10::ArrayRef<long>, at::native::index_kernel_impl<at::native::OpaqueType<4> >(at::TensorIteratorBase&, c10::ArrayRef<long>, c10::ArrayRef<long>)::{lambda(char*, char const*, long)#1} const&, bool)::{lambda(int)#1}>(long, at::native::gpu_index_kernel<at::native::index_kernel_impl<at::native::OpaqueType<4> >(at::TensorIteratorBase&, c10::ArrayRef<long>, c10::ArrayRef<long>)::{lambda(char*, char const*, long)#1}>(at::TensorIteratorBase&, c10::ArrayRef<long>, c10::ArrayRef<long>, at::native::index_kernel_impl<at::native::OpaqueType<4> >(at::TensorIteratorBase&, c10::ArrayRef<long>, c10::ArrayRef<long>)::{lambda(char*, char const*, long)#1} const&, bool)::{lambda(int)#1})",8,operator_shape_matched,"[[58],[]]","[""int"",""""]",null,1,1.632
aten::index,"void at::native::index_elementwise_kernel<128, 4, at::native::gpu_index_kernel<at::native::index_kernel_impl<at::native::OpaqueType<4> >(at::TensorIteratorBase&, c10::ArrayRef<long>, c10::ArrayRef<long>)::{lambda(char*, char const*, long)#1}>(at::TensorIteratorBase&, c10::ArrayRef<long>, c10::ArrayRef<long>, at::native::index_kernel_impl<at::native::OpaqueType<4> >(at::TensorIteratorBase&, c10::ArrayRef<long>, c10::ArrayRef<long>)::{lambda(char*, char const*, long)#1} const&, bool)::{lambda(int)#1}>(long, at::native::gpu_index_kernel<at::native::index_kernel_impl<at::native::OpaqueType<4> >(at::TensorIteratorBase&, c10::ArrayRef<long>, c10::ArrayRef<long>)::{lambda(char*, char const*, long)#1}>(at::TensorIteratorBase&, c10::ArrayRef<long>, c10::ArrayRef<long>, at::native::index_kernel_impl<at::native::OpaqueType<4> >(at::TensorIteratorBase&, c10::ArrayRef<long>, c10::ArrayRef<long>)::{lambda(char*, char const*, long)#1} const&, bool)::{lambda(int)#1})",9,operator_shape_matched,"[[62],[]]","[""int"",""""]",null,1,1.632
aten::index,"void at::native::index_elementwise_kernel<128, 4, at::native::gpu_index_kernel<at::native::index_kernel_impl<at::native::OpaqueType<4> >(at::TensorIteratorBase&, c10::ArrayRef<long>, c10::ArrayRef<long>)::{lambda(char*, char const*, long)#1}>(at::TensorIteratorBase&, c10::ArrayRef<long>, c10::ArrayRef<long>, at::native::index_kernel_impl<at::native::OpaqueType<4> >(at::TensorIteratorBase&, c10::ArrayRef<long>, c10::ArrayRef<long>)::{lambda(char*, char const*, long)#1} const&, bool)::{lambda(int)#1}>(long, at::native::gpu_index_kernel<at::native::index_kernel_impl<at::native::OpaqueType<4> >(at::TensorIteratorBase&, c10::ArrayRef<long>, c10::ArrayRef<long>)::{lambda(char*, char const*, long)#1}>(at::TensorIteratorBase&, c10::ArrayRef<long>, c10::ArrayRef<long>, at::native::index_kernel_impl<at::native::OpaqueType<4> >(at::TensorIteratorBase&, c10::ArrayRef<long>, c10::ArrayRef<long>)::{lambda(char*, char const*, long)#1} const&, bool)::{lambda(int)#1})",10,operator_shape_matched,"[[63],[]]","[""int"",""""]",null,1,1.601
aten::index,"void at::native::index_elementwise_kernel<128, 4, at::native::gpu_index_kernel<at::native::index_kernel_impl<at::native::OpaqueType<4> >(at::TensorIteratorBase&, c10::ArrayRef<long>, c10::ArrayRef<long>)::{lambda(char*, char const*, long)#1}>(at::TensorIteratorBase&, c10::ArrayRef<long>, c10::ArrayRef<long>, at::native::index_kernel_impl<at::native::OpaqueType<4> >(at::TensorIteratorBase&, c10::ArrayRef<long>, c10::ArrayRef<long>)::{lambda(char*, char const*, long)#1} const&, bool)::{lambda(int)#1}>(long, at::native::gpu_index_kernel<at::native::index_kernel_impl<at::native::OpaqueType<4> >(at::TensorIteratorBase&, c10::ArrayRef<long>, c10::ArrayRef<long>)::{lambda(char*, char const*, long)#1}>(at::TensorIteratorBase&, c10::ArrayRef<long>, c10::ArrayRef<long>, at::native::index_kernel_impl<at::native::OpaqueType<4> >(at::TensorIteratorBase&, c10::ArrayRef<long>, c10::ArrayRef<long>)::{lambda(char*, char const*, long)#1} const&, bool)::{lambda(int)#1})",11,operator_shape_matched,"[[36],[]]","[""int"",""""]",null,1,1.6
aten::index,"void at::native::index_elementwise_kernel<128, 4, at::native::gpu_index_kernel<at::native::index_kernel_impl<at::native::OpaqueType<4> >(at::TensorIteratorBase&, c10::ArrayRef<long>, c10::ArrayRef<long>)::{lambda(char*, char const*, long)#1}>(at::TensorIteratorBase&, c10::ArrayRef<long>, c10::ArrayRef<long>, at::native::index_kernel_impl<at::native::OpaqueType<4> >(at::TensorIteratorBase&, c10::ArrayRef<long>, c10::ArrayRef<long>)::{lambda(char*, char const*, long)#1} const&, bool)::{lambda(int)#1}>(long, at::native::gpu_index_kernel<at::native::index_kernel_impl<at::native::OpaqueType<4> >(at::TensorIteratorBase&, c10::ArrayRef<long>, c10::ArrayRef<long>)::{lambda(char*, char const*, long)#1}>(at::TensorIteratorBase&, c10::ArrayRef<long>, c10::ArrayRef<long>, at::native::index_kernel_impl<at::native::OpaqueType<4> >(at::TensorIteratorBase&, c10::ArrayRef<long>, c10::ArrayRef<long>)::{lambda(char*, char const*, long)#1} const&, bool)::{lambda(int)#1})",12,operator_shape_matched,"[[38],[]]","[""int"",""""]",null,1,1.6
aten::index,"void at::native::index_elementwise_kernel<128, 4, at::native::gpu_index_kernel<at::native::index_kernel_impl<at::native::OpaqueType<4> >(at::TensorIteratorBase&, c10::ArrayRef<long>, c10::ArrayRef<long>)::{lambda(char*, char const*, long)#1}>(at::TensorIteratorBase&, c10::ArrayRef<long>, c10::ArrayRef<long>, at::native::index_kernel_impl<at::native::OpaqueType<4> >(at::TensorIteratorBase&, c10::ArrayRef<long>, c10::ArrayRef<long>)::{lambda(char*, char const*, long)#1} const&, bool)::{lambda(int)#1}>(long, at::native::gpu_index_kernel<at::native::index_kernel_impl<at::native::OpaqueType<4> >(at::TensorIteratorBase&, c10::ArrayRef<long>, c10::ArrayRef<long>)::{lambda(char*, char const*, long)#1}>(at::TensorIteratorBase&, c10::ArrayRef<long>, c10::ArrayRef<long>, at::native::index_kernel_impl<at::native::OpaqueType<4> >(at::TensorIteratorBase&, c10::ArrayRef<long>, c10::ArrayRef<long>)::{lambda(char*, char const*, long)#1} const&, bool)::{lambda(int)#1})",13,operator_shape_matched,"[[40],[]]","[""int"",""""]",null,1,1.6
aten::index,"void at::native::index_elementwise_kernel<128, 4, at::native::gpu_index_kernel<at::native::index_kernel_impl<at::native::OpaqueType<4> >(at::TensorIteratorBase&, c10::ArrayRef<long>, c10::ArrayRef<long>)::{lambda(char*, char const*, long)#1}>(at::TensorIteratorBase&, c10::ArrayRef<long>, c10::ArrayRef<long>, at::native::index_kernel_impl<at::native::OpaqueType<4> >(at::TensorIteratorBase&, c10::ArrayRef<long>, c10::ArrayRef<long>)::{lambda(char*, char const*, long)#1} const&, bool)::{lambda(int)#1}>(long, at::native::gpu_index_kernel<at::native::index_kernel_impl<at::native::OpaqueType<4> >(at::TensorIteratorBase&, c10::ArrayRef<long>, c10::ArrayRef<long>)::{lambda(char*, char const*, long)#1}>(at::TensorIteratorBase&, c10::ArrayRef<long>, c10::ArrayRef<long>, at::native::index_kernel_impl<at::native::OpaqueType<4> >(at::TensorIteratorBase&, c10::ArrayRef<long>, c10::ArrayRef<long>)::{lambda(char*, char const*, long)#1} const&, bool)::{lambda(int)#1})",14,operator_shape_matched,"[[48],[]]","[""int"",""""]",null,1,1.6
aten::index,"void at::native::index_elementwise_kernel<128, 4, at::native::gpu_index_kernel<at::native::index_kernel_impl<at::native::OpaqueType<4> >(at::TensorIteratorBase&, c10::ArrayRef<long>, c10::ArrayRef<long>)::{lambda(char*, char const*, long)#1}>(at::TensorIteratorBase&, c10::ArrayRef<long>, c10::ArrayRef<long>, at::native::index_kernel_impl<at::native::OpaqueType<4> >(at::TensorIteratorBase&, c10::ArrayRef<long>, c10::ArrayRef<long>)::{lambda(char*, char const*, long)#1} const&, bool)::{lambda(int)#1}>(long, at::native::gpu_index_kernel<at::native::index_kernel_impl<at::native::OpaqueType<4> >(at::TensorIteratorBase&, c10::ArrayRef<long>, c10::ArrayRef<long>)::{lambda(char*, char const*, long)#1}>(at::TensorIteratorBase&, c10::ArrayRef<long>, c10::ArrayRef<long>, at::native::index_kernel_impl<at::native::OpaqueType<4> >(at::TensorIteratorBase&, c10::ArrayRef<long>, c10::ArrayRef<long>)::{lambda(char*, char const*, long)#1} const&, bool)::{lambda(int)#1})",15,operator_shape_matched,"[[54],[]]","[""int"",""""]",null,1,1.6
aten::index,"void at::native::index_elementwise_kernel<128, 4, at::native::gpu_index_kernel<at::native::index_kernel_impl<at::native::OpaqueType<4> >(at::TensorIteratorBase&, c10::ArrayRef<long>, c10::ArrayRef<long>)::{lambda(char*, char const*, long)#1}>(at::TensorIteratorBase&, c10::ArrayRef<long>, c10::ArrayRef<long>, at::native::index_kernel_impl<at::native::OpaqueType<4> >(at::TensorIteratorBase&, c10::ArrayRef<long>, c10::ArrayRef<long>)::{lambda(char*, char const*, long)#1} const&, bool)::{lambda(int)#1}>(long, at::native::gpu_index_kernel<at::native::index_kernel_impl<at::native::OpaqueType<4> >(at::TensorIteratorBase&, c10::ArrayRef<long>, c10::ArrayRef<long>)::{lambda(char*, char const*, long)#1}>(at::TensorIteratorBase&, c10::ArrayRef<long>, c10::ArrayRef<long>, at::native::index_kernel_impl<at::native::OpaqueType<4> >(at::TensorIteratorBase&, c10::ArrayRef<long>, c10::ArrayRef<long>)::{lambda(char*, char const*, long)#1} const&, bool)::{lambda(int)#1})",16,operator_shape_matched,"[[60],[]]","[""int"",""""]",null,1,1.6
aten::index,"void at::native::index_elementwise_kernel<128, 4, at::native::gpu_index_kernel<at::native::index_kernel_impl<at::native::OpaqueType<4> >(at::TensorIteratorBase&, c10::ArrayRef<long>, c10::ArrayRef<long>)::{lambda(char*, char const*, long)#1}>(at::TensorIteratorBase&, c10::ArrayRef<long>, c10::ArrayRef<long>, at::native::index_kernel_impl<at::native::OpaqueType<4> >(at::TensorIteratorBase&, c10::ArrayRef<long>, c10::ArrayRef<long>)::{lambda(char*, char const*, long)#1} const&, bool)::{lambda(int)#1}>(long, at::native::gpu_index_kernel<at::native::index_kernel_impl<at::native::OpaqueType<4> >(at::TensorIteratorBase&, c10::ArrayRef<long>, c10::ArrayRef<long>)::{lambda(char*, char const*, long)#1}>(at::TensorIteratorBase&, c10::ArrayRef<long>, c10::ArrayRef<long>, at::native::index_kernel_impl<at::native::OpaqueType<4> >(at::TensorIteratorBase&, c10::ArrayRef<long>, c10::ArrayRef<long>)::{lambda(char*, char const*, long)#1} const&, bool)::{lambda(int)#1})",17,operator_shape_matched,"[[34],[]]","[""int"",""""]",null,1,1.568
aten::index,"void at::native::index_elementwise_kernel<128, 4, at::native::gpu_index_kernel<at::native::index_kernel_impl<at::native::OpaqueType<4> >(at::TensorIteratorBase&, c10::ArrayRef<long>, c10::ArrayRef<long>)::{lambda(char*, char const*, long)#1}>(at::TensorIteratorBase&, c10::ArrayRef<long>, c10::ArrayRef<long>, at::native::index_kernel_impl<at::native::OpaqueType<4> >(at::TensorIteratorBase&, c10::ArrayRef<long>, c10::ArrayRef<long>)::{lambda(char*, char const*, long)#1} const&, bool)::{lambda(int)#1}>(long, at::native::gpu_index_kernel<at::native::index_kernel_impl<at::native::OpaqueType<4> >(at::TensorIteratorBase&, c10::ArrayRef<long>, c10::ArrayRef<long>)::{lambda(char*, char const*, long)#1}>(at::TensorIteratorBase&, c10::ArrayRef<long>, c10::ArrayRef<long>, at::native::index_kernel_impl<at::native::OpaqueType<4> >(at::TensorIteratorBase&, c10::ArrayRef<long>, c10::ArrayRef<long>)::{lambda(char*, char const*, long)#1} const&, bool)::{lambda(int)#1})",18,operator_shape_matched,"[[50],[]]","[""int"",""""]",null,1,1.536
aten::add,add_func_kernel_rank_1,1,operator_shape_matched,"[[64],[64],[]]","[""long int"",""long int"",""Scalar""]",null,222,259.905
aten::add,add_func_kernel_rank_1,2,operator_shape_matched,"[[64],[64],[]]","[""int"",""int"",""Scalar""]",null,223,255.364
aten::add,add_func_kernel_rank_1,3,operator_shape_matched,"[[8192],[8192],[]]","[""long int"",""long int"",""Scalar""]",null,31,46.173
aten::add,add_func_kernel_rank_1,4,operator_shape_matched,"[[63],[63],[]]","[""int"",""int"",""Scalar""]",null,3,3.936
aten::add,add_func_kernel_rank_1,5,operator_shape_matched,"[[63],[63],[]]","[""long int"",""long int"",""Scalar""]",null,2,2.656
aten::add,add_func_kernel_rank_1,6,operator_shape_matched,"[[1],[1],[]]","[""int"",""int"",""Scalar""]",null,2,2.624
aten::add,add_func_kernel_rank_1,7,operator_shape_matched,"[[5089],[5089],[]]","[""long int"",""long int"",""Scalar""]",null,1,1.664
aten::add,add_func_kernel_rank_1,8,operator_shape_matched,"[[8],[8],[]]","[""int"",""int"",""Scalar""]",null,1,1.632
aten::add,add_func_kernel_rank_1,9,operator_shape_matched,"[[5],[5],[]]","[""int"",""int"",""Scalar""]",null,1,1.503
aten::add,add_func_kernel_rank_1,10,operator_shape_matched,"[[17],[17],[]]","[""int"",""int"",""Scalar""]",null,1,1.472
aten::add,add_func_kernel_rank_1,11,operator_shape_matched,"[[35],[35],[]]","[""int"",""int"",""Scalar""]",null,1,1.472
aten::add,add_func_kernel_rank_1,12,operator_shape_matched,"[[54],[54],[]]","[""int"",""int"",""Scalar""]",null,1,1.472
aten::add,add_func_kernel_rank_1,13,operator_shape_matched,"[[42],[42],[]]","[""long int"",""long int"",""Scalar""]",null,1,1.471
aten::add,add_func_kernel_rank_1,14,operator_shape_matched,"[[20],[20],[]]","[""long int"",""long int"",""Scalar""]",null,1,1.44
aten::add,add_func_kernel_rank_1,15,operator_shape_matched,"[[33],[33],[]]","[""int"",""int"",""Scalar""]",null,1,1.408
aten::add,add_func_kernel_rank_1,16,operator_shape_matched,"[[38],[38],[]]","[""long int"",""long int"",""Scalar""]",null,1,1.408
aten::add,add_func_kernel_rank_1,17,operator_shape_matched,"[[52],[52],[]]","[""long int"",""long int"",""Scalar""]",null,1,1.377
aten::add,add_func_kernel_rank_1,18,operator_shape_matched,"[[2],[2],[]]","[""long int"",""long int"",""Scalar""]",null,1,1.376
aten::add,add_func_kernel_rank_1,19,operator_shape_matched,"[[61],[61],[]]","[""int"",""int"",""Scalar""]",null,1,1.376
aten::add,add_func_kernel_rank_1,20,operator_shape_matched,"[[18],[18],[]]","[""long int"",""long int"",""Scalar""]",null,1,1.344
aten::add,add_func_kernel_rank_1,21,operator_shape_matched,"[[21],[21],[]]","[""int"",""int"",""Scalar""]",null,1,1.344
aten::add,add_func_kernel_rank_1,22,operator_shape_matched,"[[25],[25],[]]","[""int"",""int"",""Scalar""]",null,1,1.344
aten::add,add_func_kernel_rank_1,23,operator_shape_matched,"[[3],[3],[]]","[""int"",""int"",""Scalar""]",null,1,1.344
aten::add,add_func_kernel_rank_1,24,operator_shape_matched,"[[50],[50],[]]","[""long int"",""long int"",""Scalar""]",null,1,1.344
aten::add,add_func_kernel_rank_1,25,operator_shape_matched,"[[55],[55],[]]","[""int"",""int"",""Scalar""]",null,1,1.344
aten::add,add_func_kernel_rank_1,26,operator_shape_matched,"[[44],[44],[]]","[""long int"",""long int"",""Scalar""]",null,1,1.313
aten::add,add_func_kernel_rank_1,27,operator_shape_matched,"[[22],[22],[]]","[""long int"",""long int"",""Scalar""]",null,1,1.312
aten::add,add_func_kernel_rank_1,28,operator_shape_matched,"[[24],[24],[]]","[""long int"",""long int"",""Scalar""]",null,1,1.312
aten::add,add_func_kernel_rank_1,29,operator_shape_matched,"[[26],[26],[]]","[""long int"",""long int"",""Scalar""]",null,1,1.312
aten::add,add_func_kernel_rank_1,30,operator_shape_matched,"[[29],[29],[]]","[""int"",""int"",""Scalar""]",null,1,1.312
aten::add,add_func_kernel_rank_1,31,operator_shape_matched,"[[36],[36],[]]","[""long int"",""long int"",""Scalar""]",null,1,1.312
aten::add,add_func_kernel_rank_1,32,operator_shape_matched,"[[48],[48],[]]","[""long int"",""long int"",""Scalar""]",null,1,1.312
aten::add,add_func_kernel_rank_1,33,operator_shape_matched,"[[57],[57],[]]","[""int"",""int"",""Scalar""]",null,1,1.312
aten::add,add_func_kernel_rank_1,34,operator_shape_matched,"[[58],[58],[]]","[""long int"",""long int"",""Scalar""]",null,1,1.312
aten::add,add_func_kernel_rank_1,35,operator_shape_matched,"[[62],[62],[]]","[""long int"",""long int"",""Scalar""]",null,1,1.312
aten::add,add_func_kernel_rank_1,36,operator_shape_matched,"[[12],[12],[]]","[""int"",""int"",""Scalar""]",null,1,1.28
aten::add,add_func_kernel_rank_1,37,operator_shape_matched,"[[18],[18],[]]","[""int"",""int"",""Scalar""]",null,1,1.28
aten::add,add_func_kernel_rank_1,38,operator_shape_matched,"[[19],[19],[]]","[""int"",""int"",""Scalar""]",null,1,1.28
aten::add,add_func_kernel_rank_1,39,operator_shape_matched,"[[22],[22],[]]","[""int"",""int"",""Scalar""]",null,1,1.28
aten::add,add_func_kernel_rank_1,40,operator_shape_matched,"[[23],[23],[]]","[""int"",""int"",""Scalar""]",null,1,1.28
aten::add,add_func_kernel_rank_1,41,operator_shape_matched,"[[27],[27],[]]","[""int"",""int"",""Scalar""]",null,1,1.28
aten::add,add_func_kernel_rank_1,42,operator_shape_matched,"[[28],[28],[]]","[""long int"",""long int"",""Scalar""]",null,1,1.28
aten::add,add_func_kernel_rank_1,43,operator_shape_matched,"[[30],[30],[]]","[""int"",""int"",""Scalar""]",null,1,1.28
aten::add,add_func_kernel_rank_1,44,operator_shape_matched,"[[30],[30],[]]","[""long int"",""long int"",""Scalar""]",null,1,1.28
aten::add,add_func_kernel_rank_1,45,operator_shape_matched,"[[31],[31],[]]","[""int"",""int"",""Scalar""]",null,1,1.28
aten::add,add_func_kernel_rank_1,46,operator_shape_matched,"[[34],[34],[]]","[""long int"",""long int"",""Scalar""]",null,1,1.28
aten::add,add_func_kernel_rank_1,47,operator_shape_matched,"[[36],[36],[]]","[""int"",""int"",""Scalar""]",null,1,1.28
aten::add,add_func_kernel_rank_1,48,operator_shape_matched,"[[37],[37],[]]","[""int"",""int"",""Scalar""]",null,1,1.28
aten::add,add_func_kernel_rank_1,49,operator_shape_matched,"[[39],[39],[]]","[""int"",""int"",""Scalar""]",null,1,1.28
aten::add,add_func_kernel_rank_1,50,operator_shape_matched,"[[46],[46],[]]","[""long int"",""long int"",""Scalar""]",null,1,1.28
aten::add,add_func_kernel_rank_1,51,operator_shape_matched,"[[48],[48],[]]","[""int"",""int"",""Scalar""]",null,1,1.28
aten::add,add_func_kernel_rank_1,52,operator_shape_matched,"[[4],[4],[]]","[""long int"",""long int"",""Scalar""]",null,1,1.28
aten::add,add_func_kernel_rank_1,53,operator_shape_matched,"[[50],[50],[]]","[""int"",""int"",""Scalar""]",null,1,1.28
aten::add,add_func_kernel_rank_1,54,operator_shape_matched,"[[53],[53],[]]","[""int"",""int"",""Scalar""]",null,1,1.28
aten::add,add_func_kernel_rank_1,55,operator_shape_matched,"[[56],[56],[]]","[""int"",""int"",""Scalar""]",null,1,1.28
aten::add,add_func_kernel_rank_1,56,operator_shape_matched,"[[59],[59],[]]","[""int"",""int"",""Scalar""]",null,1,1.28
aten::add,add_func_kernel_rank_1,57,operator_shape_matched,"[[60],[60],[]]","[""long int"",""long int"",""Scalar""]",null,1,1.28
aten::add,add_func_kernel_rank_1,58,operator_shape_matched,"[[62],[62],[]]","[""int"",""int"",""Scalar""]",null,1,1.28
aten::add,add_func_kernel_rank_1,59,operator_shape_matched,"[[6],[6],[]]","[""long int"",""long int"",""Scalar""]",null,1,1.28
aten::add,add_func_kernel_rank_1,60,operator_shape_matched,"[[7],[7],[]]","[""int"",""int"",""Scalar""]",null,1,1.28
aten::add,add_func_kernel_rank_1,61,operator_shape_matched,"[[9],[9],[]]","[""int"",""int"",""Scalar""]",null,1,1.28
aten::add,add_func_kernel_rank_1,62,operator_shape_matched,"[[10],[10],[]]","[""int"",""int"",""Scalar""]",null,1,1.249
aten::add,add_func_kernel_rank_1,63,operator_shape_matched,"[[40],[40],[]]","[""int"",""int"",""Scalar""]",null,1,1.249
aten::add,add_func_kernel_rank_1,64,operator_shape_matched,"[[42],[42],[]]","[""int"",""int"",""Scalar""]",null,1,1.249
aten::add,add_func_kernel_rank_1,65,operator_shape_matched,"[[10],[10],[]]","[""long int"",""long int"",""Scalar""]",null,1,1.248
aten::add,add_func_kernel_rank_1,66,operator_shape_matched,"[[11],[11],[]]","[""int"",""int"",""Scalar""]",null,1,1.248
aten::add,add_func_kernel_rank_1,67,operator_shape_matched,"[[12],[12],[]]","[""long int"",""long int"",""Scalar""]",null,1,1.248
aten::add,add_func_kernel_rank_1,68,operator_shape_matched,"[[13],[13],[]]","[""int"",""int"",""Scalar""]",null,1,1.248
aten::add,add_func_kernel_rank_1,69,operator_shape_matched,"[[14],[14],[]]","[""int"",""int"",""Scalar""]",null,1,1.248
aten::add,add_func_kernel_rank_1,70,operator_shape_matched,"[[14],[14],[]]","[""long int"",""long int"",""Scalar""]",null,1,1.248
aten::add,add_func_kernel_rank_1,71,operator_shape_matched,"[[15],[15],[]]","[""int"",""int"",""Scalar""]",null,1,1.248
aten::add,add_func_kernel_rank_1,72,operator_shape_matched,"[[1],[1],[]]","[""long int"",""long int"",""Scalar""]",null,1,1.248
aten::add,add_func_kernel_rank_1,73,operator_shape_matched,"[[20],[20],[]]","[""int"",""int"",""Scalar""]",null,1,1.248
aten::add,add_func_kernel_rank_1,74,operator_shape_matched,"[[24],[24],[]]","[""int"",""int"",""Scalar""]",null,1,1.248
aten::add,add_func_kernel_rank_1,75,operator_shape_matched,"[[26],[26],[]]","[""int"",""int"",""Scalar""]",null,1,1.248
aten::add,add_func_kernel_rank_1,76,operator_shape_matched,"[[28],[28],[]]","[""int"",""int"",""Scalar""]",null,1,1.248
aten::add,add_func_kernel_rank_1,77,operator_shape_matched,"[[2],[2],[]]","[""int"",""int"",""Scalar""]",null,1,1.248
aten::add,add_func_kernel_rank_1,78,operator_shape_matched,"[[34],[34],[]]","[""int"",""int"",""Scalar""]",null,1,1.248
aten::add,add_func_kernel_rank_1,79,operator_shape_matched,"[[38],[38],[]]","[""int"",""int"",""Scalar""]",null,1,1.248
aten::add,add_func_kernel_rank_1,80,operator_shape_matched,"[[4096],[4096],[]]","[""long int"",""long int"",""Scalar""]",null,1,1.248
aten::add,add_func_kernel_rank_1,81,operator_shape_matched,"[[41],[41],[]]","[""int"",""int"",""Scalar""]",null,1,1.248
aten::add,add_func_kernel_rank_1,82,operator_shape_matched,"[[44],[44],[]]","[""int"",""int"",""Scalar""]",null,1,1.248
aten::add,add_func_kernel_rank_1,83,operator_shape_matched,"[[45],[45],[]]","[""int"",""int"",""Scalar""]",null,1,1.248
aten::add,add_func_kernel_rank_1,84,operator_shape_matched,"[[46],[46],[]]","[""int"",""int"",""Scalar""]",null,1,1.248
aten::add,add_func_kernel_rank_1,85,operator_shape_matched,"[[47],[47],[]]","[""int"",""int"",""Scalar""]",null,1,1.248
aten::add,add_func_kernel_rank_1,86,operator_shape_matched,"[[49],[49],[]]","[""int"",""int"",""Scalar""]",null,1,1.248
aten::add,add_func_kernel_rank_1,87,operator_shape_matched,"[[4],[4],[]]","[""int"",""int"",""Scalar""]",null,1,1.248
aten::add,add_func_kernel_rank_1,88,operator_shape_matched,"[[51],[51],[]]","[""int"",""int"",""Scalar""]",null,1,1.248
aten::add,add_func_kernel_rank_1,89,operator_shape_matched,"[[52],[52],[]]","[""int"",""int"",""Scalar""]",null,1,1.248
aten::add,add_func_kernel_rank_1,90,operator_shape_matched,"[[54],[54],[]]","[""long int"",""long int"",""Scalar""]",null,1,1.248
aten::add,add_func_kernel_rank_1,91,operator_shape_matched,"[[58],[58],[]]","[""int"",""int"",""Scalar""]",null,1,1.248
aten::add,add_func_kernel_rank_1,92,operator_shape_matched,"[[60],[60],[]]","[""int"",""int"",""Scalar""]",null,1,1.248
aten::add,add_func_kernel_rank_1,93,operator_shape_matched,"[[6],[6],[]]","[""int"",""int"",""Scalar""]",null,1,1.248
aten::add,add_func_kernel_rank_1,94,operator_shape_matched,"[[43],[43],[]]","[""int"",""int"",""Scalar""]",null,1,1.247
aten::add,add_func_kernel_rank_1,95,operator_shape_matched,"[[32],[32],[]]","[""long int"",""long int"",""Scalar""]",null,1,1.216
aten::add,add_func_kernel_rank_1,96,operator_shape_matched,"[[56],[56],[]]","[""long int"",""long int"",""Scalar""]",null,1,1.152
aten::add,add_func_kernel_rank_1,97,operator_shape_matched,"[[16],[16],[]]","[""int"",""int"",""Scalar""]",null,1,1.12
aten::add,add_func_kernel_rank_1,98,operator_shape_matched,"[[16],[16],[]]","[""long int"",""long int"",""Scalar""]",null,1,1.12
aten::add,add_func_kernel_rank_1,99,operator_shape_matched,"[[32],[32],[]]","[""int"",""int"",""Scalar""]",null,1,1.12
aten::add,add_func_kernel_rank_1,100,operator_shape_matched,"[[40],[40],[]]","[""long int"",""long int"",""Scalar""]",null,1,1.12
aten::add,add_func_kernel_rank_1,101,operator_shape_matched,"[[8],[8],[]]","[""long int"",""long int"",""Scalar""]",null,1,1.12
aten::mm,"void gemv2T_kernel_val<int, int, __nv_bfloat16, __nv_bfloat16, __nv_bfloat16, float, 128, 16, 4, 4, false, false, cublasGemvParamsEx<int, cublasGemvTensorStridedBatched<__nv_bfloat16 const>, cublasGemvTensorStridedBatched<__nv_bfloat16 const>, cublasGemvTensorStridedBatched<__nv_bfloat16>, float> >(cublasGemvParamsEx<int, cublasGemvTensorStridedBatched<__nv_bfloat16 const>, cublasGemvTensorStridedBatched<__nv_bfloat16 const>, cublasGemvTensorStridedBatched<__nv_bfloat16>, float>, float, float)",1,operator_shape_matched,"[[5089,2048],[2048,1]]","[""c10::BFloat16"",""c10::BFloat16""]",null,40,661.482
aten::copy_,"void at::native::unrolled_elementwise_kernel<at::native::direct_copy_kernel_cuda(at::TensorIteratorBase&)::{lambda()#3}::operator()() const::{lambda()#3}::operator()() const::{lambda(int)#1}, std::array<char*, 2ul>, 4, TrivialOffsetCalculator<1, unsigned int>, TrivialOffsetCalculator<1, unsigned int>, at::native::memory::LoadWithCast<1>, at::native::memory::StoreWithCast<1> >(int, at::native::direct_copy_kernel_cuda(at::TensorIteratorBase&)::{lambda()#3}::operator()() const::{lambda()#3}::operator()() const::{lambda(int)#1}, std::array<char*, 2ul>, TrivialOffsetCalculator<1, unsigned int>, TrivialOffsetCalculator<1, unsigned int>, at::native::memory::LoadWithCast<1>, at::native::memory::StoreWithCast<1>)",1,operator_shape_matched,"[[64],[64],[]]","[""int"",""long int"",""Scalar""]",null,223,324.009
aten::copy_,"void at::native::unrolled_elementwise_kernel<at::native::direct_copy_kernel_cuda(at::TensorIteratorBase&)::{lambda()#3}::operator()() const::{lambda()#3}::operator()() const::{lambda(int)#1}, std::array<char*, 2ul>, 4, TrivialOffsetCalculator<1, unsigned int>, TrivialOffsetCalculator<1, unsigned int>, at::native::memory::LoadWithCast<1>, at::native::memory::StoreWithCast<1> >(int, at::native::direct_copy_kernel_cuda(at::TensorIteratorBase&)::{lambda()#3}::operator()() const::{lambda()#3}::operator()() const::{lambda(int)#1}, std::array<char*, 2ul>, TrivialOffsetCalculator<1, unsigned int>, TrivialOffsetCalculator<1, unsigned int>, at::native::memory::LoadWithCast<1>, at::native::memory::StoreWithCast<1>)",2,operator_shape_matched,"[[1039],[1039],[]]","[""int"",""long int"",""Scalar""]",null,3,5.345
aten::copy_,"void at::native::unrolled_elementwise_kernel<at::native::direct_copy_kernel_cuda(at::TensorIteratorBase&)::{lambda()#3}::operator()() const::{lambda()#3}::operator()() const::{lambda(int)#1}, std::array<char*, 2ul>, 4, TrivialOffsetCalculator<1, unsigned int>, TrivialOffsetCalculator<1, unsigned int>, at::native::memory::LoadWithCast<1>, at::native::memory::StoreWithCast<1> >(int, at::native::direct_copy_kernel_cuda(at::TensorIteratorBase&)::{lambda()#3}::operator()() const::{lambda()#3}::operator()() const::{lambda(int)#1}, std::array<char*, 2ul>, TrivialOffsetCalculator<1, unsigned int>, TrivialOffsetCalculator<1, unsigned int>, at::native::memory::LoadWithCast<1>, at::native::memory::StoreWithCast<1>)",3,operator_shape_matched,"[[1072],[1072],[]]","[""int"",""long int"",""Scalar""]",null,3,5.313
aten::copy_,"void at::native::unrolled_elementwise_kernel<at::native::direct_copy_kernel_cuda(at::TensorIteratorBase&)::{lambda()#3}::operator()() const::{lambda()#3}::operator()() const::{lambda(int)#1}, std::array<char*, 2ul>, 4, TrivialOffsetCalculator<1, unsigned int>, TrivialOffsetCalculator<1, unsigned int>, at::native::memory::LoadWithCast<1>, at::native::memory::StoreWithCast<1> >(int, at::native::direct_copy_kernel_cuda(at::TensorIteratorBase&)::{lambda()#3}::operator()() const::{lambda()#3}::operator()() const::{lambda(int)#1}, std::array<char*, 2ul>, TrivialOffsetCalculator<1, unsigned int>, TrivialOffsetCalculator<1, unsigned int>, at::native::memory::LoadWithCast<1>, at::native::memory::StoreWithCast<1>)",4,operator_shape_matched,"[[1058],[1058],[]]","[""int"",""long int"",""Scalar""]",null,3,5.312
aten::copy_,"void at::native::unrolled_elementwise_kernel<at::native::direct_copy_kernel_cuda(at::TensorIteratorBase&)::{lambda()#3}::operator()() const::{lambda()#3}::operator()() const::{lambda(int)#1}, std::array<char*, 2ul>, 4, TrivialOffsetCalculator<1, unsigned int>, TrivialOffsetCalculator<1, unsigned int>, at::native::memory::LoadWithCast<1>, at::native::memory::StoreWithCast<1> >(int, at::native::direct_copy_kernel_cuda(at::TensorIteratorBase&)::{lambda()#3}::operator()() const::{lambda()#3}::operator()() const::{lambda(int)#1}, std::array<char*, 2ul>, TrivialOffsetCalculator<1, unsigned int>, TrivialOffsetCalculator<1, unsigned int>, at::native::memory::LoadWithCast<1>, at::native::memory::StoreWithCast<1>)",5,operator_shape_matched,"[[1071],[1071],[]]","[""int"",""long int"",""Scalar""]",null,3,5.312
aten::copy_,"void at::native::unrolled_elementwise_kernel<at::native::direct_copy_kernel_cuda(at::TensorIteratorBase&)::{lambda()#3}::operator()() const::{lambda()#3}::operator()() const::{lambda(int)#1}, std::array<char*, 2ul>, 4, TrivialOffsetCalculator<1, unsigned int>, TrivialOffsetCalculator<1, unsigned int>, at::native::memory::LoadWithCast<1>, at::native::memory::StoreWithCast<1> >(int, at::native::direct_copy_kernel_cuda(at::TensorIteratorBase&)::{lambda()#3}::operator()() const::{lambda()#3}::operator()() const::{lambda(int)#1}, std::array<char*, 2ul>, TrivialOffsetCalculator<1, unsigned int>, TrivialOffsetCalculator<1, unsigned int>, at::native::memory::LoadWithCast<1>, at::native::memory::StoreWithCast<1>)",6,operator_shape_matched,"[[1053],[1053],[]]","[""int"",""long int"",""Scalar""]",null,3,5.281
aten::copy_,"void at::native::unrolled_elementwise_kernel<at::native::direct_copy_kernel_cuda(at::TensorIteratorBase&)::{lambda()#3}::operator()() const::{lambda()#3}::operator()() const::{lambda(int)#1}, std::array<char*, 2ul>, 4, TrivialOffsetCalculator<1, unsigned int>, TrivialOffsetCalculator<1, unsigned int>, at::native::memory::LoadWithCast<1>, at::native::memory::StoreWithCast<1> >(int, at::native::direct_copy_kernel_cuda(at::TensorIteratorBase&)::{lambda()#3}::operator()() const::{lambda()#3}::operator()() const::{lambda(int)#1}, std::array<char*, 2ul>, TrivialOffsetCalculator<1, unsigned int>, TrivialOffsetCalculator<1, unsigned int>, at::native::memory::LoadWithCast<1>, at::native::memory::StoreWithCast<1>)",7,operator_shape_matched,"[[1044],[1044],[]]","[""int"",""long int"",""Scalar""]",null,3,5.28
aten::copy_,"void at::native::unrolled_elementwise_kernel<at::native::direct_copy_kernel_cuda(at::TensorIteratorBase&)::{lambda()#3}::operator()() const::{lambda()#3}::operator()() const::{lambda(int)#1}, std::array<char*, 2ul>, 4, TrivialOffsetCalculator<1, unsigned int>, TrivialOffsetCalculator<1, unsigned int>, at::native::memory::LoadWithCast<1>, at::native::memory::StoreWithCast<1> >(int, at::native::direct_copy_kernel_cuda(at::TensorIteratorBase&)::{lambda()#3}::operator()() const::{lambda()#3}::operator()() const::{lambda(int)#1}, std::array<char*, 2ul>, TrivialOffsetCalculator<1, unsigned int>, TrivialOffsetCalculator<1, unsigned int>, at::native::memory::LoadWithCast<1>, at::native::memory::StoreWithCast<1>)",8,operator_shape_matched,"[[1029],[1029],[]]","[""int"",""long int"",""Scalar""]",null,3,5.279
aten::copy_,"void at::native::unrolled_elementwise_kernel<at::native::direct_copy_kernel_cuda(at::TensorIteratorBase&)::{lambda()#3}::operator()() const::{lambda()#3}::operator()() const::{lambda(int)#1}, std::array<char*, 2ul>, 4, TrivialOffsetCalculator<1, unsigned int>, TrivialOffsetCalculator<1, unsigned int>, at::native::memory::LoadWithCast<1>, at::native::memory::StoreWithCast<1> >(int, at::native::direct_copy_kernel_cuda(at::TensorIteratorBase&)::{lambda()#3}::operator()() const::{lambda()#3}::operator()() const::{lambda(int)#1}, std::array<char*, 2ul>, TrivialOffsetCalculator<1, unsigned int>, TrivialOffsetCalculator<1, unsigned int>, at::native::memory::LoadWithCast<1>, at::native::memory::StoreWithCast<1>)",9,operator_shape_matched,"[[1076],[1076],[]]","[""int"",""long int"",""Scalar""]",null,3,5.248
aten::copy_,"void at::native::unrolled_elementwise_kernel<at::native::direct_copy_kernel_cuda(at::TensorIteratorBase&)::{lambda()#3}::operator()() const::{lambda()#3}::operator()() const::{lambda(int)#1}, std::array<char*, 2ul>, 4, TrivialOffsetCalculator<1, unsigned int>, TrivialOffsetCalculator<1, unsigned int>, at::native::memory::LoadWithCast<1>, at::native::memory::StoreWithCast<1> >(int, at::native::direct_copy_kernel_cuda(at::TensorIteratorBase&)::{lambda()#3}::operator()() const::{lambda()#3}::operator()() const::{lambda(int)#1}, std::array<char*, 2ul>, TrivialOffsetCalculator<1, unsigned int>, TrivialOffsetCalculator<1, unsigned int>, at::native::memory::LoadWithCast<1>, at::native::memory::StoreWithCast<1>)",10,operator_shape_matched,"[[1030],[1030],[]]","[""int"",""long int"",""Scalar""]",null,3,5.217
aten::copy_,"void at::native::unrolled_elementwise_kernel<at::native::direct_copy_kernel_cuda(at::TensorIteratorBase&)::{lambda()#3}::operator()() const::{lambda()#3}::operator()() const::{lambda(int)#1}, std::array<char*, 2ul>, 4, TrivialOffsetCalculator<1, unsigned int>, TrivialOffsetCalculator<1, unsigned int>, at::native::memory::LoadWithCast<1>, at::native::memory::StoreWithCast<1> >(int, at::native::direct_copy_kernel_cuda(at::TensorIteratorBase&)::{lambda()#3}::operator()() const::{lambda()#3}::operator()() const::{lambda(int)#1}, std::array<char*, 2ul>, TrivialOffsetCalculator<1, unsigned int>, TrivialOffsetCalculator<1, unsigned int>, at::native::memory::LoadWithCast<1>, at::native::memory::StoreWithCast<1>)",11,operator_shape_matched,"[[1043],[1043],[]]","[""int"",""long int"",""Scalar""]",null,3,5.217
aten::copy_,"void at::native::unrolled_elementwise_kernel<at::native::direct_copy_kernel_cuda(at::TensorIteratorBase&)::{lambda()#3}::operator()() const::{lambda()#3}::operator()() const::{lambda(int)#1}, std::array<char*, 2ul>, 4, TrivialOffsetCalculator<1, unsigned int>, TrivialOffsetCalculator<1, unsigned int>, at::native::memory::LoadWithCast<1>, at::native::memory::StoreWithCast<1> >(int, at::native::direct_copy_kernel_cuda(at::TensorIteratorBase&)::{lambda()#3}::operator()() const::{lambda()#3}::operator()() const::{lambda(int)#1}, std::array<char*, 2ul>, TrivialOffsetCalculator<1, unsigned int>, TrivialOffsetCalculator<1, unsigned int>, at::native::memory::LoadWithCast<1>, at::native::memory::StoreWithCast<1>)",12,operator_shape_matched,"[[1057],[1057],[]]","[""int"",""long int"",""Scalar""]",null,3,5.217
aten::copy_,"void at::native::unrolled_elementwise_kernel<at::native::direct_copy_kernel_cuda(at::TensorIteratorBase&)::{lambda()#3}::operator()() const::{lambda()#3}::operator()() const::{lambda(int)#1}, std::array<char*, 2ul>, 4, TrivialOffsetCalculator<1, unsigned int>, TrivialOffsetCalculator<1, unsigned int>, at::native::memory::LoadWithCast<1>, at::native::memory::StoreWithCast<1> >(int, at::native::direct_copy_kernel_cuda(at::TensorIteratorBase&)::{lambda()#3}::operator()() const::{lambda()#3}::operator()() const::{lambda(int)#1}, std::array<char*, 2ul>, TrivialOffsetCalculator<1, unsigned int>, TrivialOffsetCalculator<1, unsigned int>, at::native::memory::LoadWithCast<1>, at::native::memory::StoreWithCast<1>)",13,operator_shape_matched,"[[1062],[1062],[]]","[""int"",""long int"",""Scalar""]",null,3,5.217
aten::copy_,"void at::native::unrolled_elementwise_kernel<at::native::direct_copy_kernel_cuda(at::TensorIteratorBase&)::{lambda()#3}::operator()() const::{lambda()#3}::operator()() const::{lambda(int)#1}, std::array<char*, 2ul>, 4, TrivialOffsetCalculator<1, unsigned int>, TrivialOffsetCalculator<1, unsigned int>, at::native::memory::LoadWithCast<1>, at::native::memory::StoreWithCast<1> >(int, at::native::direct_copy_kernel_cuda(at::TensorIteratorBase&)::{lambda()#3}::operator()() const::{lambda()#3}::operator()() const::{lambda(int)#1}, std::array<char*, 2ul>, TrivialOffsetCalculator<1, unsigned int>, TrivialOffsetCalculator<1, unsigned int>, at::native::memory::LoadWithCast<1>, at::native::memory::StoreWithCast<1>)",14,operator_shape_matched,"[[1037],[1037],[]]","[""int"",""long int"",""Scalar""]",null,3,5.216
aten::copy_,"void at::native::unrolled_elementwise_kernel<at::native::direct_copy_kernel_cuda(at::TensorIteratorBase&)::{lambda()#3}::operator()() const::{lambda()#3}::operator()() const::{lambda(int)#1}, std::array<char*, 2ul>, 4, TrivialOffsetCalculator<1, unsigned int>, TrivialOffsetCalculator<1, unsigned int>, at::native::memory::LoadWithCast<1>, at::native::memory::StoreWithCast<1> >(int, at::native::direct_copy_kernel_cuda(at::TensorIteratorBase&)::{lambda()#3}::operator()() const::{lambda()#3}::operator()() const::{lambda(int)#1}, std::array<char*, 2ul>, TrivialOffsetCalculator<1, unsigned int>, TrivialOffsetCalculator<1, unsigned int>, at::native::memory::LoadWithCast<1>, at::native::memory::StoreWithCast<1>)",15,operator_shape_matched,"[[1048],[1048],[]]","[""int"",""long int"",""Scalar""]",null,3,5.216
aten::copy_,"void at::native::unrolled_elementwise_kernel<at::native::direct_copy_kernel_cuda(at::TensorIteratorBase&)::{lambda()#3}::operator()() const::{lambda()#3}::operator()() const::{lambda(int)#1}, std::array<char*, 2ul>, 4, TrivialOffsetCalculator<1, unsigned int>, TrivialOffsetCalculator<1, unsigned int>, at::native::memory::LoadWithCast<1>, at::native::memory::StoreWithCast<1> >(int, at::native::direct_copy_kernel_cuda(at::TensorIteratorBase&)::{lambda()#3}::operator()() const::{lambda()#3}::operator()() const::{lambda(int)#1}, std::array<char*, 2ul>, TrivialOffsetCalculator<1, unsigned int>, TrivialOffsetCalculator<1, unsigned int>, at::native::memory::LoadWithCast<1>, at::native::memory::StoreWithCast<1>)",16,operator_shape_matched,"[[1065],[1065],[]]","[""int"",""long int"",""Scalar""]",null,3,5.216
aten::copy_,"void at::native::unrolled_elementwise_kernel<at::native::direct_copy_kernel_cuda(at::TensorIteratorBase&)::{lambda()#3}::operator()() const::{lambda()#3}::operator()() const::{lambda(int)#1}, std::array<char*, 2ul>, 4, TrivialOffsetCalculator<1, unsigned int>, TrivialOffsetCalculator<1, unsigned int>, at::native::memory::LoadWithCast<1>, at::native::memory::StoreWithCast<1> >(int, at::native::direct_copy_kernel_cuda(at::TensorIteratorBase&)::{lambda()#3}::operator()() const::{lambda()#3}::operator()() const::{lambda(int)#1}, std::array<char*, 2ul>, TrivialOffsetCalculator<1, unsigned int>, TrivialOffsetCalculator<1, unsigned int>, at::native::memory::LoadWithCast<1>, at::native::memory::StoreWithCast<1>)",17,operator_shape_matched,"[[1077],[1077],[]]","[""int"",""long int"",""Scalar""]",null,3,5.216
aten::copy_,"void at::native::unrolled_elementwise_kernel<at::native::direct_copy_kernel_cuda(at::TensorIteratorBase&)::{lambda()#3}::operator()() const::{lambda()#3}::operator()() const::{lambda(int)#1}, std::array<char*, 2ul>, 4, TrivialOffsetCalculator<1, unsigned int>, TrivialOffsetCalculator<1, unsigned int>, at::native::memory::LoadWithCast<1>, at::native::memory::StoreWithCast<1> >(int, at::native::direct_copy_kernel_cuda(at::TensorIteratorBase&)::{lambda()#3}::operator()() const::{lambda()#3}::operator()() const::{lambda(int)#1}, std::array<char*, 2ul>, TrivialOffsetCalculator<1, unsigned int>, TrivialOffsetCalculator<1, unsigned int>, at::native::memory::LoadWithCast<1>, at::native::memory::StoreWithCast<1>)",18,operator_shape_matched,"[[512],[512],[]]","[""int"",""long int"",""Scalar""]",null,3,5.216
aten::copy_,"void at::native::unrolled_elementwise_kernel<at::native::direct_copy_kernel_cuda(at::TensorIteratorBase&)::{lambda()#3}::operator()() const::{lambda()#3}::operator()() const::{lambda(int)#1}, std::array<char*, 2ul>, 4, TrivialOffsetCalculator<1, unsigned int>, TrivialOffsetCalculator<1, unsigned int>, at::native::memory::LoadWithCast<1>, at::native::memory::StoreWithCast<1> >(int, at::native::direct_copy_kernel_cuda(at::TensorIteratorBase&)::{lambda()#3}::operator()() const::{lambda()#3}::operator()() const::{lambda(int)#1}, std::array<char*, 2ul>, TrivialOffsetCalculator<1, unsigned int>, TrivialOffsetCalculator<1, unsigned int>, at::native::memory::LoadWithCast<1>, at::native::memory::StoreWithCast<1>)",19,operator_shape_matched,"[[1067],[1067],[]]","[""int"",""long int"",""Scalar""]",null,3,5.215
aten::copy_,"void at::native::unrolled_elementwise_kernel<at::native::direct_copy_kernel_cuda(at::TensorIteratorBase&)::{lambda()#3}::operator()() const::{lambda()#3}::operator()() const::{lambda(int)#1}, std::array<char*, 2ul>, 4, TrivialOffsetCalculator<1, unsigned int>, TrivialOffsetCalculator<1, unsigned int>, at::native::memory::LoadWithCast<1>, at::native::memory::StoreWithCast<1> >(int, at::native::direct_copy_kernel_cuda(at::TensorIteratorBase&)::{lambda()#3}::operator()() const::{lambda()#3}::operator()() const::{lambda(int)#1}, std::array<char*, 2ul>, TrivialOffsetCalculator<1, unsigned int>, TrivialOffsetCalculator<1, unsigned int>, at::native::memory::LoadWithCast<1>, at::native::memory::StoreWithCast<1>)",20,operator_shape_matched,"[[1035],[1035],[]]","[""int"",""long int"",""Scalar""]",null,3,5.185
aten::copy_,"void at::native::unrolled_elementwise_kernel<at::native::direct_copy_kernel_cuda(at::TensorIteratorBase&)::{lambda()#3}::operator()() const::{lambda()#3}::operator()() const::{lambda(int)#1}, std::array<char*, 2ul>, 4, TrivialOffsetCalculator<1, unsigned int>, TrivialOffsetCalculator<1, unsigned int>, at::native::memory::LoadWithCast<1>, at::native::memory::StoreWithCast<1> >(int, at::native::direct_copy_kernel_cuda(at::TensorIteratorBase&)::{lambda()#3}::operator()() const::{lambda()#3}::operator()() const::{lambda(int)#1}, std::array<char*, 2ul>, TrivialOffsetCalculator<1, unsigned int>, TrivialOffsetCalculator<1, unsigned int>, at::native::memory::LoadWithCast<1>, at::native::memory::StoreWithCast<1>)",21,operator_shape_matched,"[[1041],[1041],[]]","[""int"",""long int"",""Scalar""]",null,3,5.185
aten::copy_,"void at::native::unrolled_elementwise_kernel<at::native::direct_copy_kernel_cuda(at::TensorIteratorBase&)::{lambda()#3}::operator()() const::{lambda()#3}::operator()() const::{lambda(int)#1}, std::array<char*, 2ul>, 4, TrivialOffsetCalculator<1, unsigned int>, TrivialOffsetCalculator<1, unsigned int>, at::native::memory::LoadWithCast<1>, at::native::memory::StoreWithCast<1> >(int, at::native::direct_copy_kernel_cuda(at::TensorIteratorBase&)::{lambda()#3}::operator()() const::{lambda()#3}::operator()() const::{lambda(int)#1}, std::array<char*, 2ul>, TrivialOffsetCalculator<1, unsigned int>, TrivialOffsetCalculator<1, unsigned int>, at::native::memory::LoadWithCast<1>, at::native::memory::StoreWithCast<1>)",22,operator_shape_matched,"[[1034],[1034],[]]","[""int"",""long int"",""Scalar""]",null,3,5.184
aten::copy_,"void at::native::unrolled_elementwise_kernel<at::native::direct_copy_kernel_cuda(at::TensorIteratorBase&)::{lambda()#3}::operator()() const::{lambda()#3}::operator()() const::{lambda(int)#1}, std::array<char*, 2ul>, 4, TrivialOffsetCalculator<1, unsigned int>, TrivialOffsetCalculator<1, unsigned int>, at::native::memory::LoadWithCast<1>, at::native::memory::StoreWithCast<1> >(int, at::native::direct_copy_kernel_cuda(at::TensorIteratorBase&)::{lambda()#3}::operator()() const::{lambda()#3}::operator()() const::{lambda(int)#1}, std::array<char*, 2ul>, TrivialOffsetCalculator<1, unsigned int>, TrivialOffsetCalculator<1, unsigned int>, at::native::memory::LoadWithCast<1>, at::native::memory::StoreWithCast<1>)",23,operator_shape_matched,"[[1055],[1055],[]]","[""int"",""long int"",""Scalar""]",null,3,5.184
aten::copy_,"void at::native::unrolled_elementwise_kernel<at::native::direct_copy_kernel_cuda(at::TensorIteratorBase&)::{lambda()#3}::operator()() const::{lambda()#3}::operator()() const::{lambda(int)#1}, std::array<char*, 2ul>, 4, TrivialOffsetCalculator<1, unsigned int>, TrivialOffsetCalculator<1, unsigned int>, at::native::memory::LoadWithCast<1>, at::native::memory::StoreWithCast<1> >(int, at::native::direct_copy_kernel_cuda(at::TensorIteratorBase&)::{lambda()#3}::operator()() const::{lambda()#3}::operator()() const::{lambda(int)#1}, std::array<char*, 2ul>, TrivialOffsetCalculator<1, unsigned int>, TrivialOffsetCalculator<1, unsigned int>, at::native::memory::LoadWithCast<1>, at::native::memory::StoreWithCast<1>)",24,operator_shape_matched,"[[1069],[1069],[]]","[""int"",""long int"",""Scalar""]",null,3,5.184
aten::copy_,"void at::native::unrolled_elementwise_kernel<at::native::direct_copy_kernel_cuda(at::TensorIteratorBase&)::{lambda()#3}::operator()() const::{lambda()#3}::operator()() const::{lambda(int)#1}, std::array<char*, 2ul>, 4, TrivialOffsetCalculator<1, unsigned int>, TrivialOffsetCalculator<1, unsigned int>, at::native::memory::LoadWithCast<1>, at::native::memory::StoreWithCast<1> >(int, at::native::direct_copy_kernel_cuda(at::TensorIteratorBase&)::{lambda()#3}::operator()() const::{lambda()#3}::operator()() const::{lambda(int)#1}, std::array<char*, 2ul>, TrivialOffsetCalculator<1, unsigned int>, TrivialOffsetCalculator<1, unsigned int>, at::native::memory::LoadWithCast<1>, at::native::memory::StoreWithCast<1>)",25,operator_shape_matched,"[[1027],[1027],[]]","[""int"",""long int"",""Scalar""]",null,3,5.153
aten::copy_,"void at::native::unrolled_elementwise_kernel<at::native::direct_copy_kernel_cuda(at::TensorIteratorBase&)::{lambda()#3}::operator()() const::{lambda()#3}::operator()() const::{lambda(int)#1}, std::array<char*, 2ul>, 4, TrivialOffsetCalculator<1, unsigned int>, TrivialOffsetCalculator<1, unsigned int>, at::native::memory::LoadWithCast<1>, at::native::memory::StoreWithCast<1> >(int, at::native::direct_copy_kernel_cuda(at::TensorIteratorBase&)::{lambda()#3}::operator()() const::{lambda()#3}::operator()() const::{lambda(int)#1}, std::array<char*, 2ul>, TrivialOffsetCalculator<1, unsigned int>, TrivialOffsetCalculator<1, unsigned int>, at::native::memory::LoadWithCast<1>, at::native::memory::StoreWithCast<1>)",26,operator_shape_matched,"[[1063],[1063],[]]","[""int"",""long int"",""Scalar""]",null,3,5.153
aten::copy_,"void at::native::unrolled_elementwise_kernel<at::native::direct_copy_kernel_cuda(at::TensorIteratorBase&)::{lambda()#3}::operator()() const::{lambda()#3}::operator()() const::{lambda(int)#1}, std::array<char*, 2ul>, 4, TrivialOffsetCalculator<1, unsigned int>, TrivialOffsetCalculator<1, unsigned int>, at::native::memory::LoadWithCast<1>, at::native::memory::StoreWithCast<1> >(int, at::native::direct_copy_kernel_cuda(at::TensorIteratorBase&)::{lambda()#3}::operator()() const::{lambda()#3}::operator()() const::{lambda(int)#1}, std::array<char*, 2ul>, TrivialOffsetCalculator<1, unsigned int>, TrivialOffsetCalculator<1, unsigned int>, at::native::memory::LoadWithCast<1>, at::native::memory::StoreWithCast<1>)",27,operator_shape_matched,"[[1049],[1049],[]]","[""int"",""long int"",""Scalar""]",null,3,5.152
aten::copy_,"void at::native::unrolled_elementwise_kernel<at::native::direct_copy_kernel_cuda(at::TensorIteratorBase&)::{lambda()#3}::operator()() const::{lambda()#3}::operator()() const::{lambda(int)#1}, std::array<char*, 2ul>, 4, TrivialOffsetCalculator<1, unsigned int>, TrivialOffsetCalculator<1, unsigned int>, at::native::memory::LoadWithCast<1>, at::native::memory::StoreWithCast<1> >(int, at::native::direct_copy_kernel_cuda(at::TensorIteratorBase&)::{lambda()#3}::operator()() const::{lambda()#3}::operator()() const::{lambda(int)#1}, std::array<char*, 2ul>, TrivialOffsetCalculator<1, unsigned int>, TrivialOffsetCalculator<1, unsigned int>, at::native::memory::LoadWithCast<1>, at::native::memory::StoreWithCast<1>)",28,operator_shape_matched,"[[1051],[1051],[]]","[""int"",""long int"",""Scalar""]",null,3,5.152
aten::copy_,"void at::native::unrolled_elementwise_kernel<at::native::direct_copy_kernel_cuda(at::TensorIteratorBase&)::{lambda()#3}::operator()() const::{lambda()#3}::operator()() const::{lambda(int)#1}, std::array<char*, 2ul>, 4, TrivialOffsetCalculator<1, unsigned int>, TrivialOffsetCalculator<1, unsigned int>, at::native::memory::LoadWithCast<1>, at::native::memory::StoreWithCast<1> >(int, at::native::direct_copy_kernel_cuda(at::TensorIteratorBase&)::{lambda()#3}::operator()() const::{lambda()#3}::operator()() const::{lambda(int)#1}, std::array<char*, 2ul>, TrivialOffsetCalculator<1, unsigned int>, TrivialOffsetCalculator<1, unsigned int>, at::native::memory::LoadWithCast<1>, at::native::memory::StoreWithCast<1>)",29,operator_shape_matched,"[[1025],[1025],[]]","[""int"",""long int"",""Scalar""]",null,3,5.12
aten::copy_,"void at::native::unrolled_elementwise_kernel<at::native::direct_copy_kernel_cuda(at::TensorIteratorBase&)::{lambda()#3}::operator()() const::{lambda()#3}::operator()() const::{lambda(int)#1}, std::array<char*, 2ul>, 4, TrivialOffsetCalculator<1, unsigned int>, TrivialOffsetCalculator<1, unsigned int>, at::native::memory::LoadWithCast<1>, at::native::memory::StoreWithCast<1> >(int, at::native::direct_copy_kernel_cuda(at::TensorIteratorBase&)::{lambda()#3}::operator()() const::{lambda()#3}::operator()() const::{lambda(int)#1}, std::array<char*, 2ul>, TrivialOffsetCalculator<1, unsigned int>, TrivialOffsetCalculator<1, unsigned int>, at::native::memory::LoadWithCast<1>, at::native::memory::StoreWithCast<1>)",30,operator_shape_matched,"[[1032],[1032],[]]","[""int"",""long int"",""Scalar""]",null,3,5.12
aten::copy_,"void at::native::unrolled_elementwise_kernel<at::native::direct_copy_kernel_cuda(at::TensorIteratorBase&)::{lambda()#3}::operator()() const::{lambda()#3}::operator()() const::{lambda(int)#1}, std::array<char*, 2ul>, 4, TrivialOffsetCalculator<1, unsigned int>, TrivialOffsetCalculator<1, unsigned int>, at::native::memory::LoadWithCast<1>, at::native::memory::StoreWithCast<1> >(int, at::native::direct_copy_kernel_cuda(at::TensorIteratorBase&)::{lambda()#3}::operator()() const::{lambda()#3}::operator()() const::{lambda(int)#1}, std::array<char*, 2ul>, TrivialOffsetCalculator<1, unsigned int>, TrivialOffsetCalculator<1, unsigned int>, at::native::memory::LoadWithCast<1>, at::native::memory::StoreWithCast<1>)",31,operator_shape_matched,"[[691],[691],[]]","[""int"",""long int"",""Scalar""]",null,3,5.12
aten::copy_,"void at::native::unrolled_elementwise_kernel<at::native::direct_copy_kernel_cuda(at::TensorIteratorBase&)::{lambda()#3}::operator()() const::{lambda()#3}::operator()() const::{lambda(int)#1}, std::array<char*, 2ul>, 4, TrivialOffsetCalculator<1, unsigned int>, TrivialOffsetCalculator<1, unsigned int>, at::native::memory::LoadWithCast<1>, at::native::memory::StoreWithCast<1> >(int, at::native::direct_copy_kernel_cuda(at::TensorIteratorBase&)::{lambda()#3}::operator()() const::{lambda()#3}::operator()() const::{lambda(int)#1}, std::array<char*, 2ul>, TrivialOffsetCalculator<1, unsigned int>, TrivialOffsetCalculator<1, unsigned int>, at::native::memory::LoadWithCast<1>, at::native::memory::StoreWithCast<1>)",32,operator_shape_matched,"[[1060],[1060],[]]","[""int"",""long int"",""Scalar""]",null,3,5.089
aten::copy_,"void at::native::unrolled_elementwise_kernel<at::native::direct_copy_kernel_cuda(at::TensorIteratorBase&)::{lambda()#3}::operator()() const::{lambda()#3}::operator()() const::{lambda(int)#1}, std::array<char*, 2ul>, 4, TrivialOffsetCalculator<1, unsigned int>, TrivialOffsetCalculator<1, unsigned int>, at::native::memory::LoadWithCast<1>, at::native::memory::StoreWithCast<1> >(int, at::native::direct_copy_kernel_cuda(at::TensorIteratorBase&)::{lambda()#3}::operator()() const::{lambda()#3}::operator()() const::{lambda(int)#1}, std::array<char*, 2ul>, TrivialOffsetCalculator<1, unsigned int>, TrivialOffsetCalculator<1, unsigned int>, at::native::memory::LoadWithCast<1>, at::native::memory::StoreWithCast<1>)",33,operator_shape_matched,"[[1074],[1074],[]]","[""int"",""long int"",""Scalar""]",null,3,5.089
aten::copy_,"void at::native::unrolled_elementwise_kernel<at::native::direct_copy_kernel_cuda(at::TensorIteratorBase&)::{lambda()#3}::operator()() const::{lambda()#3}::operator()() const::{lambda(int)#1}, std::array<char*, 2ul>, 4, TrivialOffsetCalculator<1, unsigned int>, TrivialOffsetCalculator<1, unsigned int>, at::native::memory::LoadWithCast<1>, at::native::memory::StoreWithCast<1> >(int, at::native::direct_copy_kernel_cuda(at::TensorIteratorBase&)::{lambda()#3}::operator()() const::{lambda()#3}::operator()() const::{lambda(int)#1}, std::array<char*, 2ul>, TrivialOffsetCalculator<1, unsigned int>, TrivialOffsetCalculator<1, unsigned int>, at::native::memory::LoadWithCast<1>, at::native::memory::StoreWithCast<1>)",34,operator_shape_matched,"[[1046],[1046],[]]","[""int"",""long int"",""Scalar""]",null,3,5.088
aten::copy_,"void at::native::unrolled_elementwise_kernel<at::native::direct_copy_kernel_cuda(at::TensorIteratorBase&)::{lambda()#3}::operator()() const::{lambda()#3}::operator()() const::{lambda(int)#1}, std::array<char*, 2ul>, 4, TrivialOffsetCalculator<1, unsigned int>, TrivialOffsetCalculator<1, unsigned int>, at::native::memory::LoadWithCast<1>, at::native::memory::StoreWithCast<1> >(int, at::native::direct_copy_kernel_cuda(at::TensorIteratorBase&)::{lambda()#3}::operator()() const::{lambda()#3}::operator()() const::{lambda(int)#1}, std::array<char*, 2ul>, TrivialOffsetCalculator<1, unsigned int>, TrivialOffsetCalculator<1, unsigned int>, at::native::memory::LoadWithCast<1>, at::native::memory::StoreWithCast<1>)",35,operator_shape_matched,"[[63],[63],[]]","[""int"",""long int"",""Scalar""]",null,3,4.639
aten::copy_,"void at::native::unrolled_elementwise_kernel<at::native::direct_copy_kernel_cuda(at::TensorIteratorBase&)::{lambda()#3}::operator()() const::{lambda()#3}::operator()() const::{lambda(int)#1}, std::array<char*, 2ul>, 4, TrivialOffsetCalculator<1, unsigned int>, TrivialOffsetCalculator<1, unsigned int>, at::native::memory::LoadWithCast<1>, at::native::memory::StoreWithCast<1> >(int, at::native::direct_copy_kernel_cuda(at::TensorIteratorBase&)::{lambda()#3}::operator()() const::{lambda()#3}::operator()() const::{lambda(int)#1}, std::array<char*, 2ul>, TrivialOffsetCalculator<1, unsigned int>, TrivialOffsetCalculator<1, unsigned int>, at::native::memory::LoadWithCast<1>, at::native::memory::StoreWithCast<1>)",36,operator_shape_matched,"[[1],[1],[]]","[""int"",""long int"",""Scalar""]",null,2,2.753
aten::copy_,"void at::native::unrolled_elementwise_kernel<at::native::direct_copy_kernel_cuda(at::TensorIteratorBase&)::{lambda()#3}::operator()() const::{lambda()#3}::operator()() const::{lambda(int)#1}, std::array<char*, 2ul>, 4, TrivialOffsetCalculator<1, unsigned int>, TrivialOffsetCalculator<1, unsigned int>, at::native::memory::LoadWithCast<1>, at::native::memory::StoreWithCast<1> >(int, at::native::direct_copy_kernel_cuda(at::TensorIteratorBase&)::{lambda()#3}::operator()() const::{lambda()#3}::operator()() const::{lambda(int)#1}, std::array<char*, 2ul>, TrivialOffsetCalculator<1, unsigned int>, TrivialOffsetCalculator<1, unsigned int>, at::native::memory::LoadWithCast<1>, at::native::memory::StoreWithCast<1>)",37,operator_shape_matched,"[[57],[57],[]]","[""int"",""long int"",""Scalar""]",null,1,1.727
aten::copy_,"void at::native::unrolled_elementwise_kernel<at::native::direct_copy_kernel_cuda(at::TensorIteratorBase&)::{lambda()#3}::operator()() const::{lambda()#3}::operator()() const::{lambda(int)#1}, std::array<char*, 2ul>, 4, TrivialOffsetCalculator<1, unsigned int>, TrivialOffsetCalculator<1, unsigned int>, at::native::memory::LoadWithCast<1>, at::native::memory::StoreWithCast<1> >(int, at::native::direct_copy_kernel_cuda(at::TensorIteratorBase&)::{lambda()#3}::operator()() const::{lambda()#3}::operator()() const::{lambda(int)#1}, std::array<char*, 2ul>, TrivialOffsetCalculator<1, unsigned int>, TrivialOffsetCalculator<1, unsigned int>, at::native::memory::LoadWithCast<1>, at::native::memory::StoreWithCast<1>)",38,operator_shape_matched,"[[19],[19],[]]","[""int"",""long int"",""Scalar""]",null,1,1.6
aten::copy_,"void at::native::unrolled_elementwise_kernel<at::native::direct_copy_kernel_cuda(at::TensorIteratorBase&)::{lambda()#3}::operator()() const::{lambda()#3}::operator()() const::{lambda(int)#1}, std::array<char*, 2ul>, 4, TrivialOffsetCalculator<1, unsigned int>, TrivialOffsetCalculator<1, unsigned int>, at::native::memory::LoadWithCast<1>, at::native::memory::StoreWithCast<1> >(int, at::native::direct_copy_kernel_cuda(at::TensorIteratorBase&)::{lambda()#3}::operator()() const::{lambda()#3}::operator()() const::{lambda(int)#1}, std::array<char*, 2ul>, TrivialOffsetCalculator<1, unsigned int>, TrivialOffsetCalculator<1, unsigned int>, at::native::memory::LoadWithCast<1>, at::native::memory::StoreWithCast<1>)",39,operator_shape_matched,"[[29],[29],[]]","[""int"",""long int"",""Scalar""]",null,1,1.6
aten::copy_,"void at::native::unrolled_elementwise_kernel<at::native::direct_copy_kernel_cuda(at::TensorIteratorBase&)::{lambda()#3}::operator()() const::{lambda()#3}::operator()() const::{lambda(int)#1}, std::array<char*, 2ul>, 4, TrivialOffsetCalculator<1, unsigned int>, TrivialOffsetCalculator<1, unsigned int>, at::native::memory::LoadWithCast<1>, at::native::memory::StoreWithCast<1> >(int, at::native::direct_copy_kernel_cuda(at::TensorIteratorBase&)::{lambda()#3}::operator()() const::{lambda()#3}::operator()() const::{lambda(int)#1}, std::array<char*, 2ul>, TrivialOffsetCalculator<1, unsigned int>, TrivialOffsetCalculator<1, unsigned int>, at::native::memory::LoadWithCast<1>, at::native::memory::StoreWithCast<1>)",40,operator_shape_matched,"[[45],[45],[]]","[""int"",""long int"",""Scalar""]",null,1,1.6
aten::copy_,"void at::native::unrolled_elementwise_kernel<at::native::direct_copy_kernel_cuda(at::TensorIteratorBase&)::{lambda()#3}::operator()() const::{lambda()#3}::operator()() const::{lambda(int)#1}, std::array<char*, 2ul>, 4, TrivialOffsetCalculator<1, unsigned int>, TrivialOffsetCalculator<1, unsigned int>, at::native::memory::LoadWithCast<1>, at::native::memory::StoreWithCast<1> >(int, at::native::direct_copy_kernel_cuda(at::TensorIteratorBase&)::{lambda()#3}::operator()() const::{lambda()#3}::operator()() const::{lambda(int)#1}, std::array<char*, 2ul>, TrivialOffsetCalculator<1, unsigned int>, TrivialOffsetCalculator<1, unsigned int>, at::native::memory::LoadWithCast<1>, at::native::memory::StoreWithCast<1>)",41,operator_shape_matched,"[[46],[46],[]]","[""int"",""long int"",""Scalar""]",null,1,1.6
aten::copy_,"void at::native::unrolled_elementwise_kernel<at::native::direct_copy_kernel_cuda(at::TensorIteratorBase&)::{lambda()#3}::operator()() const::{lambda()#3}::operator()() const::{lambda(int)#1}, std::array<char*, 2ul>, 4, TrivialOffsetCalculator<1, unsigned int>, TrivialOffsetCalculator<1, unsigned int>, at::native::memory::LoadWithCast<1>, at::native::memory::StoreWithCast<1> >(int, at::native::direct_copy_kernel_cuda(at::TensorIteratorBase&)::{lambda()#3}::operator()() const::{lambda()#3}::operator()() const::{lambda(int)#1}, std::array<char*, 2ul>, TrivialOffsetCalculator<1, unsigned int>, TrivialOffsetCalculator<1, unsigned int>, at::native::memory::LoadWithCast<1>, at::native::memory::StoreWithCast<1>)",42,operator_shape_matched,"[[54],[54],[]]","[""int"",""long int"",""Scalar""]",null,1,1.6
aten::copy_,"void at::native::unrolled_elementwise_kernel<at::native::direct_copy_kernel_cuda(at::TensorIteratorBase&)::{lambda()#3}::operator()() const::{lambda()#3}::operator()() const::{lambda(int)#1}, std::array<char*, 2ul>, 4, TrivialOffsetCalculator<1, unsigned int>, TrivialOffsetCalculator<1, unsigned int>, at::native::memory::LoadWithCast<1>, at::native::memory::StoreWithCast<1> >(int, at::native::direct_copy_kernel_cuda(at::TensorIteratorBase&)::{lambda()#3}::operator()() const::{lambda()#3}::operator()() const::{lambda(int)#1}, std::array<char*, 2ul>, TrivialOffsetCalculator<1, unsigned int>, TrivialOffsetCalculator<1, unsigned int>, at::native::memory::LoadWithCast<1>, at::native::memory::StoreWithCast<1>)",43,operator_shape_matched,"[[28],[28],[]]","[""int"",""long int"",""Scalar""]",null,1,1.568
aten::copy_,"void at::native::unrolled_elementwise_kernel<at::native::direct_copy_kernel_cuda(at::TensorIteratorBase&)::{lambda()#3}::operator()() const::{lambda()#3}::operator()() const::{lambda(int)#1}, std::array<char*, 2ul>, 4, TrivialOffsetCalculator<1, unsigned int>, TrivialOffsetCalculator<1, unsigned int>, at::native::memory::LoadWithCast<1>, at::native::memory::StoreWithCast<1> >(int, at::native::direct_copy_kernel_cuda(at::TensorIteratorBase&)::{lambda()#3}::operator()() const::{lambda()#3}::operator()() const::{lambda(int)#1}, std::array<char*, 2ul>, TrivialOffsetCalculator<1, unsigned int>, TrivialOffsetCalculator<1, unsigned int>, at::native::memory::LoadWithCast<1>, at::native::memory::StoreWithCast<1>)",44,operator_shape_matched,"[[42],[42],[]]","[""int"",""long int"",""Scalar""]",null,1,1.568
aten::copy_,"void at::native::unrolled_elementwise_kernel<at::native::direct_copy_kernel_cuda(at::TensorIteratorBase&)::{lambda()#3}::operator()() const::{lambda()#3}::operator()() const::{lambda(int)#1}, std::array<char*, 2ul>, 4, TrivialOffsetCalculator<1, unsigned int>, TrivialOffsetCalculator<1, unsigned int>, at::native::memory::LoadWithCast<1>, at::native::memory::StoreWithCast<1> >(int, at::native::direct_copy_kernel_cuda(at::TensorIteratorBase&)::{lambda()#3}::operator()() const::{lambda()#3}::operator()() const::{lambda(int)#1}, std::array<char*, 2ul>, TrivialOffsetCalculator<1, unsigned int>, TrivialOffsetCalculator<1, unsigned int>, at::native::memory::LoadWithCast<1>, at::native::memory::StoreWithCast<1>)",45,operator_shape_matched,"[[49],[49],[]]","[""int"",""long int"",""Scalar""]",null,1,1.568
aten::copy_,"void at::native::unrolled_elementwise_kernel<at::native::direct_copy_kernel_cuda(at::TensorIteratorBase&)::{lambda()#3}::operator()() const::{lambda()#3}::operator()() const::{lambda(int)#1}, std::array<char*, 2ul>, 4, TrivialOffsetCalculator<1, unsigned int>, TrivialOffsetCalculator<1, unsigned int>, at::native::memory::LoadWithCast<1>, at::native::memory::StoreWithCast<1> >(int, at::native::direct_copy_kernel_cuda(at::TensorIteratorBase&)::{lambda()#3}::operator()() const::{lambda()#3}::operator()() const::{lambda(int)#1}, std::array<char*, 2ul>, TrivialOffsetCalculator<1, unsigned int>, TrivialOffsetCalculator<1, unsigned int>, at::native::memory::LoadWithCast<1>, at::native::memory::StoreWithCast<1>)",46,operator_shape_matched,"[[50],[50],[]]","[""int"",""long int"",""Scalar""]",null,1,1.568
aten::copy_,"void at::native::unrolled_elementwise_kernel<at::native::direct_copy_kernel_cuda(at::TensorIteratorBase&)::{lambda()#3}::operator()() const::{lambda()#3}::operator()() const::{lambda(int)#1}, std::array<char*, 2ul>, 4, TrivialOffsetCalculator<1, unsigned int>, TrivialOffsetCalculator<1, unsigned int>, at::native::memory::LoadWithCast<1>, at::native::memory::StoreWithCast<1> >(int, at::native::direct_copy_kernel_cuda(at::TensorIteratorBase&)::{lambda()#3}::operator()() const::{lambda()#3}::operator()() const::{lambda(int)#1}, std::array<char*, 2ul>, TrivialOffsetCalculator<1, unsigned int>, TrivialOffsetCalculator<1, unsigned int>, at::native::memory::LoadWithCast<1>, at::native::memory::StoreWithCast<1>)",47,operator_shape_matched,"[[62],[62],[]]","[""int"",""long int"",""Scalar""]",null,1,1.568
aten::copy_,"void at::native::unrolled_elementwise_kernel<at::native::direct_copy_kernel_cuda(at::TensorIteratorBase&)::{lambda()#3}::operator()() const::{lambda()#3}::operator()() const::{lambda(int)#1}, std::array<char*, 2ul>, 4, TrivialOffsetCalculator<1, unsigned int>, TrivialOffsetCalculator<1, unsigned int>, at::native::memory::LoadWithCast<1>, at::native::memory::StoreWithCast<1> >(int, at::native::direct_copy_kernel_cuda(at::TensorIteratorBase&)::{lambda()#3}::operator()() const::{lambda()#3}::operator()() const::{lambda(int)#1}, std::array<char*, 2ul>, TrivialOffsetCalculator<1, unsigned int>, TrivialOffsetCalculator<1, unsigned int>, at::native::memory::LoadWithCast<1>, at::native::memory::StoreWithCast<1>)",48,operator_shape_matched,"[[6],[6],[]]","[""int"",""long int"",""Scalar""]",null,1,1.568
aten::copy_,"void at::native::unrolled_elementwise_kernel<at::native::direct_copy_kernel_cuda(at::TensorIteratorBase&)::{lambda()#3}::operator()() const::{lambda()#3}::operator()() const::{lambda(int)#1}, std::array<char*, 2ul>, 4, TrivialOffsetCalculator<1, unsigned int>, TrivialOffsetCalculator<1, unsigned int>, at::native::memory::LoadWithCast<1>, at::native::memory::StoreWithCast<1> >(int, at::native::direct_copy_kernel_cuda(at::TensorIteratorBase&)::{lambda()#3}::operator()() const::{lambda()#3}::operator()() const::{lambda(int)#1}, std::array<char*, 2ul>, TrivialOffsetCalculator<1, unsigned int>, TrivialOffsetCalculator<1, unsigned int>, at::native::memory::LoadWithCast<1>, at::native::memory::StoreWithCast<1>)",49,operator_shape_matched,"[[43],[43],[]]","[""int"",""long int"",""Scalar""]",null,1,1.536
aten::copy_,"void at::native::unrolled_elementwise_kernel<at::native::direct_copy_kernel_cuda(at::TensorIteratorBase&)::{lambda()#3}::operator()() const::{lambda()#3}::operator()() const::{lambda(int)#1}, std::array<char*, 2ul>, 4, TrivialOffsetCalculator<1, unsigned int>, TrivialOffsetCalculator<1, unsigned int>, at::native::memory::LoadWithCast<1>, at::native::memory::StoreWithCast<1> >(int, at::native::direct_copy_kernel_cuda(at::TensorIteratorBase&)::{lambda()#3}::operator()() const::{lambda()#3}::operator()() const::{lambda(int)#1}, std::array<char*, 2ul>, TrivialOffsetCalculator<1, unsigned int>, TrivialOffsetCalculator<1, unsigned int>, at::native::memory::LoadWithCast<1>, at::native::memory::StoreWithCast<1>)",50,operator_shape_matched,"[[51],[51],[]]","[""int"",""long int"",""Scalar""]",null,1,1.536
aten::copy_,"void at::native::unrolled_elementwise_kernel<at::native::direct_copy_kernel_cuda(at::TensorIteratorBase&)::{lambda()#3}::operator()() const::{lambda()#3}::operator()() const::{lambda(int)#1}, std::array<char*, 2ul>, 4, TrivialOffsetCalculator<1, unsigned int>, TrivialOffsetCalculator<1, unsigned int>, at::native::memory::LoadWithCast<1>, at::native::memory::StoreWithCast<1> >(int, at::native::direct_copy_kernel_cuda(at::TensorIteratorBase&)::{lambda()#3}::operator()() const::{lambda()#3}::operator()() const::{lambda(int)#1}, std::array<char*, 2ul>, TrivialOffsetCalculator<1, unsigned int>, TrivialOffsetCalculator<1, unsigned int>, at::native::memory::LoadWithCast<1>, at::native::memory::StoreWithCast<1>)",51,operator_shape_matched,"[[58],[58],[]]","[""int"",""long int"",""Scalar""]",null,1,1.536
aten::copy_,"void at::native::unrolled_elementwise_kernel<at::native::direct_copy_kernel_cuda(at::TensorIteratorBase&)::{lambda()#3}::operator()() const::{lambda()#3}::operator()() const::{lambda(int)#1}, std::array<char*, 2ul>, 4, TrivialOffsetCalculator<1, unsigned int>, TrivialOffsetCalculator<1, unsigned int>, at::native::memory::LoadWithCast<1>, at::native::memory::StoreWithCast<1> >(int, at::native::direct_copy_kernel_cuda(at::TensorIteratorBase&)::{lambda()#3}::operator()() const::{lambda()#3}::operator()() const::{lambda(int)#1}, std::array<char*, 2ul>, TrivialOffsetCalculator<1, unsigned int>, TrivialOffsetCalculator<1, unsigned int>, at::native::memory::LoadWithCast<1>, at::native::memory::StoreWithCast<1>)",52,operator_shape_matched,"[[59],[59],[]]","[""int"",""long int"",""Scalar""]",null,1,1.536
aten::copy_,"void at::native::unrolled_elementwise_kernel<at::native::direct_copy_kernel_cuda(at::TensorIteratorBase&)::{lambda()#3}::operator()() const::{lambda()#3}::operator()() const::{lambda(int)#1}, std::array<char*, 2ul>, 4, TrivialOffsetCalculator<1, unsigned int>, TrivialOffsetCalculator<1, unsigned int>, at::native::memory::LoadWithCast<1>, at::native::memory::StoreWithCast<1> >(int, at::native::direct_copy_kernel_cuda(at::TensorIteratorBase&)::{lambda()#3}::operator()() const::{lambda()#3}::operator()() const::{lambda(int)#1}, std::array<char*, 2ul>, TrivialOffsetCalculator<1, unsigned int>, TrivialOffsetCalculator<1, unsigned int>, at::native::memory::LoadWithCast<1>, at::native::memory::StoreWithCast<1>)",53,operator_shape_matched,"[[35],[35],[]]","[""int"",""long int"",""Scalar""]",null,1,1.504
aten::copy_,"void at::native::unrolled_elementwise_kernel<at::native::direct_copy_kernel_cuda(at::TensorIteratorBase&)::{lambda()#3}::operator()() const::{lambda()#3}::operator()() const::{lambda(int)#1}, std::array<char*, 2ul>, 4, TrivialOffsetCalculator<1, unsigned int>, TrivialOffsetCalculator<1, unsigned int>, at::native::memory::LoadWithCast<1>, at::native::memory::StoreWithCast<1> >(int, at::native::direct_copy_kernel_cuda(at::TensorIteratorBase&)::{lambda()#3}::operator()() const::{lambda()#3}::operator()() const::{lambda(int)#1}, std::array<char*, 2ul>, TrivialOffsetCalculator<1, unsigned int>, TrivialOffsetCalculator<1, unsigned int>, at::native::memory::LoadWithCast<1>, at::native::memory::StoreWithCast<1>)",54,operator_shape_matched,"[[21],[21],[]]","[""int"",""long int"",""Scalar""]",null,1,1.472
aten::copy_,"void at::native::unrolled_elementwise_kernel<at::native::direct_copy_kernel_cuda(at::TensorIteratorBase&)::{lambda()#3}::operator()() const::{lambda()#3}::operator()() const::{lambda(int)#1}, std::array<char*, 2ul>, 4, TrivialOffsetCalculator<1, unsigned int>, TrivialOffsetCalculator<1, unsigned int>, at::native::memory::LoadWithCast<1>, at::native::memory::StoreWithCast<1> >(int, at::native::direct_copy_kernel_cuda(at::TensorIteratorBase&)::{lambda()#3}::operator()() const::{lambda()#3}::operator()() const::{lambda(int)#1}, std::array<char*, 2ul>, TrivialOffsetCalculator<1, unsigned int>, TrivialOffsetCalculator<1, unsigned int>, at::native::memory::LoadWithCast<1>, at::native::memory::StoreWithCast<1>)",55,operator_shape_matched,"[[25],[25],[]]","[""int"",""long int"",""Scalar""]",null,1,1.472
aten::copy_,"void at::native::unrolled_elementwise_kernel<at::native::direct_copy_kernel_cuda(at::TensorIteratorBase&)::{lambda()#3}::operator()() const::{lambda()#3}::operator()() const::{lambda(int)#1}, std::array<char*, 2ul>, 4, TrivialOffsetCalculator<1, unsigned int>, TrivialOffsetCalculator<1, unsigned int>, at::native::memory::LoadWithCast<1>, at::native::memory::StoreWithCast<1> >(int, at::native::direct_copy_kernel_cuda(at::TensorIteratorBase&)::{lambda()#3}::operator()() const::{lambda()#3}::operator()() const::{lambda(int)#1}, std::array<char*, 2ul>, TrivialOffsetCalculator<1, unsigned int>, TrivialOffsetCalculator<1, unsigned int>, at::native::memory::LoadWithCast<1>, at::native::memory::StoreWithCast<1>)",56,operator_shape_matched,"[[27],[27],[]]","[""int"",""long int"",""Scalar""]",null,1,1.472
aten::copy_,"void at::native::unrolled_elementwise_kernel<at::native::direct_copy_kernel_cuda(at::TensorIteratorBase&)::{lambda()#3}::operator()() const::{lambda()#3}::operator()() const::{lambda(int)#1}, std::array<char*, 2ul>, 4, TrivialOffsetCalculator<1, unsigned int>, TrivialOffsetCalculator<1, unsigned int>, at::native::memory::LoadWithCast<1>, at::native::memory::StoreWithCast<1> >(int, at::native::direct_copy_kernel_cuda(at::TensorIteratorBase&)::{lambda()#3}::operator()() const::{lambda()#3}::operator()() const::{lambda(int)#1}, std::array<char*, 2ul>, TrivialOffsetCalculator<1, unsigned int>, TrivialOffsetCalculator<1, unsigned int>, at::native::memory::LoadWithCast<1>, at::native::memory::StoreWithCast<1>)",57,operator_shape_matched,"[[34],[34],[]]","[""int"",""long int"",""Scalar""]",null,1,1.472
aten::copy_,"void at::native::unrolled_elementwise_kernel<at::native::direct_copy_kernel_cuda(at::TensorIteratorBase&)::{lambda()#3}::operator()() const::{lambda()#3}::operator()() const::{lambda(int)#1}, std::array<char*, 2ul>, 4, TrivialOffsetCalculator<1, unsigned int>, TrivialOffsetCalculator<1, unsigned int>, at::native::memory::LoadWithCast<1>, at::native::memory::StoreWithCast<1> >(int, at::native::direct_copy_kernel_cuda(at::TensorIteratorBase&)::{lambda()#3}::operator()() const::{lambda()#3}::operator()() const::{lambda(int)#1}, std::array<char*, 2ul>, TrivialOffsetCalculator<1, unsigned int>, TrivialOffsetCalculator<1, unsigned int>, at::native::memory::LoadWithCast<1>, at::native::memory::StoreWithCast<1>)",58,operator_shape_matched,"[[36],[36],[]]","[""int"",""long int"",""Scalar""]",null,1,1.472
aten::copy_,"void at::native::unrolled_elementwise_kernel<at::native::direct_copy_kernel_cuda(at::TensorIteratorBase&)::{lambda()#3}::operator()() const::{lambda()#3}::operator()() const::{lambda(int)#1}, std::array<char*, 2ul>, 4, TrivialOffsetCalculator<1, unsigned int>, TrivialOffsetCalculator<1, unsigned int>, at::native::memory::LoadWithCast<1>, at::native::memory::StoreWithCast<1> >(int, at::native::direct_copy_kernel_cuda(at::TensorIteratorBase&)::{lambda()#3}::operator()() const::{lambda()#3}::operator()() const::{lambda(int)#1}, std::array<char*, 2ul>, TrivialOffsetCalculator<1, unsigned int>, TrivialOffsetCalculator<1, unsigned int>, at::native::memory::LoadWithCast<1>, at::native::memory::StoreWithCast<1>)",59,operator_shape_matched,"[[44],[44],[]]","[""int"",""long int"",""Scalar""]",null,1,1.472
aten::copy_,"void at::native::unrolled_elementwise_kernel<at::native::direct_copy_kernel_cuda(at::TensorIteratorBase&)::{lambda()#3}::operator()() const::{lambda()#3}::operator()() const::{lambda(int)#1}, std::array<char*, 2ul>, 4, TrivialOffsetCalculator<1, unsigned int>, TrivialOffsetCalculator<1, unsigned int>, at::native::memory::LoadWithCast<1>, at::native::memory::StoreWithCast<1> >(int, at::native::direct_copy_kernel_cuda(at::TensorIteratorBase&)::{lambda()#3}::operator()() const::{lambda()#3}::operator()() const::{lambda(int)#1}, std::array<char*, 2ul>, TrivialOffsetCalculator<1, unsigned int>, TrivialOffsetCalculator<1, unsigned int>, at::native::memory::LoadWithCast<1>, at::native::memory::StoreWithCast<1>)",60,operator_shape_matched,"[[47],[47],[]]","[""int"",""long int"",""Scalar""]",null,1,1.472
aten::copy_,"void at::native::unrolled_elementwise_kernel<at::native::direct_copy_kernel_cuda(at::TensorIteratorBase&)::{lambda()#3}::operator()() const::{lambda()#3}::operator()() const::{lambda(int)#1}, std::array<char*, 2ul>, 4, TrivialOffsetCalculator<1, unsigned int>, TrivialOffsetCalculator<1, unsigned int>, at::native::memory::LoadWithCast<1>, at::native::memory::StoreWithCast<1> >(int, at::native::direct_copy_kernel_cuda(at::TensorIteratorBase&)::{lambda()#3}::operator()() const::{lambda()#3}::operator()() const::{lambda(int)#1}, std::array<char*, 2ul>, TrivialOffsetCalculator<1, unsigned int>, TrivialOffsetCalculator<1, unsigned int>, at::native::memory::LoadWithCast<1>, at::native::memory::StoreWithCast<1>)",61,operator_shape_matched,"[[53],[53],[]]","[""int"",""long int"",""Scalar""]",null,1,1.472
aten::copy_,"void at::native::unrolled_elementwise_kernel<at::native::direct_copy_kernel_cuda(at::TensorIteratorBase&)::{lambda()#3}::operator()() const::{lambda()#3}::operator()() const::{lambda(int)#1}, std::array<char*, 2ul>, 4, TrivialOffsetCalculator<1, unsigned int>, TrivialOffsetCalculator<1, unsigned int>, at::native::memory::LoadWithCast<1>, at::native::memory::StoreWithCast<1> >(int, at::native::direct_copy_kernel_cuda(at::TensorIteratorBase&)::{lambda()#3}::operator()() const::{lambda()#3}::operator()() const::{lambda(int)#1}, std::array<char*, 2ul>, TrivialOffsetCalculator<1, unsigned int>, TrivialOffsetCalculator<1, unsigned int>, at::native::memory::LoadWithCast<1>, at::native::memory::StoreWithCast<1>)",62,operator_shape_matched,"[[9],[9],[]]","[""int"",""long int"",""Scalar""]",null,1,1.472
aten::copy_,"void at::native::unrolled_elementwise_kernel<at::native::direct_copy_kernel_cuda(at::TensorIteratorBase&)::{lambda()#3}::operator()() const::{lambda()#3}::operator()() const::{lambda(int)#1}, std::array<char*, 2ul>, 4, TrivialOffsetCalculator<1, unsigned int>, TrivialOffsetCalculator<1, unsigned int>, at::native::memory::LoadWithCast<1>, at::native::memory::StoreWithCast<1> >(int, at::native::direct_copy_kernel_cuda(at::TensorIteratorBase&)::{lambda()#3}::operator()() const::{lambda()#3}::operator()() const::{lambda(int)#1}, std::array<char*, 2ul>, TrivialOffsetCalculator<1, unsigned int>, TrivialOffsetCalculator<1, unsigned int>, at::native::memory::LoadWithCast<1>, at::native::memory::StoreWithCast<1>)",63,operator_shape_matched,"[[33],[33],[]]","[""int"",""long int"",""Scalar""]",null,1,1.441
aten::copy_,"void at::native::unrolled_elementwise_kernel<at::native::direct_copy_kernel_cuda(at::TensorIteratorBase&)::{lambda()#3}::operator()() const::{lambda()#3}::operator()() const::{lambda(int)#1}, std::array<char*, 2ul>, 4, TrivialOffsetCalculator<1, unsigned int>, TrivialOffsetCalculator<1, unsigned int>, at::native::memory::LoadWithCast<1>, at::native::memory::StoreWithCast<1> >(int, at::native::direct_copy_kernel_cuda(at::TensorIteratorBase&)::{lambda()#3}::operator()() const::{lambda()#3}::operator()() const::{lambda(int)#1}, std::array<char*, 2ul>, TrivialOffsetCalculator<1, unsigned int>, TrivialOffsetCalculator<1, unsigned int>, at::native::memory::LoadWithCast<1>, at::native::memory::StoreWithCast<1>)",64,operator_shape_matched,"[[17],[17],[]]","[""int"",""long int"",""Scalar""]",null,1,1.44
aten::copy_,"void at::native::unrolled_elementwise_kernel<at::native::direct_copy_kernel_cuda(at::TensorIteratorBase&)::{lambda()#3}::operator()() const::{lambda()#3}::operator()() const::{lambda(int)#1}, std::array<char*, 2ul>, 4, TrivialOffsetCalculator<1, unsigned int>, TrivialOffsetCalculator<1, unsigned int>, at::native::memory::LoadWithCast<1>, at::native::memory::StoreWithCast<1> >(int, at::native::direct_copy_kernel_cuda(at::TensorIteratorBase&)::{lambda()#3}::operator()() const::{lambda()#3}::operator()() const::{lambda(int)#1}, std::array<char*, 2ul>, TrivialOffsetCalculator<1, unsigned int>, TrivialOffsetCalculator<1, unsigned int>, at::native::memory::LoadWithCast<1>, at::native::memory::StoreWithCast<1>)",65,operator_shape_matched,"[[22],[22],[]]","[""int"",""long int"",""Scalar""]",null,1,1.44
aten::copy_,"void at::native::unrolled_elementwise_kernel<at::native::direct_copy_kernel_cuda(at::TensorIteratorBase&)::{lambda()#3}::operator()() const::{lambda()#3}::operator()() const::{lambda(int)#1}, std::array<char*, 2ul>, 4, TrivialOffsetCalculator<1, unsigned int>, TrivialOffsetCalculator<1, unsigned int>, at::native::memory::LoadWithCast<1>, at::native::memory::StoreWithCast<1> >(int, at::native::direct_copy_kernel_cuda(at::TensorIteratorBase&)::{lambda()#3}::operator()() const::{lambda()#3}::operator()() const::{lambda(int)#1}, std::array<char*, 2ul>, TrivialOffsetCalculator<1, unsigned int>, TrivialOffsetCalculator<1, unsigned int>, at::native::memory::LoadWithCast<1>, at::native::memory::StoreWithCast<1>)",66,operator_shape_matched,"[[31],[31],[]]","[""int"",""long int"",""Scalar""]",null,1,1.44
aten::copy_,"void at::native::unrolled_elementwise_kernel<at::native::direct_copy_kernel_cuda(at::TensorIteratorBase&)::{lambda()#3}::operator()() const::{lambda()#3}::operator()() const::{lambda(int)#1}, std::array<char*, 2ul>, 4, TrivialOffsetCalculator<1, unsigned int>, TrivialOffsetCalculator<1, unsigned int>, at::native::memory::LoadWithCast<1>, at::native::memory::StoreWithCast<1> >(int, at::native::direct_copy_kernel_cuda(at::TensorIteratorBase&)::{lambda()#3}::operator()() const::{lambda()#3}::operator()() const::{lambda(int)#1}, std::array<char*, 2ul>, TrivialOffsetCalculator<1, unsigned int>, TrivialOffsetCalculator<1, unsigned int>, at::native::memory::LoadWithCast<1>, at::native::memory::StoreWithCast<1>)",67,operator_shape_matched,"[[39],[39],[]]","[""int"",""long int"",""Scalar""]",null,1,1.44
aten::copy_,"void at::native::unrolled_elementwise_kernel<at::native::direct_copy_kernel_cuda(at::TensorIteratorBase&)::{lambda()#3}::operator()() const::{lambda()#3}::operator()() const::{lambda(int)#1}, std::array<char*, 2ul>, 4, TrivialOffsetCalculator<1, unsigned int>, TrivialOffsetCalculator<1, unsigned int>, at::native::memory::LoadWithCast<1>, at::native::memory::StoreWithCast<1> >(int, at::native::direct_copy_kernel_cuda(at::TensorIteratorBase&)::{lambda()#3}::operator()() const::{lambda()#3}::operator()() const::{lambda(int)#1}, std::array<char*, 2ul>, TrivialOffsetCalculator<1, unsigned int>, TrivialOffsetCalculator<1, unsigned int>, at::native::memory::LoadWithCast<1>, at::native::memory::StoreWithCast<1>)",68,operator_shape_matched,"[[3],[3],[]]","[""int"",""long int"",""Scalar""]",null,1,1.44
aten::copy_,"void at::native::unrolled_elementwise_kernel<at::native::direct_copy_kernel_cuda(at::TensorIteratorBase&)::{lambda()#3}::operator()() const::{lambda()#3}::operator()() const::{lambda(int)#1}, std::array<char*, 2ul>, 4, TrivialOffsetCalculator<1, unsigned int>, TrivialOffsetCalculator<1, unsigned int>, at::native::memory::LoadWithCast<1>, at::native::memory::StoreWithCast<1> >(int, at::native::direct_copy_kernel_cuda(at::TensorIteratorBase&)::{lambda()#3}::operator()() const::{lambda()#3}::operator()() const::{lambda(int)#1}, std::array<char*, 2ul>, TrivialOffsetCalculator<1, unsigned int>, TrivialOffsetCalculator<1, unsigned int>, at::native::memory::LoadWithCast<1>, at::native::memory::StoreWithCast<1>)",69,operator_shape_matched,"[[55],[55],[]]","[""int"",""long int"",""Scalar""]",null,1,1.44
aten::copy_,"void at::native::unrolled_elementwise_kernel<at::native::direct_copy_kernel_cuda(at::TensorIteratorBase&)::{lambda()#3}::operator()() const::{lambda()#3}::operator()() const::{lambda(int)#1}, std::array<char*, 2ul>, 4, TrivialOffsetCalculator<1, unsigned int>, TrivialOffsetCalculator<1, unsigned int>, at::native::memory::LoadWithCast<1>, at::native::memory::StoreWithCast<1> >(int, at::native::direct_copy_kernel_cuda(at::TensorIteratorBase&)::{lambda()#3}::operator()() const::{lambda()#3}::operator()() const::{lambda(int)#1}, std::array<char*, 2ul>, TrivialOffsetCalculator<1, unsigned int>, TrivialOffsetCalculator<1, unsigned int>, at::native::memory::LoadWithCast<1>, at::native::memory::StoreWithCast<1>)",70,operator_shape_matched,"[[61],[61],[]]","[""int"",""long int"",""Scalar""]",null,1,1.44
aten::copy_,"void at::native::unrolled_elementwise_kernel<at::native::direct_copy_kernel_cuda(at::TensorIteratorBase&)::{lambda()#3}::operator()() const::{lambda()#3}::operator()() const::{lambda(int)#1}, std::array<char*, 2ul>, 4, TrivialOffsetCalculator<1, unsigned int>, TrivialOffsetCalculator<1, unsigned int>, at::native::memory::LoadWithCast<1>, at::native::memory::StoreWithCast<1> >(int, at::native::direct_copy_kernel_cuda(at::TensorIteratorBase&)::{lambda()#3}::operator()() const::{lambda()#3}::operator()() const::{lambda(int)#1}, std::array<char*, 2ul>, TrivialOffsetCalculator<1, unsigned int>, TrivialOffsetCalculator<1, unsigned int>, at::native::memory::LoadWithCast<1>, at::native::memory::StoreWithCast<1>)",71,operator_shape_matched,"[[11],[11],[]]","[""int"",""long int"",""Scalar""]",null,1,1.408
aten::copy_,"void at::native::unrolled_elementwise_kernel<at::native::direct_copy_kernel_cuda(at::TensorIteratorBase&)::{lambda()#3}::operator()() const::{lambda()#3}::operator()() const::{lambda(int)#1}, std::array<char*, 2ul>, 4, TrivialOffsetCalculator<1, unsigned int>, TrivialOffsetCalculator<1, unsigned int>, at::native::memory::LoadWithCast<1>, at::native::memory::StoreWithCast<1> >(int, at::native::direct_copy_kernel_cuda(at::TensorIteratorBase&)::{lambda()#3}::operator()() const::{lambda()#3}::operator()() const::{lambda(int)#1}, std::array<char*, 2ul>, TrivialOffsetCalculator<1, unsigned int>, TrivialOffsetCalculator<1, unsigned int>, at::native::memory::LoadWithCast<1>, at::native::memory::StoreWithCast<1>)",72,operator_shape_matched,"[[13],[13],[]]","[""int"",""long int"",""Scalar""]",null,1,1.408
aten::copy_,"void at::native::unrolled_elementwise_kernel<at::native::direct_copy_kernel_cuda(at::TensorIteratorBase&)::{lambda()#3}::operator()() const::{lambda()#3}::operator()() const::{lambda(int)#1}, std::array<char*, 2ul>, 4, TrivialOffsetCalculator<1, unsigned int>, TrivialOffsetCalculator<1, unsigned int>, at::native::memory::LoadWithCast<1>, at::native::memory::StoreWithCast<1> >(int, at::native::direct_copy_kernel_cuda(at::TensorIteratorBase&)::{lambda()#3}::operator()() const::{lambda()#3}::operator()() const::{lambda(int)#1}, std::array<char*, 2ul>, TrivialOffsetCalculator<1, unsigned int>, TrivialOffsetCalculator<1, unsigned int>, at::native::memory::LoadWithCast<1>, at::native::memory::StoreWithCast<1>)",73,operator_shape_matched,"[[14],[14],[]]","[""int"",""long int"",""Scalar""]",null,1,1.408
aten::copy_,"void at::native::unrolled_elementwise_kernel<at::native::direct_copy_kernel_cuda(at::TensorIteratorBase&)::{lambda()#3}::operator()() const::{lambda()#3}::operator()() const::{lambda(int)#1}, std::array<char*, 2ul>, 4, TrivialOffsetCalculator<1, unsigned int>, TrivialOffsetCalculator<1, unsigned int>, at::native::memory::LoadWithCast<1>, at::native::memory::StoreWithCast<1> >(int, at::native::direct_copy_kernel_cuda(at::TensorIteratorBase&)::{lambda()#3}::operator()() const::{lambda()#3}::operator()() const::{lambda(int)#1}, std::array<char*, 2ul>, TrivialOffsetCalculator<1, unsigned int>, TrivialOffsetCalculator<1, unsigned int>, at::native::memory::LoadWithCast<1>, at::native::memory::StoreWithCast<1>)",74,operator_shape_matched,"[[15],[15],[]]","[""int"",""long int"",""Scalar""]",null,1,1.408
aten::copy_,"void at::native::unrolled_elementwise_kernel<at::native::direct_copy_kernel_cuda(at::TensorIteratorBase&)::{lambda()#3}::operator()() const::{lambda()#3}::operator()() const::{lambda(int)#1}, std::array<char*, 2ul>, 4, TrivialOffsetCalculator<1, unsigned int>, TrivialOffsetCalculator<1, unsigned int>, at::native::memory::LoadWithCast<1>, at::native::memory::StoreWithCast<1> >(int, at::native::direct_copy_kernel_cuda(at::TensorIteratorBase&)::{lambda()#3}::operator()() const::{lambda()#3}::operator()() const::{lambda(int)#1}, std::array<char*, 2ul>, TrivialOffsetCalculator<1, unsigned int>, TrivialOffsetCalculator<1, unsigned int>, at::native::memory::LoadWithCast<1>, at::native::memory::StoreWithCast<1>)",75,operator_shape_matched,"[[18],[18],[]]","[""int"",""long int"",""Scalar""]",null,1,1.408
aten::copy_,"void at::native::unrolled_elementwise_kernel<at::native::direct_copy_kernel_cuda(at::TensorIteratorBase&)::{lambda()#3}::operator()() const::{lambda()#3}::operator()() const::{lambda(int)#1}, std::array<char*, 2ul>, 4, TrivialOffsetCalculator<1, unsigned int>, TrivialOffsetCalculator<1, unsigned int>, at::native::memory::LoadWithCast<1>, at::native::memory::StoreWithCast<1> >(int, at::native::direct_copy_kernel_cuda(at::TensorIteratorBase&)::{lambda()#3}::operator()() const::{lambda()#3}::operator()() const::{lambda(int)#1}, std::array<char*, 2ul>, TrivialOffsetCalculator<1, unsigned int>, TrivialOffsetCalculator<1, unsigned int>, at::native::memory::LoadWithCast<1>, at::native::memory::StoreWithCast<1>)",76,operator_shape_matched,"[[26],[26],[]]","[""int"",""long int"",""Scalar""]",null,1,1.408
aten::copy_,"void at::native::unrolled_elementwise_kernel<at::native::direct_copy_kernel_cuda(at::TensorIteratorBase&)::{lambda()#3}::operator()() const::{lambda()#3}::operator()() const::{lambda(int)#1}, std::array<char*, 2ul>, 4, TrivialOffsetCalculator<1, unsigned int>, TrivialOffsetCalculator<1, unsigned int>, at::native::memory::LoadWithCast<1>, at::native::memory::StoreWithCast<1> >(int, at::native::direct_copy_kernel_cuda(at::TensorIteratorBase&)::{lambda()#3}::operator()() const::{lambda()#3}::operator()() const::{lambda(int)#1}, std::array<char*, 2ul>, TrivialOffsetCalculator<1, unsigned int>, TrivialOffsetCalculator<1, unsigned int>, at::native::memory::LoadWithCast<1>, at::native::memory::StoreWithCast<1>)",77,operator_shape_matched,"[[30],[30],[]]","[""int"",""long int"",""Scalar""]",null,1,1.408
aten::copy_,"void at::native::unrolled_elementwise_kernel<at::native::direct_copy_kernel_cuda(at::TensorIteratorBase&)::{lambda()#3}::operator()() const::{lambda()#3}::operator()() const::{lambda(int)#1}, std::array<char*, 2ul>, 4, TrivialOffsetCalculator<1, unsigned int>, TrivialOffsetCalculator<1, unsigned int>, at::native::memory::LoadWithCast<1>, at::native::memory::StoreWithCast<1> >(int, at::native::direct_copy_kernel_cuda(at::TensorIteratorBase&)::{lambda()#3}::operator()() const::{lambda()#3}::operator()() const::{lambda(int)#1}, std::array<char*, 2ul>, TrivialOffsetCalculator<1, unsigned int>, TrivialOffsetCalculator<1, unsigned int>, at::native::memory::LoadWithCast<1>, at::native::memory::StoreWithCast<1>)",78,operator_shape_matched,"[[32],[32],[]]","[""int"",""long int"",""Scalar""]",null,1,1.408
aten::copy_,"void at::native::unrolled_elementwise_kernel<at::native::direct_copy_kernel_cuda(at::TensorIteratorBase&)::{lambda()#3}::operator()() const::{lambda()#3}::operator()() const::{lambda(int)#1}, std::array<char*, 2ul>, 4, TrivialOffsetCalculator<1, unsigned int>, TrivialOffsetCalculator<1, unsigned int>, at::native::memory::LoadWithCast<1>, at::native::memory::StoreWithCast<1> >(int, at::native::direct_copy_kernel_cuda(at::TensorIteratorBase&)::{lambda()#3}::operator()() const::{lambda()#3}::operator()() const::{lambda(int)#1}, std::array<char*, 2ul>, TrivialOffsetCalculator<1, unsigned int>, TrivialOffsetCalculator<1, unsigned int>, at::native::memory::LoadWithCast<1>, at::native::memory::StoreWithCast<1>)",79,operator_shape_matched,"[[24],[24],[]]","[""int"",""long int"",""Scalar""]",null,1,1.407
aten::copy_,"void at::native::unrolled_elementwise_kernel<at::native::direct_copy_kernel_cuda(at::TensorIteratorBase&)::{lambda()#3}::operator()() const::{lambda()#3}::operator()() const::{lambda(int)#1}, std::array<char*, 2ul>, 4, TrivialOffsetCalculator<1, unsigned int>, TrivialOffsetCalculator<1, unsigned int>, at::native::memory::LoadWithCast<1>, at::native::memory::StoreWithCast<1> >(int, at::native::direct_copy_kernel_cuda(at::TensorIteratorBase&)::{lambda()#3}::operator()() const::{lambda()#3}::operator()() const::{lambda(int)#1}, std::array<char*, 2ul>, TrivialOffsetCalculator<1, unsigned int>, TrivialOffsetCalculator<1, unsigned int>, at::native::memory::LoadWithCast<1>, at::native::memory::StoreWithCast<1>)",80,operator_shape_matched,"[[10],[10],[]]","[""int"",""long int"",""Scalar""]",null,1,1.376
aten::copy_,"void at::native::unrolled_elementwise_kernel<at::native::direct_copy_kernel_cuda(at::TensorIteratorBase&)::{lambda()#3}::operator()() const::{lambda()#3}::operator()() const::{lambda(int)#1}, std::array<char*, 2ul>, 4, TrivialOffsetCalculator<1, unsigned int>, TrivialOffsetCalculator<1, unsigned int>, at::native::memory::LoadWithCast<1>, at::native::memory::StoreWithCast<1> >(int, at::native::direct_copy_kernel_cuda(at::TensorIteratorBase&)::{lambda()#3}::operator()() const::{lambda()#3}::operator()() const::{lambda(int)#1}, std::array<char*, 2ul>, TrivialOffsetCalculator<1, unsigned int>, TrivialOffsetCalculator<1, unsigned int>, at::native::memory::LoadWithCast<1>, at::native::memory::StoreWithCast<1>)",81,operator_shape_matched,"[[20],[20],[]]","[""int"",""long int"",""Scalar""]",null,1,1.376
aten::copy_,"void at::native::unrolled_elementwise_kernel<at::native::direct_copy_kernel_cuda(at::TensorIteratorBase&)::{lambda()#3}::operator()() const::{lambda()#3}::operator()() const::{lambda(int)#1}, std::array<char*, 2ul>, 4, TrivialOffsetCalculator<1, unsigned int>, TrivialOffsetCalculator<1, unsigned int>, at::native::memory::LoadWithCast<1>, at::native::memory::StoreWithCast<1> >(int, at::native::direct_copy_kernel_cuda(at::TensorIteratorBase&)::{lambda()#3}::operator()() const::{lambda()#3}::operator()() const::{lambda(int)#1}, std::array<char*, 2ul>, TrivialOffsetCalculator<1, unsigned int>, TrivialOffsetCalculator<1, unsigned int>, at::native::memory::LoadWithCast<1>, at::native::memory::StoreWithCast<1>)",82,operator_shape_matched,"[[23],[23],[]]","[""int"",""long int"",""Scalar""]",null,1,1.376
aten::copy_,"void at::native::unrolled_elementwise_kernel<at::native::direct_copy_kernel_cuda(at::TensorIteratorBase&)::{lambda()#3}::operator()() const::{lambda()#3}::operator()() const::{lambda(int)#1}, std::array<char*, 2ul>, 4, TrivialOffsetCalculator<1, unsigned int>, TrivialOffsetCalculator<1, unsigned int>, at::native::memory::LoadWithCast<1>, at::native::memory::StoreWithCast<1> >(int, at::native::direct_copy_kernel_cuda(at::TensorIteratorBase&)::{lambda()#3}::operator()() const::{lambda()#3}::operator()() const::{lambda(int)#1}, std::array<char*, 2ul>, TrivialOffsetCalculator<1, unsigned int>, TrivialOffsetCalculator<1, unsigned int>, at::native::memory::LoadWithCast<1>, at::native::memory::StoreWithCast<1>)",83,operator_shape_matched,"[[2],[2],[]]","[""int"",""long int"",""Scalar""]",null,1,1.376
aten::copy_,"void at::native::unrolled_elementwise_kernel<at::native::direct_copy_kernel_cuda(at::TensorIteratorBase&)::{lambda()#3}::operator()() const::{lambda()#3}::operator()() const::{lambda(int)#1}, std::array<char*, 2ul>, 4, TrivialOffsetCalculator<1, unsigned int>, TrivialOffsetCalculator<1, unsigned int>, at::native::memory::LoadWithCast<1>, at::native::memory::StoreWithCast<1> >(int, at::native::direct_copy_kernel_cuda(at::TensorIteratorBase&)::{lambda()#3}::operator()() const::{lambda()#3}::operator()() const::{lambda(int)#1}, std::array<char*, 2ul>, TrivialOffsetCalculator<1, unsigned int>, TrivialOffsetCalculator<1, unsigned int>, at::native::memory::LoadWithCast<1>, at::native::memory::StoreWithCast<1>)",84,operator_shape_matched,"[[37],[37],[]]","[""int"",""long int"",""Scalar""]",null,1,1.376
aten::copy_,"void at::native::unrolled_elementwise_kernel<at::native::direct_copy_kernel_cuda(at::TensorIteratorBase&)::{lambda()#3}::operator()() const::{lambda()#3}::operator()() const::{lambda(int)#1}, std::array<char*, 2ul>, 4, TrivialOffsetCalculator<1, unsigned int>, TrivialOffsetCalculator<1, unsigned int>, at::native::memory::LoadWithCast<1>, at::native::memory::StoreWithCast<1> >(int, at::native::direct_copy_kernel_cuda(at::TensorIteratorBase&)::{lambda()#3}::operator()() const::{lambda()#3}::operator()() const::{lambda(int)#1}, std::array<char*, 2ul>, TrivialOffsetCalculator<1, unsigned int>, TrivialOffsetCalculator<1, unsigned int>, at::native::memory::LoadWithCast<1>, at::native::memory::StoreWithCast<1>)",85,operator_shape_matched,"[[38],[38],[]]","[""int"",""long int"",""Scalar""]",null,1,1.376
aten::copy_,"void at::native::unrolled_elementwise_kernel<at::native::direct_copy_kernel_cuda(at::TensorIteratorBase&)::{lambda()#3}::operator()() const::{lambda()#3}::operator()() const::{lambda(int)#1}, std::array<char*, 2ul>, 4, TrivialOffsetCalculator<1, unsigned int>, TrivialOffsetCalculator<1, unsigned int>, at::native::memory::LoadWithCast<1>, at::native::memory::StoreWithCast<1> >(int, at::native::direct_copy_kernel_cuda(at::TensorIteratorBase&)::{lambda()#3}::operator()() const::{lambda()#3}::operator()() const::{lambda(int)#1}, std::array<char*, 2ul>, TrivialOffsetCalculator<1, unsigned int>, TrivialOffsetCalculator<1, unsigned int>, at::native::memory::LoadWithCast<1>, at::native::memory::StoreWithCast<1>)",86,operator_shape_matched,"[[41],[41],[]]","[""int"",""long int"",""Scalar""]",null,1,1.376
aten::copy_,"void at::native::unrolled_elementwise_kernel<at::native::direct_copy_kernel_cuda(at::TensorIteratorBase&)::{lambda()#3}::operator()() const::{lambda()#3}::operator()() const::{lambda(int)#1}, std::array<char*, 2ul>, 4, TrivialOffsetCalculator<1, unsigned int>, TrivialOffsetCalculator<1, unsigned int>, at::native::memory::LoadWithCast<1>, at::native::memory::StoreWithCast<1> >(int, at::native::direct_copy_kernel_cuda(at::TensorIteratorBase&)::{lambda()#3}::operator()() const::{lambda()#3}::operator()() const::{lambda(int)#1}, std::array<char*, 2ul>, TrivialOffsetCalculator<1, unsigned int>, TrivialOffsetCalculator<1, unsigned int>, at::native::memory::LoadWithCast<1>, at::native::memory::StoreWithCast<1>)",87,operator_shape_matched,"[[60],[60],[]]","[""int"",""long int"",""Scalar""]",null,1,1.376
aten::copy_,"void at::native::unrolled_elementwise_kernel<at::native::direct_copy_kernel_cuda(at::TensorIteratorBase&)::{lambda()#3}::operator()() const::{lambda()#3}::operator()() const::{lambda(int)#1}, std::array<char*, 2ul>, 4, TrivialOffsetCalculator<1, unsigned int>, TrivialOffsetCalculator<1, unsigned int>, at::native::memory::LoadWithCast<1>, at::native::memory::StoreWithCast<1> >(int, at::native::direct_copy_kernel_cuda(at::TensorIteratorBase&)::{lambda()#3}::operator()() const::{lambda()#3}::operator()() const::{lambda(int)#1}, std::array<char*, 2ul>, TrivialOffsetCalculator<1, unsigned int>, TrivialOffsetCalculator<1, unsigned int>, at::native::memory::LoadWithCast<1>, at::native::memory::StoreWithCast<1>)",88,operator_shape_matched,"[[7],[7],[]]","[""int"",""long int"",""Scalar""]",null,1,1.376
aten::copy_,"void at::native::unrolled_elementwise_kernel<at::native::direct_copy_kernel_cuda(at::TensorIteratorBase&)::{lambda()#3}::operator()() const::{lambda()#3}::operator()() const::{lambda(int)#1}, std::array<char*, 2ul>, 4, TrivialOffsetCalculator<1, unsigned int>, TrivialOffsetCalculator<1, unsigned int>, at::native::memory::LoadWithCast<1>, at::native::memory::StoreWithCast<1> >(int, at::native::direct_copy_kernel_cuda(at::TensorIteratorBase&)::{lambda()#3}::operator()() const::{lambda()#3}::operator()() const::{lambda(int)#1}, std::array<char*, 2ul>, TrivialOffsetCalculator<1, unsigned int>, TrivialOffsetCalculator<1, unsigned int>, at::native::memory::LoadWithCast<1>, at::native::memory::StoreWithCast<1>)",89,operator_shape_matched,"[[8],[8],[]]","[""int"",""long int"",""Scalar""]",null,1,1.376
aten::copy_,"void at::native::unrolled_elementwise_kernel<at::native::direct_copy_kernel_cuda(at::TensorIteratorBase&)::{lambda()#3}::operator()() const::{lambda()#3}::operator()() const::{lambda(int)#1}, std::array<char*, 2ul>, 4, TrivialOffsetCalculator<1, unsigned int>, TrivialOffsetCalculator<1, unsigned int>, at::native::memory::LoadWithCast<1>, at::native::memory::StoreWithCast<1> >(int, at::native::direct_copy_kernel_cuda(at::TensorIteratorBase&)::{lambda()#3}::operator()() const::{lambda()#3}::operator()() const::{lambda(int)#1}, std::array<char*, 2ul>, TrivialOffsetCalculator<1, unsigned int>, TrivialOffsetCalculator<1, unsigned int>, at::native::memory::LoadWithCast<1>, at::native::memory::StoreWithCast<1>)",90,operator_shape_matched,"[[52],[52],[]]","[""int"",""long int"",""Scalar""]",null,1,1.344
aten::copy_,"void at::native::unrolled_elementwise_kernel<at::native::direct_copy_kernel_cuda(at::TensorIteratorBase&)::{lambda()#3}::operator()() const::{lambda()#3}::operator()() const::{lambda(int)#1}, std::array<char*, 2ul>, 4, TrivialOffsetCalculator<1, unsigned int>, TrivialOffsetCalculator<1, unsigned int>, at::native::memory::LoadWithCast<1>, at::native::memory::StoreWithCast<1> >(int, at::native::direct_copy_kernel_cuda(at::TensorIteratorBase&)::{lambda()#3}::operator()() const::{lambda()#3}::operator()() const::{lambda(int)#1}, std::array<char*, 2ul>, TrivialOffsetCalculator<1, unsigned int>, TrivialOffsetCalculator<1, unsigned int>, at::native::memory::LoadWithCast<1>, at::native::memory::StoreWithCast<1>)",91,operator_shape_matched,"[[56],[56],[]]","[""int"",""long int"",""Scalar""]",null,1,1.343
aten::copy_,"void at::native::unrolled_elementwise_kernel<at::native::direct_copy_kernel_cuda(at::TensorIteratorBase&)::{lambda()#3}::operator()() const::{lambda()#3}::operator()() const::{lambda(int)#1}, std::array<char*, 2ul>, 4, TrivialOffsetCalculator<1, unsigned int>, TrivialOffsetCalculator<1, unsigned int>, at::native::memory::LoadWithCast<1>, at::native::memory::StoreWithCast<1> >(int, at::native::direct_copy_kernel_cuda(at::TensorIteratorBase&)::{lambda()#3}::operator()() const::{lambda()#3}::operator()() const::{lambda(int)#1}, std::array<char*, 2ul>, TrivialOffsetCalculator<1, unsigned int>, TrivialOffsetCalculator<1, unsigned int>, at::native::memory::LoadWithCast<1>, at::native::memory::StoreWithCast<1>)",92,operator_shape_matched,"[[5],[5],[]]","[""int"",""long int"",""Scalar""]",null,1,1.343
aten::copy_,"void at::native::unrolled_elementwise_kernel<at::native::direct_copy_kernel_cuda(at::TensorIteratorBase&)::{lambda()#3}::operator()() const::{lambda()#3}::operator()() const::{lambda(int)#1}, std::array<char*, 2ul>, 4, TrivialOffsetCalculator<1, unsigned int>, TrivialOffsetCalculator<1, unsigned int>, at::native::memory::LoadWithCast<1>, at::native::memory::StoreWithCast<1> >(int, at::native::direct_copy_kernel_cuda(at::TensorIteratorBase&)::{lambda()#3}::operator()() const::{lambda()#3}::operator()() const::{lambda(int)#1}, std::array<char*, 2ul>, TrivialOffsetCalculator<1, unsigned int>, TrivialOffsetCalculator<1, unsigned int>, at::native::memory::LoadWithCast<1>, at::native::memory::StoreWithCast<1>)",93,operator_shape_matched,"[[16],[16],[]]","[""int"",""long int"",""Scalar""]",null,1,1.312
aten::copy_,"void at::native::unrolled_elementwise_kernel<at::native::direct_copy_kernel_cuda(at::TensorIteratorBase&)::{lambda()#3}::operator()() const::{lambda()#3}::operator()() const::{lambda(int)#1}, std::array<char*, 2ul>, 4, TrivialOffsetCalculator<1, unsigned int>, TrivialOffsetCalculator<1, unsigned int>, at::native::memory::LoadWithCast<1>, at::native::memory::StoreWithCast<1> >(int, at::native::direct_copy_kernel_cuda(at::TensorIteratorBase&)::{lambda()#3}::operator()() const::{lambda()#3}::operator()() const::{lambda(int)#1}, std::array<char*, 2ul>, TrivialOffsetCalculator<1, unsigned int>, TrivialOffsetCalculator<1, unsigned int>, at::native::memory::LoadWithCast<1>, at::native::memory::StoreWithCast<1>)",94,operator_shape_matched,"[[4],[4],[]]","[""int"",""long int"",""Scalar""]",null,1,1.312
aten::copy_,"void at::native::unrolled_elementwise_kernel<at::native::direct_copy_kernel_cuda(at::TensorIteratorBase&)::{lambda()#3}::operator()() const::{lambda()#3}::operator()() const::{lambda(int)#1}, std::array<char*, 2ul>, 4, TrivialOffsetCalculator<1, unsigned int>, TrivialOffsetCalculator<1, unsigned int>, at::native::memory::LoadWithCast<1>, at::native::memory::StoreWithCast<1> >(int, at::native::direct_copy_kernel_cuda(at::TensorIteratorBase&)::{lambda()#3}::operator()() const::{lambda()#3}::operator()() const::{lambda(int)#1}, std::array<char*, 2ul>, TrivialOffsetCalculator<1, unsigned int>, TrivialOffsetCalculator<1, unsigned int>, at::native::memory::LoadWithCast<1>, at::native::memory::StoreWithCast<1>)",95,operator_shape_matched,"[[12],[12],[]]","[""int"",""long int"",""Scalar""]",null,1,1.311
aten::copy_,"void at::native::unrolled_elementwise_kernel<at::native::direct_copy_kernel_cuda(at::TensorIteratorBase&)::{lambda()#3}::operator()() const::{lambda()#3}::operator()() const::{lambda(int)#1}, std::array<char*, 2ul>, 4, TrivialOffsetCalculator<1, unsigned int>, TrivialOffsetCalculator<1, unsigned int>, at::native::memory::LoadWithCast<1>, at::native::memory::StoreWithCast<1> >(int, at::native::direct_copy_kernel_cuda(at::TensorIteratorBase&)::{lambda()#3}::operator()() const::{lambda()#3}::operator()() const::{lambda(int)#1}, std::array<char*, 2ul>, TrivialOffsetCalculator<1, unsigned int>, TrivialOffsetCalculator<1, unsigned int>, at::native::memory::LoadWithCast<1>, at::native::memory::StoreWithCast<1>)",96,operator_shape_matched,"[[40],[40],[]]","[""int"",""long int"",""Scalar""]",null,1,1.28
aten::copy_,"void at::native::unrolled_elementwise_kernel<at::native::direct_copy_kernel_cuda(at::TensorIteratorBase&)::{lambda()#3}::operator()() const::{lambda()#3}::operator()() const::{lambda(int)#1}, std::array<char*, 2ul>, 4, TrivialOffsetCalculator<1, unsigned int>, TrivialOffsetCalculator<1, unsigned int>, at::native::memory::LoadWithCast<1>, at::native::memory::StoreWithCast<1> >(int, at::native::direct_copy_kernel_cuda(at::TensorIteratorBase&)::{lambda()#3}::operator()() const::{lambda()#3}::operator()() const::{lambda(int)#1}, std::array<char*, 2ul>, TrivialOffsetCalculator<1, unsigned int>, TrivialOffsetCalculator<1, unsigned int>, at::native::memory::LoadWithCast<1>, at::native::memory::StoreWithCast<1>)",97,operator_shape_matched,"[[48],[48],[]]","[""int"",""long int"",""Scalar""]",null,1,1.28
aten::mm,nvjet_tst_128x80_64x8_1x2_h_bz_TNT,1,operator_shape_matched,"[[5089,2048],[2048,256]]","[""c10::BFloat16"",""c10::BFloat16""]",null,40,590.864
aten::mm,nvjet_tst_256x160_64x4_1x2_h_bz_coopA_TNT,1,operator_shape_matched,"[[5089,256],[256,2048]]","[""c10::BFloat16"",""c10::BFloat16""]",null,40,554.643
aten::mm,nvjet_tst_128x64_64x8_1x2_h_bz_TNT,1,operator_shape_matched,"[[4096,2048],[2048,256]]","[""c10::BFloat16"",""c10::BFloat16""]",null,40,513.771
aten::copy_,"void at::native::elementwise_kernel<128, 2, at::native::gpu_kernel_impl_nocast<at::native::direct_copy_kernel_cuda(at::TensorIteratorBase&)::{lambda()#3}::operator()() const::{lambda()#4}::operator()() const::{lambda(long)#1}>(at::TensorIteratorBase&, at::native::direct_copy_kernel_cuda(at::TensorIteratorBase&)::{lambda()#3}::operator()() const::{lambda()#4}::operator()() const::{lambda(long)#1} const&)::{lambda(int)#1}>(int, at::native::gpu_kernel_impl_nocast<at::native::direct_copy_kernel_cuda(at::TensorIteratorBase&)::{lambda()#3}::operator()() const::{lambda()#4}::operator()() const::{lambda(long)#1}>(at::TensorIteratorBase&, at::native::direct_copy_kernel_cuda(at::TensorIteratorBase&)::{lambda()#3}::operator()() const::{lambda()#4}::operator()() const::{lambda(long)#1} const&)::{lambda(int)#1})",1,operator_shape_matched,"[[3,64],[3,64],[]]","[""long int"",""long int"",""Scalar""]",null,222,361.99
aten::copy_,"void at::native::elementwise_kernel<128, 2, at::native::gpu_kernel_impl_nocast<at::native::direct_copy_kernel_cuda(at::TensorIteratorBase&)::{lambda()#3}::operator()() const::{lambda()#4}::operator()() const::{lambda(long)#1}>(at::TensorIteratorBase&, at::native::direct_copy_kernel_cuda(at::TensorIteratorBase&)::{lambda()#3}::operator()() const::{lambda()#4}::operator()() const::{lambda(long)#1} const&)::{lambda(int)#1}>(int, at::native::gpu_kernel_impl_nocast<at::native::direct_copy_kernel_cuda(at::TensorIteratorBase&)::{lambda()#3}::operator()() const::{lambda()#4}::operator()() const::{lambda(long)#1}>(at::TensorIteratorBase&, at::native::direct_copy_kernel_cuda(at::TensorIteratorBase&)::{lambda()#3}::operator()() const::{lambda()#4}::operator()() const::{lambda(long)#1} const&)::{lambda(int)#1})",2,operator_shape_matched,"[[3,8192],[3,8192],[]]","[""long int"",""long int"",""Scalar""]",null,31,68.546
aten::copy_,"void at::native::elementwise_kernel<128, 2, at::native::gpu_kernel_impl_nocast<at::native::direct_copy_kernel_cuda(at::TensorIteratorBase&)::{lambda()#3}::operator()() const::{lambda()#4}::operator()() const::{lambda(long)#1}>(at::TensorIteratorBase&, at::native::direct_copy_kernel_cuda(at::TensorIteratorBase&)::{lambda()#3}::operator()() const::{lambda()#4}::operator()() const::{lambda(long)#1} const&)::{lambda(int)#1}>(int, at::native::gpu_kernel_impl_nocast<at::native::direct_copy_kernel_cuda(at::TensorIteratorBase&)::{lambda()#3}::operator()() const::{lambda()#4}::operator()() const::{lambda(long)#1}>(at::TensorIteratorBase&, at::native::direct_copy_kernel_cuda(at::TensorIteratorBase&)::{lambda()#3}::operator()() const::{lambda()#4}::operator()() const::{lambda(long)#1} const&)::{lambda(int)#1})",3,operator_shape_matched,"[[3,63],[3,63],[]]","[""long int"",""long int"",""Scalar""]",null,2,3.52
aten::copy_,"void at::native::elementwise_kernel<128, 2, at::native::gpu_kernel_impl_nocast<at::native::direct_copy_kernel_cuda(at::TensorIteratorBase&)::{lambda()#3}::operator()() const::{lambda()#4}::operator()() const::{lambda(long)#1}>(at::TensorIteratorBase&, at::native::direct_copy_kernel_cuda(at::TensorIteratorBase&)::{lambda()#3}::operator()() const::{lambda()#4}::operator()() const::{lambda(long)#1} const&)::{lambda(int)#1}>(int, at::native::gpu_kernel_impl_nocast<at::native::direct_copy_kernel_cuda(at::TensorIteratorBase&)::{lambda()#3}::operator()() const::{lambda()#4}::operator()() const::{lambda(long)#1}>(at::TensorIteratorBase&, at::native::direct_copy_kernel_cuda(at::TensorIteratorBase&)::{lambda()#3}::operator()() const::{lambda()#4}::operator()() const::{lambda(long)#1} const&)::{lambda(int)#1})",4,operator_shape_matched,"[[3,4096],[3,4096],[]]","[""long int"",""long int"",""Scalar""]",null,1,2.145
aten::copy_,"void at::native::elementwise_kernel<128, 2, at::native::gpu_kernel_impl_nocast<at::native::direct_copy_kernel_cuda(at::TensorIteratorBase&)::{lambda()#3}::operator()() const::{lambda()#4}::operator()() const::{lambda(long)#1}>(at::TensorIteratorBase&, at::native::direct_copy_kernel_cuda(at::TensorIteratorBase&)::{lambda()#3}::operator()() const::{lambda()#4}::operator()() const::{lambda(long)#1} const&)::{lambda(int)#1}>(int, at::native::gpu_kernel_impl_nocast<at::native::direct_copy_kernel_cuda(at::TensorIteratorBase&)::{lambda()#3}::operator()() const::{lambda()#4}::operator()() const::{lambda(long)#1}>(at::TensorIteratorBase&, at::native::direct_copy_kernel_cuda(at::TensorIteratorBase&)::{lambda()#3}::operator()() const::{lambda()#4}::operator()() const::{lambda(long)#1} const&)::{lambda(int)#1})",5,operator_shape_matched,"[[3,5089],[3,5089],[]]","[""long int"",""long int"",""Scalar""]",null,1,2.016
aten::copy_,"void at::native::elementwise_kernel<128, 2, at::native::gpu_kernel_impl_nocast<at::native::direct_copy_kernel_cuda(at::TensorIteratorBase&)::{lambda()#3}::operator()() const::{lambda()#4}::operator()() const::{lambda(long)#1}>(at::TensorIteratorBase&, at::native::direct_copy_kernel_cuda(at::TensorIteratorBase&)::{lambda()#3}::operator()() const::{lambda()#4}::operator()() const::{lambda(long)#1} const&)::{lambda(int)#1}>(int, at::native::gpu_kernel_impl_nocast<at::native::direct_copy_kernel_cuda(at::TensorIteratorBase&)::{lambda()#3}::operator()() const::{lambda()#4}::operator()() const::{lambda(long)#1}>(at::TensorIteratorBase&, at::native::direct_copy_kernel_cuda(at::TensorIteratorBase&)::{lambda()#3}::operator()() const::{lambda()#4}::operator()() const::{lambda(long)#1} const&)::{lambda(int)#1})",6,operator_shape_matched,"[[3,58],[3,58],[]]","[""long int"",""long int"",""Scalar""]",null,1,1.952
aten::copy_,"void at::native::elementwise_kernel<128, 2, at::native::gpu_kernel_impl_nocast<at::native::direct_copy_kernel_cuda(at::TensorIteratorBase&)::{lambda()#3}::operator()() const::{lambda()#4}::operator()() const::{lambda(long)#1}>(at::TensorIteratorBase&, at::native::direct_copy_kernel_cuda(at::TensorIteratorBase&)::{lambda()#3}::operator()() const::{lambda()#4}::operator()() const::{lambda(long)#1} const&)::{lambda(int)#1}>(int, at::native::gpu_kernel_impl_nocast<at::native::direct_copy_kernel_cuda(at::TensorIteratorBase&)::{lambda()#3}::operator()() const::{lambda()#4}::operator()() const::{lambda(long)#1}>(at::TensorIteratorBase&, at::native::direct_copy_kernel_cuda(at::TensorIteratorBase&)::{lambda()#3}::operator()() const::{lambda()#4}::operator()() const::{lambda(long)#1} const&)::{lambda(int)#1})",7,operator_shape_matched,"[[3,54],[3,54],[]]","[""long int"",""long int"",""Scalar""]",null,1,1.792
aten::copy_,"void at::native::elementwise_kernel<128, 2, at::native::gpu_kernel_impl_nocast<at::native::direct_copy_kernel_cuda(at::TensorIteratorBase&)::{lambda()#3}::operator()() const::{lambda()#4}::operator()() const::{lambda(long)#1}>(at::TensorIteratorBase&, at::native::direct_copy_kernel_cuda(at::TensorIteratorBase&)::{lambda()#3}::operator()() const::{lambda()#4}::operator()() const::{lambda(long)#1} const&)::{lambda(int)#1}>(int, at::native::gpu_kernel_impl_nocast<at::native::direct_copy_kernel_cuda(at::TensorIteratorBase&)::{lambda()#3}::operator()() const::{lambda()#4}::operator()() const::{lambda(long)#1}>(at::TensorIteratorBase&, at::native::direct_copy_kernel_cuda(at::TensorIteratorBase&)::{lambda()#3}::operator()() const::{lambda()#4}::operator()() const::{lambda(long)#1} const&)::{lambda(int)#1})",8,operator_shape_matched,"[[3,38],[3,38],[]]","[""long int"",""long int"",""Scalar""]",null,1,1.76
aten::copy_,"void at::native::elementwise_kernel<128, 2, at::native::gpu_kernel_impl_nocast<at::native::direct_copy_kernel_cuda(at::TensorIteratorBase&)::{lambda()#3}::operator()() const::{lambda()#4}::operator()() const::{lambda(long)#1}>(at::TensorIteratorBase&, at::native::direct_copy_kernel_cuda(at::TensorIteratorBase&)::{lambda()#3}::operator()() const::{lambda()#4}::operator()() const::{lambda(long)#1} const&)::{lambda(int)#1}>(int, at::native::gpu_kernel_impl_nocast<at::native::direct_copy_kernel_cuda(at::TensorIteratorBase&)::{lambda()#3}::operator()() const::{lambda()#4}::operator()() const::{lambda(long)#1}>(at::TensorIteratorBase&, at::native::direct_copy_kernel_cuda(at::TensorIteratorBase&)::{lambda()#3}::operator()() const::{lambda()#4}::operator()() const::{lambda(long)#1} const&)::{lambda(int)#1})",9,operator_shape_matched,"[[3,44],[3,44],[]]","[""long int"",""long int"",""Scalar""]",null,1,1.76
aten::copy_,"void at::native::elementwise_kernel<128, 2, at::native::gpu_kernel_impl_nocast<at::native::direct_copy_kernel_cuda(at::TensorIteratorBase&)::{lambda()#3}::operator()() const::{lambda()#4}::operator()() const::{lambda(long)#1}>(at::TensorIteratorBase&, at::native::direct_copy_kernel_cuda(at::TensorIteratorBase&)::{lambda()#3}::operator()() const::{lambda()#4}::operator()() const::{lambda(long)#1} const&)::{lambda(int)#1}>(int, at::native::gpu_kernel_impl_nocast<at::native::direct_copy_kernel_cuda(at::TensorIteratorBase&)::{lambda()#3}::operator()() const::{lambda()#4}::operator()() const::{lambda(long)#1}>(at::TensorIteratorBase&, at::native::direct_copy_kernel_cuda(at::TensorIteratorBase&)::{lambda()#3}::operator()() const::{lambda()#4}::operator()() const::{lambda(long)#1} const&)::{lambda(int)#1})",10,operator_shape_matched,"[[3,46],[3,46],[]]","[""long int"",""long int"",""Scalar""]",null,1,1.76
aten::copy_,"void at::native::elementwise_kernel<128, 2, at::native::gpu_kernel_impl_nocast<at::native::direct_copy_kernel_cuda(at::TensorIteratorBase&)::{lambda()#3}::operator()() const::{lambda()#4}::operator()() const::{lambda(long)#1}>(at::TensorIteratorBase&, at::native::direct_copy_kernel_cuda(at::TensorIteratorBase&)::{lambda()#3}::operator()() const::{lambda()#4}::operator()() const::{lambda(long)#1} const&)::{lambda(int)#1}>(int, at::native::gpu_kernel_impl_nocast<at::native::direct_copy_kernel_cuda(at::TensorIteratorBase&)::{lambda()#3}::operator()() const::{lambda()#4}::operator()() const::{lambda(long)#1}>(at::TensorIteratorBase&, at::native::direct_copy_kernel_cuda(at::TensorIteratorBase&)::{lambda()#3}::operator()() const::{lambda()#4}::operator()() const::{lambda(long)#1} const&)::{lambda(int)#1})",11,operator_shape_matched,"[[3,50],[3,50],[]]","[""long int"",""long int"",""Scalar""]",null,1,1.76
aten::copy_,"void at::native::elementwise_kernel<128, 2, at::native::gpu_kernel_impl_nocast<at::native::direct_copy_kernel_cuda(at::TensorIteratorBase&)::{lambda()#3}::operator()() const::{lambda()#4}::operator()() const::{lambda(long)#1}>(at::TensorIteratorBase&, at::native::direct_copy_kernel_cuda(at::TensorIteratorBase&)::{lambda()#3}::operator()() const::{lambda()#4}::operator()() const::{lambda(long)#1} const&)::{lambda(int)#1}>(int, at::native::gpu_kernel_impl_nocast<at::native::direct_copy_kernel_cuda(at::TensorIteratorBase&)::{lambda()#3}::operator()() const::{lambda()#4}::operator()() const::{lambda(long)#1}>(at::TensorIteratorBase&, at::native::direct_copy_kernel_cuda(at::TensorIteratorBase&)::{lambda()#3}::operator()() const::{lambda()#4}::operator()() const::{lambda(long)#1} const&)::{lambda(int)#1})",12,operator_shape_matched,"[[3,52],[3,52],[]]","[""long int"",""long int"",""Scalar""]",null,1,1.76
aten::copy_,"void at::native::elementwise_kernel<128, 2, at::native::gpu_kernel_impl_nocast<at::native::direct_copy_kernel_cuda(at::TensorIteratorBase&)::{lambda()#3}::operator()() const::{lambda()#4}::operator()() const::{lambda(long)#1}>(at::TensorIteratorBase&, at::native::direct_copy_kernel_cuda(at::TensorIteratorBase&)::{lambda()#3}::operator()() const::{lambda()#4}::operator()() const::{lambda(long)#1} const&)::{lambda(int)#1}>(int, at::native::gpu_kernel_impl_nocast<at::native::direct_copy_kernel_cuda(at::TensorIteratorBase&)::{lambda()#3}::operator()() const::{lambda()#4}::operator()() const::{lambda(long)#1}>(at::TensorIteratorBase&, at::native::direct_copy_kernel_cuda(at::TensorIteratorBase&)::{lambda()#3}::operator()() const::{lambda()#4}::operator()() const::{lambda(long)#1} const&)::{lambda(int)#1})",13,operator_shape_matched,"[[3,62],[3,62],[]]","[""long int"",""long int"",""Scalar""]",null,1,1.76
aten::copy_,"void at::native::elementwise_kernel<128, 2, at::native::gpu_kernel_impl_nocast<at::native::direct_copy_kernel_cuda(at::TensorIteratorBase&)::{lambda()#3}::operator()() const::{lambda()#4}::operator()() const::{lambda(long)#1}>(at::TensorIteratorBase&, at::native::direct_copy_kernel_cuda(at::TensorIteratorBase&)::{lambda()#3}::operator()() const::{lambda()#4}::operator()() const::{lambda(long)#1} const&)::{lambda(int)#1}>(int, at::native::gpu_kernel_impl_nocast<at::native::direct_copy_kernel_cuda(at::TensorIteratorBase&)::{lambda()#3}::operator()() const::{lambda()#4}::operator()() const::{lambda(long)#1}>(at::TensorIteratorBase&, at::native::direct_copy_kernel_cuda(at::TensorIteratorBase&)::{lambda()#3}::operator()() const::{lambda()#4}::operator()() const::{lambda(long)#1} const&)::{lambda(int)#1})",14,operator_shape_matched,"[[3,60],[3,60],[]]","[""long int"",""long int"",""Scalar""]",null,1,1.728
aten::copy_,"void at::native::elementwise_kernel<128, 2, at::native::gpu_kernel_impl_nocast<at::native::direct_copy_kernel_cuda(at::TensorIteratorBase&)::{lambda()#3}::operator()() const::{lambda()#4}::operator()() const::{lambda(long)#1}>(at::TensorIteratorBase&, at::native::direct_copy_kernel_cuda(at::TensorIteratorBase&)::{lambda()#3}::operator()() const::{lambda()#4}::operator()() const::{lambda(long)#1} const&)::{lambda(int)#1}>(int, at::native::gpu_kernel_impl_nocast<at::native::direct_copy_kernel_cuda(at::TensorIteratorBase&)::{lambda()#3}::operator()() const::{lambda()#4}::operator()() const::{lambda(long)#1}>(at::TensorIteratorBase&, at::native::direct_copy_kernel_cuda(at::TensorIteratorBase&)::{lambda()#3}::operator()() const::{lambda()#4}::operator()() const::{lambda(long)#1} const&)::{lambda(int)#1})",15,operator_shape_matched,"[[3,34],[3,34],[]]","[""long int"",""long int"",""Scalar""]",null,1,1.664
aten::copy_,"void at::native::elementwise_kernel<128, 2, at::native::gpu_kernel_impl_nocast<at::native::direct_copy_kernel_cuda(at::TensorIteratorBase&)::{lambda()#3}::operator()() const::{lambda()#4}::operator()() const::{lambda(long)#1}>(at::TensorIteratorBase&, at::native::direct_copy_kernel_cuda(at::TensorIteratorBase&)::{lambda()#3}::operator()() const::{lambda()#4}::operator()() const::{lambda(long)#1} const&)::{lambda(int)#1}>(int, at::native::gpu_kernel_impl_nocast<at::native::direct_copy_kernel_cuda(at::TensorIteratorBase&)::{lambda()#3}::operator()() const::{lambda()#4}::operator()() const::{lambda(long)#1}>(at::TensorIteratorBase&, at::native::direct_copy_kernel_cuda(at::TensorIteratorBase&)::{lambda()#3}::operator()() const::{lambda()#4}::operator()() const::{lambda(long)#1} const&)::{lambda(int)#1})",16,operator_shape_matched,"[[3,42],[3,42],[]]","[""long int"",""long int"",""Scalar""]",null,1,1.664
aten::copy_,"void at::native::elementwise_kernel<128, 2, at::native::gpu_kernel_impl_nocast<at::native::direct_copy_kernel_cuda(at::TensorIteratorBase&)::{lambda()#3}::operator()() const::{lambda()#4}::operator()() const::{lambda(long)#1}>(at::TensorIteratorBase&, at::native::direct_copy_kernel_cuda(at::TensorIteratorBase&)::{lambda()#3}::operator()() const::{lambda()#4}::operator()() const::{lambda(long)#1} const&)::{lambda(int)#1}>(int, at::native::gpu_kernel_impl_nocast<at::native::direct_copy_kernel_cuda(at::TensorIteratorBase&)::{lambda()#3}::operator()() const::{lambda()#4}::operator()() const::{lambda(long)#1}>(at::TensorIteratorBase&, at::native::direct_copy_kernel_cuda(at::TensorIteratorBase&)::{lambda()#3}::operator()() const::{lambda()#4}::operator()() const::{lambda(long)#1} const&)::{lambda(int)#1})",17,operator_shape_matched,"[[3,48],[3,48],[]]","[""long int"",""long int"",""Scalar""]",null,1,1.632
aten::copy_,"void at::native::elementwise_kernel<128, 2, at::native::gpu_kernel_impl_nocast<at::native::direct_copy_kernel_cuda(at::TensorIteratorBase&)::{lambda()#3}::operator()() const::{lambda()#4}::operator()() const::{lambda(long)#1}>(at::TensorIteratorBase&, at::native::direct_copy_kernel_cuda(at::TensorIteratorBase&)::{lambda()#3}::operator()() const::{lambda()#4}::operator()() const::{lambda(long)#1} const&)::{lambda(int)#1}>(int, at::native::gpu_kernel_impl_nocast<at::native::direct_copy_kernel_cuda(at::TensorIteratorBase&)::{lambda()#3}::operator()() const::{lambda()#4}::operator()() const::{lambda(long)#1}>(at::TensorIteratorBase&, at::native::direct_copy_kernel_cuda(at::TensorIteratorBase&)::{lambda()#3}::operator()() const::{lambda()#4}::operator()() const::{lambda(long)#1} const&)::{lambda(int)#1})",18,operator_shape_matched,"[[3,56],[3,56],[]]","[""long int"",""long int"",""Scalar""]",null,1,1.6
aten::copy_,"void at::native::elementwise_kernel<128, 2, at::native::gpu_kernel_impl_nocast<at::native::direct_copy_kernel_cuda(at::TensorIteratorBase&)::{lambda()#3}::operator()() const::{lambda()#4}::operator()() const::{lambda(long)#1}>(at::TensorIteratorBase&, at::native::direct_copy_kernel_cuda(at::TensorIteratorBase&)::{lambda()#3}::operator()() const::{lambda()#4}::operator()() const::{lambda(long)#1} const&)::{lambda(int)#1}>(int, at::native::gpu_kernel_impl_nocast<at::native::direct_copy_kernel_cuda(at::TensorIteratorBase&)::{lambda()#3}::operator()() const::{lambda()#4}::operator()() const::{lambda(long)#1}>(at::TensorIteratorBase&, at::native::direct_copy_kernel_cuda(at::TensorIteratorBase&)::{lambda()#3}::operator()() const::{lambda()#4}::operator()() const::{lambda(long)#1} const&)::{lambda(int)#1})",19,operator_shape_matched,"[[3,6],[3,6],[]]","[""long int"",""long int"",""Scalar""]",null,1,1.535
aten::copy_,"void at::native::elementwise_kernel<128, 2, at::native::gpu_kernel_impl_nocast<at::native::direct_copy_kernel_cuda(at::TensorIteratorBase&)::{lambda()#3}::operator()() const::{lambda()#4}::operator()() const::{lambda(long)#1}>(at::TensorIteratorBase&, at::native::direct_copy_kernel_cuda(at::TensorIteratorBase&)::{lambda()#3}::operator()() const::{lambda()#4}::operator()() const::{lambda(long)#1} const&)::{lambda(int)#1}>(int, at::native::gpu_kernel_impl_nocast<at::native::direct_copy_kernel_cuda(at::TensorIteratorBase&)::{lambda()#3}::operator()() const::{lambda()#4}::operator()() const::{lambda(long)#1}>(at::TensorIteratorBase&, at::native::direct_copy_kernel_cuda(at::TensorIteratorBase&)::{lambda()#3}::operator()() const::{lambda()#4}::operator()() const::{lambda(long)#1} const&)::{lambda(int)#1})",20,operator_shape_matched,"[[3,10],[3,10],[]]","[""long int"",""long int"",""Scalar""]",null,1,1.472
aten::copy_,"void at::native::elementwise_kernel<128, 2, at::native::gpu_kernel_impl_nocast<at::native::direct_copy_kernel_cuda(at::TensorIteratorBase&)::{lambda()#3}::operator()() const::{lambda()#4}::operator()() const::{lambda(long)#1}>(at::TensorIteratorBase&, at::native::direct_copy_kernel_cuda(at::TensorIteratorBase&)::{lambda()#3}::operator()() const::{lambda()#4}::operator()() const::{lambda(long)#1} const&)::{lambda(int)#1}>(int, at::native::gpu_kernel_impl_nocast<at::native::direct_copy_kernel_cuda(at::TensorIteratorBase&)::{lambda()#3}::operator()() const::{lambda()#4}::operator()() const::{lambda(long)#1}>(at::TensorIteratorBase&, at::native::direct_copy_kernel_cuda(at::TensorIteratorBase&)::{lambda()#3}::operator()() const::{lambda()#4}::operator()() const::{lambda(long)#1} const&)::{lambda(int)#1})",21,operator_shape_matched,"[[3,26],[3,26],[]]","[""long int"",""long int"",""Scalar""]",null,1,1.44
aten::copy_,"void at::native::elementwise_kernel<128, 2, at::native::gpu_kernel_impl_nocast<at::native::direct_copy_kernel_cuda(at::TensorIteratorBase&)::{lambda()#3}::operator()() const::{lambda()#4}::operator()() const::{lambda(long)#1}>(at::TensorIteratorBase&, at::native::direct_copy_kernel_cuda(at::TensorIteratorBase&)::{lambda()#3}::operator()() const::{lambda()#4}::operator()() const::{lambda(long)#1} const&)::{lambda(int)#1}>(int, at::native::gpu_kernel_impl_nocast<at::native::direct_copy_kernel_cuda(at::TensorIteratorBase&)::{lambda()#3}::operator()() const::{lambda()#4}::operator()() const::{lambda(long)#1}>(at::TensorIteratorBase&, at::native::direct_copy_kernel_cuda(at::TensorIteratorBase&)::{lambda()#3}::operator()() const::{lambda()#4}::operator()() const::{lambda(long)#1} const&)::{lambda(int)#1})",22,operator_shape_matched,"[[3,22],[3,22],[]]","[""long int"",""long int"",""Scalar""]",null,1,1.408
aten::copy_,"void at::native::elementwise_kernel<128, 2, at::native::gpu_kernel_impl_nocast<at::native::direct_copy_kernel_cuda(at::TensorIteratorBase&)::{lambda()#3}::operator()() const::{lambda()#4}::operator()() const::{lambda(long)#1}>(at::TensorIteratorBase&, at::native::direct_copy_kernel_cuda(at::TensorIteratorBase&)::{lambda()#3}::operator()() const::{lambda()#4}::operator()() const::{lambda(long)#1} const&)::{lambda(int)#1}>(int, at::native::gpu_kernel_impl_nocast<at::native::direct_copy_kernel_cuda(at::TensorIteratorBase&)::{lambda()#3}::operator()() const::{lambda()#4}::operator()() const::{lambda(long)#1}>(at::TensorIteratorBase&, at::native::direct_copy_kernel_cuda(at::TensorIteratorBase&)::{lambda()#3}::operator()() const::{lambda()#4}::operator()() const::{lambda(long)#1} const&)::{lambda(int)#1})",23,operator_shape_matched,"[[3,36],[3,36],[]]","[""long int"",""long int"",""Scalar""]",null,1,1.408
aten::copy_,"void at::native::elementwise_kernel<128, 2, at::native::gpu_kernel_impl_nocast<at::native::direct_copy_kernel_cuda(at::TensorIteratorBase&)::{lambda()#3}::operator()() const::{lambda()#4}::operator()() const::{lambda(long)#1}>(at::TensorIteratorBase&, at::native::direct_copy_kernel_cuda(at::TensorIteratorBase&)::{lambda()#3}::operator()() const::{lambda()#4}::operator()() const::{lambda(long)#1} const&)::{lambda(int)#1}>(int, at::native::gpu_kernel_impl_nocast<at::native::direct_copy_kernel_cuda(at::TensorIteratorBase&)::{lambda()#3}::operator()() const::{lambda()#4}::operator()() const::{lambda(long)#1}>(at::TensorIteratorBase&, at::native::direct_copy_kernel_cuda(at::TensorIteratorBase&)::{lambda()#3}::operator()() const::{lambda()#4}::operator()() const::{lambda(long)#1} const&)::{lambda(int)#1})",24,operator_shape_matched,"[[3,30],[3,30],[]]","[""long int"",""long int"",""Scalar""]",null,1,1.407
aten::copy_,"void at::native::elementwise_kernel<128, 2, at::native::gpu_kernel_impl_nocast<at::native::direct_copy_kernel_cuda(at::TensorIteratorBase&)::{lambda()#3}::operator()() const::{lambda()#4}::operator()() const::{lambda(long)#1}>(at::TensorIteratorBase&, at::native::direct_copy_kernel_cuda(at::TensorIteratorBase&)::{lambda()#3}::operator()() const::{lambda()#4}::operator()() const::{lambda(long)#1} const&)::{lambda(int)#1}>(int, at::native::gpu_kernel_impl_nocast<at::native::direct_copy_kernel_cuda(at::TensorIteratorBase&)::{lambda()#3}::operator()() const::{lambda()#4}::operator()() const::{lambda(long)#1}>(at::TensorIteratorBase&, at::native::direct_copy_kernel_cuda(at::TensorIteratorBase&)::{lambda()#3}::operator()() const::{lambda()#4}::operator()() const::{lambda(long)#1} const&)::{lambda(int)#1})",25,operator_shape_matched,"[[3,18],[3,18],[]]","[""long int"",""long int"",""Scalar""]",null,1,1.345
aten::copy_,"void at::native::elementwise_kernel<128, 2, at::native::gpu_kernel_impl_nocast<at::native::direct_copy_kernel_cuda(at::TensorIteratorBase&)::{lambda()#3}::operator()() const::{lambda()#4}::operator()() const::{lambda(long)#1}>(at::TensorIteratorBase&, at::native::direct_copy_kernel_cuda(at::TensorIteratorBase&)::{lambda()#3}::operator()() const::{lambda()#4}::operator()() const::{lambda(long)#1} const&)::{lambda(int)#1}>(int, at::native::gpu_kernel_impl_nocast<at::native::direct_copy_kernel_cuda(at::TensorIteratorBase&)::{lambda()#3}::operator()() const::{lambda()#4}::operator()() const::{lambda(long)#1}>(at::TensorIteratorBase&, at::native::direct_copy_kernel_cuda(at::TensorIteratorBase&)::{lambda()#3}::operator()() const::{lambda()#4}::operator()() const::{lambda(long)#1} const&)::{lambda(int)#1})",26,operator_shape_matched,"[[3,24],[3,24],[]]","[""long int"",""long int"",""Scalar""]",null,1,1.344
aten::copy_,"void at::native::elementwise_kernel<128, 2, at::native::gpu_kernel_impl_nocast<at::native::direct_copy_kernel_cuda(at::TensorIteratorBase&)::{lambda()#3}::operator()() const::{lambda()#4}::operator()() const::{lambda(long)#1}>(at::TensorIteratorBase&, at::native::direct_copy_kernel_cuda(at::TensorIteratorBase&)::{lambda()#3}::operator()() const::{lambda()#4}::operator()() const::{lambda(long)#1} const&)::{lambda(int)#1}>(int, at::native::gpu_kernel_impl_nocast<at::native::direct_copy_kernel_cuda(at::TensorIteratorBase&)::{lambda()#3}::operator()() const::{lambda()#4}::operator()() const::{lambda(long)#1}>(at::TensorIteratorBase&, at::native::direct_copy_kernel_cuda(at::TensorIteratorBase&)::{lambda()#3}::operator()() const::{lambda()#4}::operator()() const::{lambda(long)#1} const&)::{lambda(int)#1})",27,operator_shape_matched,"[[3,2],[3,2],[]]","[""long int"",""long int"",""Scalar""]",null,1,1.343
aten::copy_,"void at::native::elementwise_kernel<128, 2, at::native::gpu_kernel_impl_nocast<at::native::direct_copy_kernel_cuda(at::TensorIteratorBase&)::{lambda()#3}::operator()() const::{lambda()#4}::operator()() const::{lambda(long)#1}>(at::TensorIteratorBase&, at::native::direct_copy_kernel_cuda(at::TensorIteratorBase&)::{lambda()#3}::operator()() const::{lambda()#4}::operator()() const::{lambda(long)#1} const&)::{lambda(int)#1}>(int, at::native::gpu_kernel_impl_nocast<at::native::direct_copy_kernel_cuda(at::TensorIteratorBase&)::{lambda()#3}::operator()() const::{lambda()#4}::operator()() const::{lambda(long)#1}>(at::TensorIteratorBase&, at::native::direct_copy_kernel_cuda(at::TensorIteratorBase&)::{lambda()#3}::operator()() const::{lambda()#4}::operator()() const::{lambda(long)#1} const&)::{lambda(int)#1})",28,operator_shape_matched,"[[3,14],[3,14],[]]","[""long int"",""long int"",""Scalar""]",null,1,1.312
aten::copy_,"void at::native::elementwise_kernel<128, 2, at::native::gpu_kernel_impl_nocast<at::native::direct_copy_kernel_cuda(at::TensorIteratorBase&)::{lambda()#3}::operator()() const::{lambda()#4}::operator()() const::{lambda(long)#1}>(at::TensorIteratorBase&, at::native::direct_copy_kernel_cuda(at::TensorIteratorBase&)::{lambda()#3}::operator()() const::{lambda()#4}::operator()() const::{lambda(long)#1} const&)::{lambda(int)#1}>(int, at::native::gpu_kernel_impl_nocast<at::native::direct_copy_kernel_cuda(at::TensorIteratorBase&)::{lambda()#3}::operator()() const::{lambda()#4}::operator()() const::{lambda(long)#1}>(at::TensorIteratorBase&, at::native::direct_copy_kernel_cuda(at::TensorIteratorBase&)::{lambda()#3}::operator()() const::{lambda()#4}::operator()() const::{lambda(long)#1} const&)::{lambda(int)#1})",29,operator_shape_matched,"[[3,40],[3,40],[]]","[""long int"",""long int"",""Scalar""]",null,1,1.216
aten::copy_,"void at::native::elementwise_kernel<128, 2, at::native::gpu_kernel_impl_nocast<at::native::direct_copy_kernel_cuda(at::TensorIteratorBase&)::{lambda()#3}::operator()() const::{lambda()#4}::operator()() const::{lambda(long)#1}>(at::TensorIteratorBase&, at::native::direct_copy_kernel_cuda(at::TensorIteratorBase&)::{lambda()#3}::operator()() const::{lambda()#4}::operator()() const::{lambda(long)#1} const&)::{lambda(int)#1}>(int, at::native::gpu_kernel_impl_nocast<at::native::direct_copy_kernel_cuda(at::TensorIteratorBase&)::{lambda()#3}::operator()() const::{lambda()#4}::operator()() const::{lambda(long)#1}>(at::TensorIteratorBase&, at::native::direct_copy_kernel_cuda(at::TensorIteratorBase&)::{lambda()#3}::operator()() const::{lambda()#4}::operator()() const::{lambda(long)#1} const&)::{lambda(int)#1})",30,operator_shape_matched,"[[3,4],[3,4],[]]","[""long int"",""long int"",""Scalar""]",null,1,1.216
aten::copy_,"void at::native::elementwise_kernel<128, 2, at::native::gpu_kernel_impl_nocast<at::native::direct_copy_kernel_cuda(at::TensorIteratorBase&)::{lambda()#3}::operator()() const::{lambda()#4}::operator()() const::{lambda(long)#1}>(at::TensorIteratorBase&, at::native::direct_copy_kernel_cuda(at::TensorIteratorBase&)::{lambda()#3}::operator()() const::{lambda()#4}::operator()() const::{lambda(long)#1} const&)::{lambda(int)#1}>(int, at::native::gpu_kernel_impl_nocast<at::native::direct_copy_kernel_cuda(at::TensorIteratorBase&)::{lambda()#3}::operator()() const::{lambda()#4}::operator()() const::{lambda(long)#1}>(at::TensorIteratorBase&, at::native::direct_copy_kernel_cuda(at::TensorIteratorBase&)::{lambda()#3}::operator()() const::{lambda()#4}::operator()() const::{lambda(long)#1} const&)::{lambda(int)#1})",31,operator_shape_matched,"[[3,1],[3,1],[]]","[""long int"",""long int"",""Scalar""]",null,1,1.215
aten::copy_,"void at::native::elementwise_kernel<128, 2, at::native::gpu_kernel_impl_nocast<at::native::direct_copy_kernel_cuda(at::TensorIteratorBase&)::{lambda()#3}::operator()() const::{lambda()#4}::operator()() const::{lambda(long)#1}>(at::TensorIteratorBase&, at::native::direct_copy_kernel_cuda(at::TensorIteratorBase&)::{lambda()#3}::operator()() const::{lambda()#4}::operator()() const::{lambda(long)#1} const&)::{lambda(int)#1}>(int, at::native::gpu_kernel_impl_nocast<at::native::direct_copy_kernel_cuda(at::TensorIteratorBase&)::{lambda()#3}::operator()() const::{lambda()#4}::operator()() const::{lambda(long)#1}>(at::TensorIteratorBase&, at::native::direct_copy_kernel_cuda(at::TensorIteratorBase&)::{lambda()#3}::operator()() const::{lambda()#4}::operator()() const::{lambda(long)#1} const&)::{lambda(int)#1})",32,operator_shape_matched,"[[3,20],[3,20],[]]","[""long int"",""long int"",""Scalar""]",null,1,1.215
aten::copy_,"void at::native::elementwise_kernel<128, 2, at::native::gpu_kernel_impl_nocast<at::native::direct_copy_kernel_cuda(at::TensorIteratorBase&)::{lambda()#3}::operator()() const::{lambda()#4}::operator()() const::{lambda(long)#1}>(at::TensorIteratorBase&, at::native::direct_copy_kernel_cuda(at::TensorIteratorBase&)::{lambda()#3}::operator()() const::{lambda()#4}::operator()() const::{lambda(long)#1} const&)::{lambda(int)#1}>(int, at::native::gpu_kernel_impl_nocast<at::native::direct_copy_kernel_cuda(at::TensorIteratorBase&)::{lambda()#3}::operator()() const::{lambda()#4}::operator()() const::{lambda(long)#1}>(at::TensorIteratorBase&, at::native::direct_copy_kernel_cuda(at::TensorIteratorBase&)::{lambda()#3}::operator()() const::{lambda()#4}::operator()() const::{lambda(long)#1} const&)::{lambda(int)#1})",33,operator_shape_matched,"[[3,8],[3,8],[]]","[""long int"",""long int"",""Scalar""]",null,1,1.215
aten::copy_,"void at::native::elementwise_kernel<128, 2, at::native::gpu_kernel_impl_nocast<at::native::direct_copy_kernel_cuda(at::TensorIteratorBase&)::{lambda()#3}::operator()() const::{lambda()#4}::operator()() const::{lambda(long)#1}>(at::TensorIteratorBase&, at::native::direct_copy_kernel_cuda(at::TensorIteratorBase&)::{lambda()#3}::operator()() const::{lambda()#4}::operator()() const::{lambda(long)#1} const&)::{lambda(int)#1}>(int, at::native::gpu_kernel_impl_nocast<at::native::direct_copy_kernel_cuda(at::TensorIteratorBase&)::{lambda()#3}::operator()() const::{lambda()#4}::operator()() const::{lambda(long)#1}>(at::TensorIteratorBase&, at::native::direct_copy_kernel_cuda(at::TensorIteratorBase&)::{lambda()#3}::operator()() const::{lambda()#4}::operator()() const::{lambda(long)#1} const&)::{lambda(int)#1})",34,operator_shape_matched,"[[3,12],[3,12],[]]","[""long int"",""long int"",""Scalar""]",null,1,1.184
aten::copy_,"void at::native::elementwise_kernel<128, 2, at::native::gpu_kernel_impl_nocast<at::native::direct_copy_kernel_cuda(at::TensorIteratorBase&)::{lambda()#3}::operator()() const::{lambda()#4}::operator()() const::{lambda(long)#1}>(at::TensorIteratorBase&, at::native::direct_copy_kernel_cuda(at::TensorIteratorBase&)::{lambda()#3}::operator()() const::{lambda()#4}::operator()() const::{lambda(long)#1} const&)::{lambda(int)#1}>(int, at::native::gpu_kernel_impl_nocast<at::native::direct_copy_kernel_cuda(at::TensorIteratorBase&)::{lambda()#3}::operator()() const::{lambda()#4}::operator()() const::{lambda(long)#1}>(at::TensorIteratorBase&, at::native::direct_copy_kernel_cuda(at::TensorIteratorBase&)::{lambda()#3}::operator()() const::{lambda()#4}::operator()() const::{lambda(long)#1} const&)::{lambda(int)#1})",35,operator_shape_matched,"[[3,16],[3,16],[]]","[""long int"",""long int"",""Scalar""]",null,1,1.184
aten::copy_,"void at::native::elementwise_kernel<128, 2, at::native::gpu_kernel_impl_nocast<at::native::direct_copy_kernel_cuda(at::TensorIteratorBase&)::{lambda()#3}::operator()() const::{lambda()#4}::operator()() const::{lambda(long)#1}>(at::TensorIteratorBase&, at::native::direct_copy_kernel_cuda(at::TensorIteratorBase&)::{lambda()#3}::operator()() const::{lambda()#4}::operator()() const::{lambda(long)#1} const&)::{lambda(int)#1}>(int, at::native::gpu_kernel_impl_nocast<at::native::direct_copy_kernel_cuda(at::TensorIteratorBase&)::{lambda()#3}::operator()() const::{lambda()#4}::operator()() const::{lambda(long)#1}>(at::TensorIteratorBase&, at::native::direct_copy_kernel_cuda(at::TensorIteratorBase&)::{lambda()#3}::operator()() const::{lambda()#4}::operator()() const::{lambda(long)#1} const&)::{lambda(int)#1})",36,operator_shape_matched,"[[3,28],[3,28],[]]","[""long int"",""long int"",""Scalar""]",null,1,1.184
aten::copy_,"void at::native::elementwise_kernel<128, 2, at::native::gpu_kernel_impl_nocast<at::native::direct_copy_kernel_cuda(at::TensorIteratorBase&)::{lambda()#3}::operator()() const::{lambda()#4}::operator()() const::{lambda(long)#1}>(at::TensorIteratorBase&, at::native::direct_copy_kernel_cuda(at::TensorIteratorBase&)::{lambda()#3}::operator()() const::{lambda()#4}::operator()() const::{lambda(long)#1} const&)::{lambda(int)#1}>(int, at::native::gpu_kernel_impl_nocast<at::native::direct_copy_kernel_cuda(at::TensorIteratorBase&)::{lambda()#3}::operator()() const::{lambda()#4}::operator()() const::{lambda(long)#1}>(at::TensorIteratorBase&, at::native::direct_copy_kernel_cuda(at::TensorIteratorBase&)::{lambda()#3}::operator()() const::{lambda()#4}::operator()() const::{lambda(long)#1} const&)::{lambda(int)#1})",37,operator_shape_matched,"[[3,32],[3,32],[]]","[""long int"",""long int"",""Scalar""]",null,1,1.184
null,"void reduce_1Block_kernel<float, 128, 7, cublasGemvTensorStridedBatched<float>, cublasGemvTensorStridedBatched<__nv_bfloat16 const>, cublasGemvTensorStridedBatched<__nv_bfloat16> >(float const*, float, cublasGemvTensorStridedBatched<float>, int, float const*, float, cublasGemvTensorStridedBatched<__nv_bfloat16 const>, cublasGemvTensorStridedBatched<__nv_bfloat16>, cublasPointerMode_t, cublasLtEpilogue_t, cublasGemvTensorStridedBatched<biasType<cublasGemvTensorStridedBatched<__nv_bfloat16>::value_type, float>::type const>)",1,missing_external_id,null,null,null,120,406.607
null,triton_poi_fused_2,1,missing_external_id,null,null,null,256,345.123
triton_poi_fused_2,triton_poi_fused_2,2,operator_shape_matched,"[[8192,32],[8192,16],[8192,16],[],[]]","[""c10::BFloat16"",""c10::BFloat16"",""c10::BFloat16"",""Scalar"",""Scalar""]",null,31,46.084
triton_poi_fused_2,triton_poi_fused_2,3,operator_shape_matched,"[[5089,32],[5089,16],[5089,16],[],[]]","[""c10::BFloat16"",""c10::BFloat16"",""c10::BFloat16"",""Scalar"",""Scalar""]",null,1,1.408
triton_poi_fused_2,triton_poi_fused_2,4,operator_shape_matched,"[[4096,32],[4096,16],[4096,16],[],[]]","[""c10::BFloat16"",""c10::BFloat16"",""c10::BFloat16"",""Scalar"",""Scalar""]",null,1,1.344
aten::sub,sub_func_tensor_scalar_kernel_rank_1,1,operator_shape_matched,"[[64],[],[]]","[""int"",""long int"",""Scalar""]",null,223,227.776
aten::sub,sub_func_tensor_scalar_kernel_rank_1,2,operator_shape_matched,"[[4],[],[]]","[""int"",""long int"",""Scalar""]",null,88,88.964
aten::sub,sub_func_tensor_scalar_kernel_rank_1,3,operator_shape_matched,"[[3],[],[]]","[""int"",""long int"",""Scalar""]",null,10,9.953
aten::sub,sub_func_tensor_scalar_kernel_rank_1,4,operator_shape_matched,"[[63],[],[]]","[""int"",""long int"",""Scalar""]",null,3,2.976
aten::sub,sub_func_tensor_scalar_kernel_rank_1,5,operator_shape_matched,"[[1],[],[]]","[""int"",""long int"",""Scalar""]",null,2,1.984
aten::sub,sub_func_tensor_scalar_kernel_rank_1,6,operator_shape_matched,"[[52],[],[]]","[""int"",""long int"",""Scalar""]",null,1,1.216
aten::sub,sub_func_tensor_scalar_kernel_rank_1,7,operator_shape_matched,"[[19],[],[]]","[""int"",""long int"",""Scalar""]",null,1,1.184
aten::sub,sub_func_tensor_scalar_kernel_rank_1,8,operator_shape_matched,"[[36],[],[]]","[""int"",""long int"",""Scalar""]",null,1,1.12
aten::sub,sub_func_tensor_scalar_kernel_rank_1,9,operator_shape_matched,"[[51],[],[]]","[""int"",""long int"",""Scalar""]",null,1,1.088
aten::sub,sub_func_tensor_scalar_kernel_rank_1,10,operator_shape_matched,"[[18],[],[]]","[""int"",""long int"",""Scalar""]",null,1,1.056
aten::sub,sub_func_tensor_scalar_kernel_rank_1,11,operator_shape_matched,"[[25],[],[]]","[""int"",""long int"",""Scalar""]",null,1,1.056
aten::sub,sub_func_tensor_scalar_kernel_rank_1,12,operator_shape_matched,"[[29],[],[]]","[""int"",""long int"",""Scalar""]",null,1,1.056
aten::sub,sub_func_tensor_scalar_kernel_rank_1,13,operator_shape_matched,"[[53],[],[]]","[""int"",""long int"",""Scalar""]",null,1,1.025
aten::sub,sub_func_tensor_scalar_kernel_rank_1,14,operator_shape_matched,"[[54],[],[]]","[""int"",""long int"",""Scalar""]",null,1,1.025
aten::sub,sub_func_tensor_scalar_kernel_rank_1,15,operator_shape_matched,"[[11],[],[]]","[""int"",""long int"",""Scalar""]",null,1,1.024
aten::sub,sub_func_tensor_scalar_kernel_rank_1,16,operator_shape_matched,"[[12],[],[]]","[""int"",""long int"",""Scalar""]",null,1,1.024
aten::sub,sub_func_tensor_scalar_kernel_rank_1,17,operator_shape_matched,"[[13],[],[]]","[""int"",""long int"",""Scalar""]",null,1,1.024
aten::sub,sub_func_tensor_scalar_kernel_rank_1,18,operator_shape_matched,"[[17],[],[]]","[""int"",""long int"",""Scalar""]",null,1,1.024
aten::sub,sub_func_tensor_scalar_kernel_rank_1,19,operator_shape_matched,"[[21],[],[]]","[""int"",""long int"",""Scalar""]",null,1,1.024
aten::sub,sub_func_tensor_scalar_kernel_rank_1,20,operator_shape_matched,"[[22],[],[]]","[""int"",""long int"",""Scalar""]",null,1,1.024
aten::sub,sub_func_tensor_scalar_kernel_rank_1,21,operator_shape_matched,"[[26],[],[]]","[""int"",""long int"",""Scalar""]",null,1,1.024
aten::sub,sub_func_tensor_scalar_kernel_rank_1,22,operator_shape_matched,"[[27],[],[]]","[""int"",""long int"",""Scalar""]",null,1,1.024
aten::sub,sub_func_tensor_scalar_kernel_rank_1,23,operator_shape_matched,"[[28],[],[]]","[""int"",""long int"",""Scalar""]",null,1,1.024
aten::sub,sub_func_tensor_scalar_kernel_rank_1,24,operator_shape_matched,"[[30],[],[]]","[""int"",""long int"",""Scalar""]",null,1,1.024
aten::sub,sub_func_tensor_scalar_kernel_rank_1,25,operator_shape_matched,"[[31],[],[]]","[""int"",""long int"",""Scalar""]",null,1,1.024
aten::sub,sub_func_tensor_scalar_kernel_rank_1,26,operator_shape_matched,"[[32],[],[]]","[""int"",""long int"",""Scalar""]",null,1,1.024
aten::sub,sub_func_tensor_scalar_kernel_rank_1,27,operator_shape_matched,"[[33],[],[]]","[""int"",""long int"",""Scalar""]",null,1,1.024
aten::sub,sub_func_tensor_scalar_kernel_rank_1,28,operator_shape_matched,"[[39],[],[]]","[""int"",""long int"",""Scalar""]",null,1,1.024
aten::sub,sub_func_tensor_scalar_kernel_rank_1,29,operator_shape_matched,"[[41],[],[]]","[""int"",""long int"",""Scalar""]",null,1,1.024
aten::sub,sub_func_tensor_scalar_kernel_rank_1,30,operator_shape_matched,"[[47],[],[]]","[""int"",""long int"",""Scalar""]",null,1,1.024
aten::sub,sub_func_tensor_scalar_kernel_rank_1,31,operator_shape_matched,"[[50],[],[]]","[""int"",""long int"",""Scalar""]",null,1,1.024
aten::sub,sub_func_tensor_scalar_kernel_rank_1,32,operator_shape_matched,"[[55],[],[]]","[""int"",""long int"",""Scalar""]",null,1,1.024
aten::sub,sub_func_tensor_scalar_kernel_rank_1,33,operator_shape_matched,"[[56],[],[]]","[""int"",""long int"",""Scalar""]",null,1,1.024
aten::sub,sub_func_tensor_scalar_kernel_rank_1,34,operator_shape_matched,"[[57],[],[]]","[""int"",""long int"",""Scalar""]",null,1,1.024
aten::sub,sub_func_tensor_scalar_kernel_rank_1,35,operator_shape_matched,"[[5],[],[]]","[""int"",""long int"",""Scalar""]",null,1,1.024
aten::sub,sub_func_tensor_scalar_kernel_rank_1,36,operator_shape_matched,"[[6],[],[]]","[""int"",""long int"",""Scalar""]",null,1,1.024
aten::sub,sub_func_tensor_scalar_kernel_rank_1,37,operator_shape_matched,"[[9],[],[]]","[""int"",""long int"",""Scalar""]",null,1,1.024
aten::sub,sub_func_tensor_scalar_kernel_rank_1,38,operator_shape_matched,"[[20],[],[]]","[""int"",""long int"",""Scalar""]",null,1,1.023
aten::sub,sub_func_tensor_scalar_kernel_rank_1,39,operator_shape_matched,"[[23],[],[]]","[""int"",""long int"",""Scalar""]",null,1,1.023
aten::sub,sub_func_tensor_scalar_kernel_rank_1,40,operator_shape_matched,"[[24],[],[]]","[""int"",""long int"",""Scalar""]",null,1,1.023
aten::sub,sub_func_tensor_scalar_kernel_rank_1,41,operator_shape_matched,"[[2],[],[]]","[""int"",""long int"",""Scalar""]",null,1,1.023
aten::sub,sub_func_tensor_scalar_kernel_rank_1,42,operator_shape_matched,"[[10],[],[]]","[""int"",""long int"",""Scalar""]",null,1,0.992
aten::sub,sub_func_tensor_scalar_kernel_rank_1,43,operator_shape_matched,"[[14],[],[]]","[""int"",""long int"",""Scalar""]",null,1,0.992
aten::sub,sub_func_tensor_scalar_kernel_rank_1,44,operator_shape_matched,"[[15],[],[]]","[""int"",""long int"",""Scalar""]",null,1,0.992
aten::sub,sub_func_tensor_scalar_kernel_rank_1,45,operator_shape_matched,"[[16],[],[]]","[""int"",""long int"",""Scalar""]",null,1,0.992
aten::sub,sub_func_tensor_scalar_kernel_rank_1,46,operator_shape_matched,"[[34],[],[]]","[""int"",""long int"",""Scalar""]",null,1,0.992
aten::sub,sub_func_tensor_scalar_kernel_rank_1,47,operator_shape_matched,"[[35],[],[]]","[""int"",""long int"",""Scalar""]",null,1,0.992
aten::sub,sub_func_tensor_scalar_kernel_rank_1,48,operator_shape_matched,"[[37],[],[]]","[""int"",""long int"",""Scalar""]",null,1,0.992
aten::sub,sub_func_tensor_scalar_kernel_rank_1,49,operator_shape_matched,"[[38],[],[]]","[""int"",""long int"",""Scalar""]",null,1,0.992
aten::sub,sub_func_tensor_scalar_kernel_rank_1,50,operator_shape_matched,"[[40],[],[]]","[""int"",""long int"",""Scalar""]",null,1,0.992
aten::sub,sub_func_tensor_scalar_kernel_rank_1,51,operator_shape_matched,"[[43],[],[]]","[""int"",""long int"",""Scalar""]",null,1,0.992
aten::sub,sub_func_tensor_scalar_kernel_rank_1,52,operator_shape_matched,"[[44],[],[]]","[""int"",""long int"",""Scalar""]",null,1,0.992
aten::sub,sub_func_tensor_scalar_kernel_rank_1,53,operator_shape_matched,"[[45],[],[]]","[""int"",""long int"",""Scalar""]",null,1,0.992
aten::sub,sub_func_tensor_scalar_kernel_rank_1,54,operator_shape_matched,"[[46],[],[]]","[""int"",""long int"",""Scalar""]",null,1,0.992
aten::sub,sub_func_tensor_scalar_kernel_rank_1,55,operator_shape_matched,"[[48],[],[]]","[""int"",""long int"",""Scalar""]",null,1,0.992
aten::sub,sub_func_tensor_scalar_kernel_rank_1,56,operator_shape_matched,"[[49],[],[]]","[""int"",""long int"",""Scalar""]",null,1,0.992
aten::sub,sub_func_tensor_scalar_kernel_rank_1,57,operator_shape_matched,"[[58],[],[]]","[""int"",""long int"",""Scalar""]",null,1,0.992
aten::sub,sub_func_tensor_scalar_kernel_rank_1,58,operator_shape_matched,"[[59],[],[]]","[""int"",""long int"",""Scalar""]",null,1,0.992
aten::sub,sub_func_tensor_scalar_kernel_rank_1,59,operator_shape_matched,"[[60],[],[]]","[""int"",""long int"",""Scalar""]",null,1,0.992
aten::sub,sub_func_tensor_scalar_kernel_rank_1,60,operator_shape_matched,"[[61],[],[]]","[""int"",""long int"",""Scalar""]",null,1,0.992
aten::sub,sub_func_tensor_scalar_kernel_rank_1,61,operator_shape_matched,"[[62],[],[]]","[""int"",""long int"",""Scalar""]",null,1,0.992
aten::sub,sub_func_tensor_scalar_kernel_rank_1,62,operator_shape_matched,"[[7],[],[]]","[""int"",""long int"",""Scalar""]",null,1,0.992
aten::sub,sub_func_tensor_scalar_kernel_rank_1,63,operator_shape_matched,"[[8],[],[]]","[""int"",""long int"",""Scalar""]",null,1,0.992
aten::sub,sub_func_tensor_scalar_kernel_rank_1,64,operator_shape_matched,"[[42],[],[]]","[""int"",""long int"",""Scalar""]",null,1,0.991
null,_silu_and_mul_kernel_kernel_rank_2,1,missing_external_id,null,null,null,200,367.653
triton_poi_fused___and_____or___add_bitwise_not_ge_lt_mul_sub_0,triton_poi_fused___and_____or___add_bitwise_not_ge_lt_mul_sub_0,1,operator_shape_matched,"[[64],[64],[64],[],[],[],[],[],[]]","[""int"",""long int"",""bool"",""Scalar"",""Scalar"",""Scalar"",""Scalar"",""Scalar"",""Scalar""]",null,222,248.102
triton_poi_fused___and_____or___add_bitwise_not_ge_lt_mul_sub_0,triton_poi_fused___and_____or___add_bitwise_not_ge_lt_mul_sub_0,2,operator_shape_matched,"[[8192],[8192],[8192],[],[],[],[],[],[]]","[""int"",""long int"",""bool"",""Scalar"",""Scalar"",""Scalar"",""Scalar"",""Scalar"",""Scalar""]",null,31,44.35
triton_poi_fused___and_____or___add_bitwise_not_ge_lt_mul_sub_0,triton_poi_fused___and_____or___add_bitwise_not_ge_lt_mul_sub_0,3,operator_shape_matched,"[[63],[63],[63],[],[],[],[],[],[]]","[""int"",""long int"",""bool"",""Scalar"",""Scalar"",""Scalar"",""Scalar"",""Scalar"",""Scalar""]",null,2,2.624
triton_poi_fused___and_____or___add_bitwise_not_ge_lt_mul_sub_0,triton_poi_fused___and_____or___add_bitwise_not_ge_lt_mul_sub_0,4,operator_shape_matched,"[[10],[10],[10],[],[],[],[],[],[]]","[""int"",""long int"",""bool"",""Scalar"",""Scalar"",""Scalar"",""Scalar"",""Scalar"",""Scalar""]",null,1,1.44
triton_poi_fused___and_____or___add_bitwise_not_ge_lt_mul_sub_0,triton_poi_fused___and_____or___add_bitwise_not_ge_lt_mul_sub_0,5,operator_shape_matched,"[[6],[6],[6],[],[],[],[],[],[]]","[""int"",""long int"",""bool"",""Scalar"",""Scalar"",""Scalar"",""Scalar"",""Scalar"",""Scalar""]",null,1,1.409
triton_poi_fused___and_____or___add_bitwise_not_ge_lt_mul_sub_0,triton_poi_fused___and_____or___add_bitwise_not_ge_lt_mul_sub_0,6,operator_shape_matched,"[[5089],[5089],[5089],[],[],[],[],[],[]]","[""int"",""long int"",""bool"",""Scalar"",""Scalar"",""Scalar"",""Scalar"",""Scalar"",""Scalar""]",null,1,1.408
triton_poi_fused___and_____or___add_bitwise_not_ge_lt_mul_sub_0,triton_poi_fused___and_____or___add_bitwise_not_ge_lt_mul_sub_0,7,operator_shape_matched,"[[18],[18],[18],[],[],[],[],[],[]]","[""int"",""long int"",""bool"",""Scalar"",""Scalar"",""Scalar"",""Scalar"",""Scalar"",""Scalar""]",null,1,1.376
triton_poi_fused___and_____or___add_bitwise_not_ge_lt_mul_sub_0,triton_poi_fused___and_____or___add_bitwise_not_ge_lt_mul_sub_0,8,operator_shape_matched,"[[26],[26],[26],[],[],[],[],[],[]]","[""int"",""long int"",""bool"",""Scalar"",""Scalar"",""Scalar"",""Scalar"",""Scalar"",""Scalar""]",null,1,1.344
triton_poi_fused___and_____or___add_bitwise_not_ge_lt_mul_sub_0,triton_poi_fused___and_____or___add_bitwise_not_ge_lt_mul_sub_0,9,operator_shape_matched,"[[46],[46],[46],[],[],[],[],[],[]]","[""int"",""long int"",""bool"",""Scalar"",""Scalar"",""Scalar"",""Scalar"",""Scalar"",""Scalar""]",null,1,1.344
triton_poi_fused___and_____or___add_bitwise_not_ge_lt_mul_sub_0,triton_poi_fused___and_____or___add_bitwise_not_ge_lt_mul_sub_0,10,operator_shape_matched,"[[14],[14],[14],[],[],[],[],[],[]]","[""int"",""long int"",""bool"",""Scalar"",""Scalar"",""Scalar"",""Scalar"",""Scalar"",""Scalar""]",null,1,1.312
triton_poi_fused___and_____or___add_bitwise_not_ge_lt_mul_sub_0,triton_poi_fused___and_____or___add_bitwise_not_ge_lt_mul_sub_0,11,operator_shape_matched,"[[34],[34],[34],[],[],[],[],[],[]]","[""int"",""long int"",""bool"",""Scalar"",""Scalar"",""Scalar"",""Scalar"",""Scalar"",""Scalar""]",null,1,1.312
triton_poi_fused___and_____or___add_bitwise_not_ge_lt_mul_sub_0,triton_poi_fused___and_____or___add_bitwise_not_ge_lt_mul_sub_0,12,operator_shape_matched,"[[42],[42],[42],[],[],[],[],[],[]]","[""int"",""long int"",""bool"",""Scalar"",""Scalar"",""Scalar"",""Scalar"",""Scalar"",""Scalar""]",null,1,1.312
triton_poi_fused___and_____or___add_bitwise_not_ge_lt_mul_sub_0,triton_poi_fused___and_____or___add_bitwise_not_ge_lt_mul_sub_0,13,operator_shape_matched,"[[44],[44],[44],[],[],[],[],[],[]]","[""int"",""long int"",""bool"",""Scalar"",""Scalar"",""Scalar"",""Scalar"",""Scalar"",""Scalar""]",null,1,1.28
triton_poi_fused___and_____or___add_bitwise_not_ge_lt_mul_sub_0,triton_poi_fused___and_____or___add_bitwise_not_ge_lt_mul_sub_0,14,operator_shape_matched,"[[12],[12],[12],[],[],[],[],[],[]]","[""int"",""long int"",""bool"",""Scalar"",""Scalar"",""Scalar"",""Scalar"",""Scalar"",""Scalar""]",null,1,1.248
triton_poi_fused___and_____or___add_bitwise_not_ge_lt_mul_sub_0,triton_poi_fused___and_____or___add_bitwise_not_ge_lt_mul_sub_0,15,operator_shape_matched,"[[22],[22],[22],[],[],[],[],[],[]]","[""int"",""long int"",""bool"",""Scalar"",""Scalar"",""Scalar"",""Scalar"",""Scalar"",""Scalar""]",null,1,1.248
triton_poi_fused___and_____or___add_bitwise_not_ge_lt_mul_sub_0,triton_poi_fused___and_____or___add_bitwise_not_ge_lt_mul_sub_0,16,operator_shape_matched,"[[28],[28],[28],[],[],[],[],[],[]]","[""int"",""long int"",""bool"",""Scalar"",""Scalar"",""Scalar"",""Scalar"",""Scalar"",""Scalar""]",null,1,1.248
triton_poi_fused___and_____or___add_bitwise_not_ge_lt_mul_sub_0,triton_poi_fused___and_____or___add_bitwise_not_ge_lt_mul_sub_0,17,operator_shape_matched,"[[38],[38],[38],[],[],[],[],[],[]]","[""int"",""long int"",""bool"",""Scalar"",""Scalar"",""Scalar"",""Scalar"",""Scalar"",""Scalar""]",null,1,1.248
triton_poi_fused___and_____or___add_bitwise_not_ge_lt_mul_sub_0,triton_poi_fused___and_____or___add_bitwise_not_ge_lt_mul_sub_0,18,operator_shape_matched,"[[4096],[4096],[4096],[],[],[],[],[],[]]","[""int"",""long int"",""bool"",""Scalar"",""Scalar"",""Scalar"",""Scalar"",""Scalar"",""Scalar""]",null,1,1.248
triton_poi_fused___and_____or___add_bitwise_not_ge_lt_mul_sub_0,triton_poi_fused___and_____or___add_bitwise_not_ge_lt_mul_sub_0,19,operator_shape_matched,"[[50],[50],[50],[],[],[],[],[],[]]","[""int"",""long int"",""bool"",""Scalar"",""Scalar"",""Scalar"",""Scalar"",""Scalar"",""Scalar""]",null,1,1.248
triton_poi_fused___and_____or___add_bitwise_not_ge_lt_mul_sub_0,triton_poi_fused___and_____or___add_bitwise_not_ge_lt_mul_sub_0,20,operator_shape_matched,"[[52],[52],[52],[],[],[],[],[],[]]","[""int"",""long int"",""bool"",""Scalar"",""Scalar"",""Scalar"",""Scalar"",""Scalar"",""Scalar""]",null,1,1.248
triton_poi_fused___and_____or___add_bitwise_not_ge_lt_mul_sub_0,triton_poi_fused___and_____or___add_bitwise_not_ge_lt_mul_sub_0,21,operator_shape_matched,"[[54],[54],[54],[],[],[],[],[],[]]","[""int"",""long int"",""bool"",""Scalar"",""Scalar"",""Scalar"",""Scalar"",""Scalar"",""Scalar""]",null,1,1.248
triton_poi_fused___and_____or___add_bitwise_not_ge_lt_mul_sub_0,triton_poi_fused___and_____or___add_bitwise_not_ge_lt_mul_sub_0,22,operator_shape_matched,"[[58],[58],[58],[],[],[],[],[],[]]","[""int"",""long int"",""bool"",""Scalar"",""Scalar"",""Scalar"",""Scalar"",""Scalar"",""Scalar""]",null,1,1.248
triton_poi_fused___and_____or___add_bitwise_not_ge_lt_mul_sub_0,triton_poi_fused___and_____or___add_bitwise_not_ge_lt_mul_sub_0,23,operator_shape_matched,"[[62],[62],[62],[],[],[],[],[],[]]","[""int"",""long int"",""bool"",""Scalar"",""Scalar"",""Scalar"",""Scalar"",""Scalar"",""Scalar""]",null,1,1.248
triton_poi_fused___and_____or___add_bitwise_not_ge_lt_mul_sub_0,triton_poi_fused___and_____or___add_bitwise_not_ge_lt_mul_sub_0,24,operator_shape_matched,"[[20],[20],[20],[],[],[],[],[],[]]","[""int"",""long int"",""bool"",""Scalar"",""Scalar"",""Scalar"",""Scalar"",""Scalar"",""Scalar""]",null,1,1.217
triton_poi_fused___and_____or___add_bitwise_not_ge_lt_mul_sub_0,triton_poi_fused___and_____or___add_bitwise_not_ge_lt_mul_sub_0,25,operator_shape_matched,"[[30],[30],[30],[],[],[],[],[],[]]","[""int"",""long int"",""bool"",""Scalar"",""Scalar"",""Scalar"",""Scalar"",""Scalar"",""Scalar""]",null,1,1.217
triton_poi_fused___and_____or___add_bitwise_not_ge_lt_mul_sub_0,triton_poi_fused___and_____or___add_bitwise_not_ge_lt_mul_sub_0,26,operator_shape_matched,"[[2],[2],[2],[],[],[],[],[],[]]","[""int"",""long int"",""bool"",""Scalar"",""Scalar"",""Scalar"",""Scalar"",""Scalar"",""Scalar""]",null,1,1.216
triton_poi_fused___and_____or___add_bitwise_not_ge_lt_mul_sub_0,triton_poi_fused___and_____or___add_bitwise_not_ge_lt_mul_sub_0,27,operator_shape_matched,"[[36],[36],[36],[],[],[],[],[],[]]","[""int"",""long int"",""bool"",""Scalar"",""Scalar"",""Scalar"",""Scalar"",""Scalar"",""Scalar""]",null,1,1.216
triton_poi_fused___and_____or___add_bitwise_not_ge_lt_mul_sub_0,triton_poi_fused___and_____or___add_bitwise_not_ge_lt_mul_sub_0,28,operator_shape_matched,"[[4],[4],[4],[],[],[],[],[],[]]","[""int"",""long int"",""bool"",""Scalar"",""Scalar"",""Scalar"",""Scalar"",""Scalar"",""Scalar""]",null,1,1.216
triton_poi_fused___and_____or___add_bitwise_not_ge_lt_mul_sub_0,triton_poi_fused___and_____or___add_bitwise_not_ge_lt_mul_sub_0,29,operator_shape_matched,"[[60],[60],[60],[],[],[],[],[],[]]","[""int"",""long int"",""bool"",""Scalar"",""Scalar"",""Scalar"",""Scalar"",""Scalar"",""Scalar""]",null,1,1.216
triton_poi_fused___and_____or___add_bitwise_not_ge_lt_mul_sub_0,triton_poi_fused___and_____or___add_bitwise_not_ge_lt_mul_sub_0,30,operator_shape_matched,"[[16],[16],[16],[],[],[],[],[],[]]","[""int"",""long int"",""bool"",""Scalar"",""Scalar"",""Scalar"",""Scalar"",""Scalar"",""Scalar""]",null,1,1.185
triton_poi_fused___and_____or___add_bitwise_not_ge_lt_mul_sub_0,triton_poi_fused___and_____or___add_bitwise_not_ge_lt_mul_sub_0,31,operator_shape_matched,"[[48],[48],[48],[],[],[],[],[],[]]","[""int"",""long int"",""bool"",""Scalar"",""Scalar"",""Scalar"",""Scalar"",""Scalar"",""Scalar""]",null,1,1.12
triton_poi_fused___and_____or___add_bitwise_not_ge_lt_mul_sub_0,triton_poi_fused___and_____or___add_bitwise_not_ge_lt_mul_sub_0,32,operator_shape_matched,"[[24],[24],[24],[],[],[],[],[],[]]","[""int"",""long int"",""bool"",""Scalar"",""Scalar"",""Scalar"",""Scalar"",""Scalar"",""Scalar""]",null,1,1.088
triton_poi_fused___and_____or___add_bitwise_not_ge_lt_mul_sub_0,triton_poi_fused___and_____or___add_bitwise_not_ge_lt_mul_sub_0,33,operator_shape_matched,"[[40],[40],[40],[],[],[],[],[],[]]","[""int"",""long int"",""bool"",""Scalar"",""Scalar"",""Scalar"",""Scalar"",""Scalar"",""Scalar""]",null,1,1.088
triton_poi_fused___and_____or___add_bitwise_not_ge_lt_mul_sub_0,triton_poi_fused___and_____or___add_bitwise_not_ge_lt_mul_sub_0,34,operator_shape_matched,"[[56],[56],[56],[],[],[],[],[],[]]","[""int"",""long int"",""bool"",""Scalar"",""Scalar"",""Scalar"",""Scalar"",""Scalar"",""Scalar""]",null,1,1.088
triton_poi_fused___and_____or___add_bitwise_not_ge_lt_mul_sub_0,triton_poi_fused___and_____or___add_bitwise_not_ge_lt_mul_sub_0,35,operator_shape_matched,"[[8],[8],[8],[],[],[],[],[],[]]","[""int"",""long int"",""bool"",""Scalar"",""Scalar"",""Scalar"",""Scalar"",""Scalar"",""Scalar""]",null,1,1.088
triton_poi_fused___and_____or___add_bitwise_not_ge_lt_mul_sub_0,triton_poi_fused___and_____or___add_bitwise_not_ge_lt_mul_sub_0,36,operator_shape_matched,"[[32],[32],[32],[],[],[],[],[],[]]","[""int"",""long int"",""bool"",""Scalar"",""Scalar"",""Scalar"",""Scalar"",""Scalar"",""Scalar""]",null,1,1.087
null,"void dot_kernel<float, 128, 0, cublasDotParams<cublasGemvTensorStridedBatched<__nv_bfloat16 const>, cublasGemvTensorStridedBatched<float> > >(cublasDotParams<cublasGemvTensorStridedBatched<__nv_bfloat16 const>, cublasGemvTensorStridedBatched<float> >)",1,missing_external_id,null,null,null,120,330.146
aten::full,full_func_scalar_kernel_rank_1,1,operator_shape_matched,"[[],[],[],[],[],[]]","[""ScalarList"",""Scalar"",""Scalar"","""","""",""Scalar""]",null,198,191.235
aten::gt,gt_func_scalar_kernel_rank_1,1,operator_shape_matched,"[[59],[]]","[""int"",""Scalar""]",null,3,3.2
aten::gt,gt_func_scalar_kernel_rank_1,2,operator_shape_matched,"[[7],[]]","[""int"",""Scalar""]",null,3,3.169
aten::gt,gt_func_scalar_kernel_rank_1,3,operator_shape_matched,"[[55],[]]","[""int"",""Scalar""]",null,3,3.168
aten::gt,gt_func_scalar_kernel_rank_1,4,operator_shape_matched,"[[47],[]]","[""int"",""Scalar""]",null,3,3.137
aten::gt,gt_func_scalar_kernel_rank_1,5,operator_shape_matched,"[[13],[]]","[""int"",""Scalar""]",null,3,3.136
aten::gt,gt_func_scalar_kernel_rank_1,6,operator_shape_matched,"[[41],[]]","[""int"",""Scalar""]",null,3,3.136
aten::gt,gt_func_scalar_kernel_rank_1,7,operator_shape_matched,"[[61],[]]","[""int"",""Scalar""]",null,3,3.136
aten::gt,gt_func_scalar_kernel_rank_1,8,operator_shape_matched,"[[23],[]]","[""int"",""Scalar""]",null,3,3.105
aten::gt,gt_func_scalar_kernel_rank_1,9,operator_shape_matched,"[[45],[]]","[""int"",""Scalar""]",null,3,3.105
aten::gt,gt_func_scalar_kernel_rank_1,10,operator_shape_matched,"[[9],[]]","[""int"",""Scalar""]",null,3,3.105
aten::gt,gt_func_scalar_kernel_rank_1,11,operator_shape_matched,"[[21],[]]","[""int"",""Scalar""]",null,3,3.104
aten::gt,gt_func_scalar_kernel_rank_1,12,operator_shape_matched,"[[27],[]]","[""int"",""Scalar""]",null,3,3.104
aten::gt,gt_func_scalar_kernel_rank_1,13,operator_shape_matched,"[[39],[]]","[""int"",""Scalar""]",null,3,3.104
aten::gt,gt_func_scalar_kernel_rank_1,14,operator_shape_matched,"[[3],[]]","[""int"",""Scalar""]",null,3,3.104
aten::gt,gt_func_scalar_kernel_rank_1,15,operator_shape_matched,"[[5],[]]","[""int"",""Scalar""]",null,3,3.104
aten::gt,gt_func_scalar_kernel_rank_1,16,operator_shape_matched,"[[63],[]]","[""int"",""Scalar""]",null,3,3.104
aten::gt,gt_func_scalar_kernel_rank_1,17,operator_shape_matched,"[[15],[]]","[""int"",""Scalar""]",null,3,3.103
aten::gt,gt_func_scalar_kernel_rank_1,18,operator_shape_matched,"[[35],[]]","[""int"",""Scalar""]",null,3,3.103
aten::gt,gt_func_scalar_kernel_rank_1,19,operator_shape_matched,"[[33],[]]","[""int"",""Scalar""]",null,3,3.072
aten::gt,gt_func_scalar_kernel_rank_1,20,operator_shape_matched,"[[51],[]]","[""int"",""Scalar""]",null,3,3.072
aten::gt,gt_func_scalar_kernel_rank_1,21,operator_shape_matched,"[[57],[]]","[""int"",""Scalar""]",null,3,3.072
aten::gt,gt_func_scalar_kernel_rank_1,22,operator_shape_matched,"[[17],[]]","[""int"",""Scalar""]",null,3,3.041
aten::gt,gt_func_scalar_kernel_rank_1,23,operator_shape_matched,"[[31],[]]","[""int"",""Scalar""]",null,3,3.041
aten::gt,gt_func_scalar_kernel_rank_1,24,operator_shape_matched,"[[43],[]]","[""int"",""Scalar""]",null,3,3.041
aten::gt,gt_func_scalar_kernel_rank_1,25,operator_shape_matched,"[[11],[]]","[""int"",""Scalar""]",null,3,3.04
aten::gt,gt_func_scalar_kernel_rank_1,26,operator_shape_matched,"[[29],[]]","[""int"",""Scalar""]",null,3,3.04
aten::gt,gt_func_scalar_kernel_rank_1,27,operator_shape_matched,"[[64],[]]","[""int"",""Scalar""]",null,3,3.04
aten::gt,gt_func_scalar_kernel_rank_1,28,operator_shape_matched,"[[19],[]]","[""int"",""Scalar""]",null,3,3.008
aten::gt,gt_func_scalar_kernel_rank_1,29,operator_shape_matched,"[[37],[]]","[""int"",""Scalar""]",null,3,3.008
aten::gt,gt_func_scalar_kernel_rank_1,30,operator_shape_matched,"[[49],[]]","[""int"",""Scalar""]",null,3,3.008
aten::gt,gt_func_scalar_kernel_rank_1,31,operator_shape_matched,"[[1],[]]","[""int"",""Scalar""]",null,3,3.007
aten::gt,gt_func_scalar_kernel_rank_1,32,operator_shape_matched,"[[53],[]]","[""int"",""Scalar""]",null,3,3.007
aten::gt,gt_func_scalar_kernel_rank_1,33,operator_shape_matched,"[[25],[]]","[""int"",""Scalar""]",null,3,2.976
aten::scatter_,_scatter_jit_function,1,operator_shape_matched,"[[8192],[],[63],[63]]","[""int"",""Scalar"",""long int"",""int""]",null,1,1.568
aten::scatter_,_scatter_jit_function,2,operator_shape_matched,"[[8192],[],[60],[60]]","[""int"",""Scalar"",""long int"",""int""]",null,1,1.536
aten::scatter_,_scatter_jit_function,3,operator_shape_matched,"[[8192],[],[34],[34]]","[""int"",""Scalar"",""long int"",""int""]",null,1,1.472
aten::scatter_,_scatter_jit_function,4,operator_shape_matched,"[[8192],[],[36],[36]]","[""int"",""Scalar"",""long int"",""int""]",null,1,1.472
aten::scatter_,_scatter_jit_function,5,operator_shape_matched,"[[8192],[],[42],[42]]","[""int"",""Scalar"",""long int"",""int""]",null,1,1.472
aten::scatter_,_scatter_jit_function,6,operator_shape_matched,"[[8192],[],[52],[52]]","[""int"",""Scalar"",""long int"",""int""]",null,1,1.472
aten::scatter_,_scatter_jit_function,7,operator_shape_matched,"[[8192],[],[62],[62]]","[""int"",""Scalar"",""long int"",""int""]",null,1,1.472
aten::scatter_,_scatter_jit_function,8,operator_shape_matched,"[[8192],[],[38],[38]]","[""int"",""Scalar"",""long int"",""int""]",null,1,1.44
aten::scatter_,_scatter_jit_function,9,operator_shape_matched,"[[8192],[],[44],[44]]","[""int"",""Scalar"",""long int"",""int""]",null,1,1.44
aten::scatter_,_scatter_jit_function,10,operator_shape_matched,"[[8192],[],[46],[46]]","[""int"",""Scalar"",""long int"",""int""]",null,1,1.44
aten::scatter_,_scatter_jit_function,11,operator_shape_matched,"[[8192],[],[50],[50]]","[""int"",""Scalar"",""long int"",""int""]",null,1,1.44
aten::scatter_,_scatter_jit_function,12,operator_shape_matched,"[[8192],[],[54],[54]]","[""int"",""Scalar"",""long int"",""int""]",null,1,1.44
aten::scatter_,_scatter_jit_function,13,operator_shape_matched,"[[8192],[],[58],[58]]","[""int"",""Scalar"",""long int"",""int""]",null,1,1.44
aten::scatter_,_scatter_jit_function,14,operator_shape_matched,"[[8192],[],[32],[32]]","[""int"",""Scalar"",""long int"",""int""]",null,1,1.248
aten::scatter_,_scatter_jit_function,15,operator_shape_matched,"[[8192],[],[40],[40]]","[""int"",""Scalar"",""long int"",""int""]",null,1,1.248
aten::scatter_,_scatter_jit_function,16,operator_shape_matched,"[[8192],[],[48],[48]]","[""int"",""Scalar"",""long int"",""int""]",null,1,1.248
aten::scatter_,_scatter_jit_function,17,operator_shape_matched,"[[8192],[],[56],[56]]","[""int"",""Scalar"",""long int"",""int""]",null,1,1.248
aten::index,"void at::native::index_elementwise_kernel<128, 4, at::native::gpu_index_kernel<at::native::index_kernel_impl<at::native::OpaqueType<2> >(at::TensorIteratorBase&, c10::ArrayRef<long>, c10::ArrayRef<long>)::{lambda(char*, char const*, long)#1}>(at::TensorIteratorBase&, c10::ArrayRef<long>, c10::ArrayRef<long>, at::native::index_kernel_impl<at::native::OpaqueType<2> >(at::TensorIteratorBase&, c10::ArrayRef<long>, c10::ArrayRef<long>)::{lambda(char*, char const*, long)#1} const&, bool)::{lambda(int)#1}>(long, at::native::gpu_index_kernel<at::native::index_kernel_impl<at::native::OpaqueType<2> >(at::TensorIteratorBase&, c10::ArrayRef<long>, c10::ArrayRef<long>)::{lambda(char*, char const*, long)#1}>(at::TensorIteratorBase&, c10::ArrayRef<long>, c10::ArrayRef<long>, at::native::index_kernel_impl<at::native::OpaqueType<2> >(at::TensorIteratorBase&, c10::ArrayRef<long>, c10::ArrayRef<long>)::{lambda(char*, char const*, long)#1} const&, bool)::{lambda(int)#1})",1,operator_shape_matched,"[[1,2048],[]]","[""c10::BFloat16"",""""]",null,1,3.712
aten::index,"void at::native::index_elementwise_kernel<128, 4, at::native::gpu_index_kernel<at::native::index_kernel_impl<at::native::OpaqueType<2> >(at::TensorIteratorBase&, c10::ArrayRef<long>, c10::ArrayRef<long>)::{lambda(char*, char const*, long)#1}>(at::TensorIteratorBase&, c10::ArrayRef<long>, c10::ArrayRef<long>, at::native::index_kernel_impl<at::native::OpaqueType<2> >(at::TensorIteratorBase&, c10::ArrayRef<long>, c10::ArrayRef<long>)::{lambda(char*, char const*, long)#1} const&, bool)::{lambda(int)#1}>(long, at::native::gpu_index_kernel<at::native::index_kernel_impl<at::native::OpaqueType<2> >(at::TensorIteratorBase&, c10::ArrayRef<long>, c10::ArrayRef<long>)::{lambda(char*, char const*, long)#1}>(at::TensorIteratorBase&, c10::ArrayRef<long>, c10::ArrayRef<long>, at::native::index_kernel_impl<at::native::OpaqueType<2> >(at::TensorIteratorBase&, c10::ArrayRef<long>, c10::ArrayRef<long>)::{lambda(char*, char const*, long)#1} const&, bool)::{lambda(int)#1})",2,operator_shape_matched,"[[4096,2048],[]]","[""c10::BFloat16"",""""]",null,1,3.712
triton_poi_fused___and_____or___add_ge_lt_mul_sub_0,triton_poi_fused___and_____or___add_ge_lt_mul_sub_0,1,operator_shape_matched,"[[1],[1],[],[],[],[],[],[]]","[""int"",""long int"",""Scalar"",""Scalar"",""Scalar"",""Scalar"",""Scalar"",""Scalar""]",null,1,1.183
triton_poi_fused___and_____or___bitwise_not_ge_lt_1,triton_poi_fused___and_____or___bitwise_not_ge_lt_1,1,operator_shape_matched,"[[1],[1],[],[],[],[],[]]","[""int"",""bool"",""Scalar"",""Scalar"",""Scalar"",""Scalar"",""Scalar""]",null,1,1.056
